record_id,source,platform,source_id,url,title,author,text,published_at,rating,language,search_query,collected_at,relevance_label,relevance_reason,retrieval_scenario,remembered_clues,forgotten_or_unknown_clues,search_behavior,search_query_or_words_used,failure_stage,retrieval_barrier,workaround,retrieval_outcome,evidence_quote,evidence_strength
google_play_43a0d86c-0f6c-43c8-934c-e862c866ff9c,google_play,android,43a0d86c-0f6c-43c8-934c-e862c866ff9c,https://play.google.com/store/apps/details?id=com.google.android.apps.photos&reviewId=43a0d86c-0f6c-43c8-934c-e862c866ff9c,,Precious One,Give us an option to block the visibility of local content on the app. I want to see ONLY my backed-up photos and avoid local device folders since I already have the Gallery app for that. I hate that I have to scroll through all these unnecessary photos that aren't backed up(for a reason) before I get to the photos that I'm looking for that aren't showing under the search.,2026-09-21T20:28:56+00:00,1.0,en,search,2026-09-23T18:16:26.538224+00:00,possibly_relevant,"Discusses Google Photos search capabilities, Ask Photos, AI search algorithms, or photo organization, but evidence on vague personal retrieval is partial or high-level.",unknown,,,"keyword_search, external_search",,unknown,,,unknown,I want to see ONLY my backed-up photos and avoid local device folders since I already have the Gallery app for that.,direct
google_play_dc40fa6f-05fe-43fa-8899-2f48bfa5ee59,google_play,android,dc40fa6f-05fe-43fa-8899-2f48bfa5ee59,https://play.google.com/store/apps/details?id=com.google.android.apps.photos&reviewId=dc40fa6f-05fe-43fa-8899-2f48bfa5ee59,,J.J. Wonder,"This app is practically unusable anymore. The search engine doesn't ever freaking work when trying to find a specific photo, Even on Wi-Fi the page loads slow when trying to find a picture(Or doesn't load at all), It still doesn't have an option to where it can just save all of your photos/videos into albums without having to manually create them again. I'm only giving this 2 stars because it's one of the only ways that I know to backup my device photos without having to use a PC.",2025-10-15T23:45:29+00:00,2.0,en,search,2026-09-23T18:16:26.538243+00:00,highly_relevant,"Direct user account detailing attempts to search for, locate, or retrieve specific photos using contextual/semantic clues, or reporting retrieval failure in Google Photos.",other,,,"keyword_search, album_browsing",,understanding_to_retrieval,Search fails to locate photo matching user's remembered context,,unknown,"The search engine doesn't ever freaking work when trying to find a specific photo, Even on Wi-Fi the page loads slow when trying to find a picture(Or doesn't load at all), It",direct
google_play_e48f580e-9687-4819-ada1-9814a4131e2b,google_play,android,e48f580e-9687-4819-ada1-9814a4131e2b,https://play.google.com/store/apps/details?id=com.google.android.apps.photos&reviewId=e48f580e-9687-4819-ada1-9814a4131e2b,,Justin Wren,"Service has steadily declined for years now. Lots of features just completely don't work, for example saving a new frame from a motion photo. They removed the ability to search your photos if they aren't backed up. The cherry on top is recently they added an effect to your memories so that a large number comes in and shows you how many years it's been, unfortunately this new effect has ruined to quality of every single photo it shows. I really don't know how some of this leaves beta.",2026-02-17T22:18:40+00:00,2.0,en,search,2026-09-23T18:16:26.538252+00:00,possibly_relevant,"Discusses Google Photos search capabilities, Ask Photos, AI search algorithms, or photo organization, but evidence on vague personal retrieval is partial or high-level.",unknown,,,keyword_search,,unknown,,,unknown,"Lots of features just completely don't work, for example saving a new frame from a motion photo.",direct
google_play_fb853800-f7d4-4c6c-aa94-30548f6bfa21,google_play,android,fb853800-f7d4-4c6c-aa94-30548f6bfa21,https://play.google.com/store/apps/details?id=com.google.android.apps.photos&reviewId=fb853800-f7d4-4c6c-aa94-30548f6bfa21,,Matt Handler,"this app used to be perfect, but the quality has gone downhill. the new ai search rarely finds the photos i want in comparison to the old search where i'd find my photos every time. there's also a recent bug where adding photos to an album sometimes creates duplicates, and they are really hard to get rid of. it seems to be related to a delay when pressing the button to add a collection of photos, sometimes this hangs for like 10 seconds and i think if i press it twice i get duplicates.",2025-09-17T17:37:09+00:00,2.0,en,search,2026-09-23T18:16:26.538260+00:00,highly_relevant,"Direct user account detailing attempts to search for, locate, or retrieve specific photos using contextual/semantic clues, or reporting retrieval failure in Google Photos.",other,,,"keyword_search, album_browsing",,understanding_to_retrieval,Search fails to locate photo matching user's remembered context,,unknown,the new ai search rarely finds the photos i want in comparison to the old search where i'd find my photos every time.,direct
google_play_d6276e7a-5d2b-4533-ac69-4242148d9e22,google_play,android,d6276e7a-5d2b-4533-ac69-4242148d9e22,https://play.google.com/store/apps/details?id=com.google.android.apps.photos&reviewId=d6276e7a-5d2b-4533-ac69-4242148d9e22,,Jenn Goble,"Photos used to be the perfect photos app. it had the best search funding of any app. I used to race iphone users to see how far we could find the same photo and I always won. Now this near perfect search function has been replaced by AI, which not only doesn't return the photos I'm looking for, it actually acts as a stumbling block to me finding them. It's slow and inefficient. Another perfectly good tool ruined in the name of trying to convince us that AI is inevitable.",2026-09-03T04:25:39+00:00,1.0,en,search,2026-09-23T18:16:26.538269+00:00,possibly_relevant,"Discusses Google Photos search capabilities, Ask Photos, AI search algorithms, or photo organization, but evidence on vague personal retrieval is partial or high-level.",unknown,,,keyword_search,,unknown,,,unknown,Photos used to be the perfect photos app.,direct
google_play_be430887-186c-448a-9e15-c01d77128978,google_play,android,be430887-186c-448a-9e15-c01d77128978,https://play.google.com/store/apps/details?id=com.google.android.apps.photos&reviewId=be430887-186c-448a-9e15-c01d77128978,,Caroline Russell,"Not intuitive for digital art, which most of my pictures are. The Memories and Face Recognition and such only pay attention to the (very few) actual photos and thus are not helpful. AI tools are trash. If this app wasn't conveniently synced to my Google account I would uninstall and find something else. Also, make the ""folders"" button easier to get to, and then STOP MOVING IT AROUND! And stop rearranging the order of the *comic panels* in my *album*.",2026-09-16T00:52:25+00:00,2.0,en,face recognition,2026-09-23T18:16:26.538277+00:00,possibly_relevant,"Discusses Google Photos search capabilities, Ask Photos, AI search algorithms, or photo organization, but evidence on vague personal retrieval is partial or high-level.",unknown,person,,album_browsing,,unknown,Face recognition clustering errors or misidentification,,unknown,"Not intuitive for digital art, which most of my pictures are.",direct
google_play_180baa76-e72d-41c1-b403-a02aecfaeb35,google_play,android,180baa76-e72d-41c1-b403-a02aecfaeb35,https://play.google.com/store/apps/details?id=com.google.android.apps.photos&reviewId=180baa76-e72d-41c1-b403-a02aecfaeb35,,Kari Robinson,"I am paying for Google photo storage for 3TB.... yet there is no customer support to help you when the features don't work. I finally got all my photos uploaded and the face recognition stopped working. it does not see that there is even a face....and when it does, it is not automatically tagging a person. I have face groups turned on, I have cleared the cache, and sent feedback multiple times with requests to email me to troubleshoot.... but I get no help.",2026-08-30T20:13:07+00:00,1.0,en,face recognition,2026-09-23T18:16:26.538292+00:00,possibly_relevant,"Discusses Google Photos search capabilities, Ask Photos, AI search algorithms, or photo organization, but evidence on vague personal retrieval is partial or high-level.",unknown,person,,unknown,,unknown,Face recognition clustering errors or misidentification,,unknown,I am paying for Google photo storage for 3TB....,direct
google_play_24478ad8-ae32-4f50-8f3f-d98b5f706357,google_play,android,24478ad8-ae32-4f50-8f3f-d98b5f706357,https://play.google.com/store/apps/details?id=com.google.android.apps.photos&reviewId=24478ad8-ae32-4f50-8f3f-d98b5f706357,,Ryan Williams,"Photos is forcing AI generated ""creations"" that use your photos. If you want to use the image search and ask questions about pictures, you have to have this enabled. There is no way to disable it. I have turned everything off except the AI itself so I can still image search, but it is analyzing my photos without me telling it to. And it's generating extremely ugly AI images and pinning them at the top of my gallery in giant tiles that can't be hidden... Yet another awful addition in a long line.",2026-07-08T17:02:15+00:00,1.0,en,search,2026-09-23T18:16:26.538300+00:00,possibly_relevant,"Discusses Google Photos search capabilities, Ask Photos, AI search algorithms, or photo organization, but evidence on vague personal retrieval is partial or high-level.",unknown,,,keyword_search,,unknown,,,unknown,"Photos is forcing AI generated ""creations"" that use your photos.",direct
google_play_2865fbd1-e82d-4490-a7d9-5f4df1482d6d,google_play,android,2865fbd1-e82d-4490-a7d9-5f4df1482d6d,https://play.google.com/store/apps/details?id=com.google.android.apps.photos&reviewId=2865fbd1-e82d-4490-a7d9-5f4df1482d6d,,J Thomas,"Search doesn't work like it used to, so it kind of makes this app worthless to me! With nearly 60k photos I can no longer search for SOME family and friends names in label descriptions I've make over many years, very frustrating. I've contaced google and they cannot find a resolution! Oh, and also something new, the app actually erases what I type on the description! I have to remember to copy text so I can cut and paste, or I have to retype everything!",2026-08-09T05:18:51+00:00,1.0,en,search,2026-09-23T18:16:26.538308+00:00,possibly_relevant,"Discusses Google Photos search capabilities, Ask Photos, AI search algorithms, or photo organization, but evidence on vague personal retrieval is partial or high-level.",person_family,person,,keyword_search,,unknown,,,unknown,"Search doesn't work like it used to, so it kind of makes this app worthless to me!",direct
google_play_bbdfc7a1-63cb-4553-9b5d-f3c5be6663ba,google_play,android,bbdfc7a1-63cb-4553-9b5d-f3c5be6663ba,https://play.google.com/store/apps/details?id=com.google.android.apps.photos&reviewId=bbdfc7a1-63cb-4553-9b5d-f3c5be6663ba,,Seagull,"AI search is slower, less accurate, and more presumptuous than the version we had before. When AI search first came out, we even had a choice between the two, no longer. It's forced AI that interests the companies' surveillance more than the customers' choice, and I'll be switching to another storage provider as soon as possible. For work, I'd look up ""maps"" to pull up maps of locations I service, but the AI assumes I want Google Maps or ""map view"" and takes over my phone's control to switch.",2026-04-29T03:47:29+00:00,1.0,en,search,2026-09-23T18:16:26.538323+00:00,possibly_relevant,"Discusses Google Photos search capabilities, Ask Photos, AI search algorithms, or photo organization, but evidence on vague personal retrieval is partial or high-level.",unknown,,,"keyword_search, location_search",,unknown,,,unknown,"AI search is slower, less accurate, and more presumptuous than the version we had before.",direct
google_play_f38f4a2f-7eb0-453b-a273-47075e4d5460,google_play,android,f38f4a2f-7eb0-453b-a273-47075e4d5460,https://play.google.com/store/apps/details?id=com.google.android.apps.photos&reviewId=f38f4a2f-7eb0-453b-a273-47075e4d5460,,Chris Hatfield-Lee,"Their is a lot to like about the photo app. the editing tools are great and very easy to use. The new AI edits are quite impressive. However, facial recognition! This used to work well but has become a complete mess recently to the point it's useless to even try and search by name. Random people in backgrounds are being assigned key family members. It ignores 50% of the people clearly in the foreground. And there is no way to manually assign people to help fix errors, Apart from remove photo.",2025-06-14T07:53:18+00:00,2.0,en,search,2026-09-23T18:16:26.538330+00:00,highly_relevant,"Direct user account detailing attempts to search for, locate, or retrieve specific photos using contextual/semantic clues, or reporting retrieval failure in Google Photos.",person_family,person,,"keyword_search, person_search",,understanding_to_retrieval,Face recognition clustering errors or misidentification,,unknown,This used to work well but has become a complete mess recently to the point it's useless to even try and search by name.,direct
google_play_62db9478-859f-4268-ba13-7f56ac143998,google_play,android,62db9478-859f-4268-ba13-7f56ac143998,https://play.google.com/store/apps/details?id=com.google.android.apps.photos&reviewId=62db9478-859f-4268-ba13-7f56ac143998,,Jordan Wolf,"I've been thinking about writing a review since the change in the way I can edit my own photos, but I thought it'd be fine. It's not. This sucks. Google lens is no longer in the suggested actions at the bottom, instead you have to tap on the three dots in the upper right corner, which is just unnecessary and annoying. The editor is actually trash now, like I'd rather download an extra app to edit/crop my pics and everytime I want to look through my albums it opens the search function.",2025-10-09T05:47:32+00:00,1.0,en,search,2026-09-23T18:16:26.538338+00:00,possibly_relevant,"Discusses Google Photos search capabilities, Ask Photos, AI search algorithms, or photo organization, but evidence on vague personal retrieval is partial or high-level.",unknown,,,"keyword_search, album_browsing, Google_Lens",,unknown,,,unknown,"I've been thinking about writing a review since the change in the way I can edit my own photos, but I thought it'd be fine.",direct
google_play_26476128-9573-4e06-a9bd-a4382bb4fe1a,google_play,android,26476128-9573-4e06-a9bd-a4382bb4fe1a,https://play.google.com/store/apps/details?id=com.google.android.apps.photos&reviewId=26476128-9573-4e06-a9bd-a4382bb4fe1a,,David,"They added search to the Add To Album popup! Someone *is* reading all those feedbacks I send!!! Easy backup of photos and videos. Nice interface for browsing photos and videos. Sometimes fails or errors out, but not too bad. Video creator is mostly automatic but I like the amount of tweaking it provides (adjusting music, filter, and titles).",2025-06-09T11:34:07+00:00,5.0,en,search,2026-09-23T18:16:26.538345+00:00,possibly_relevant,"Discusses Google Photos search capabilities, Ask Photos, AI search algorithms, or photo organization, but evidence on vague personal retrieval is partial or high-level.",unknown,,,"keyword_search, album_browsing",,unknown,,,unknown,They added search to the Add To Album popup!,direct
google_play_bd1afa26-2281-4093-a462-b9b6f1f4f0b5,google_play,android,bd1afa26-2281-4093-a462-b9b6f1f4f0b5,https://play.google.com/store/apps/details?id=com.google.android.apps.photos&reviewId=bd1afa26-2281-4093-a462-b9b6f1f4f0b5,,Sabrina Absher,"Loved Google Photos. Always demonstrating to people how easy it was to find a photo i.e. 'Dog in a hat'. Now the search has changed to AI and it's terrible. Even changing to classic, the same search will show your photo briefly, then change to 'Nothing found' or a huge list of random garbage. I cannot search anything. So sad. I have thousands of photos in storage. Google was my end all, be all.",2025-02-23T06:57:01+00:00,2.0,en,search,2026-09-23T18:16:26.538352+00:00,possibly_relevant,"Discusses Google Photos search capabilities, Ask Photos, AI search algorithms, or photo organization, but evidence on vague personal retrieval is partial or high-level.",pet,"person, object, emotion_context",,keyword_search,,unknown,,,unknown,Loved Google Photos.,direct
google_play_e5c9be75-7682-47dc-9e0e-a1909edc5dff,google_play,android,e5c9be75-7682-47dc-9e0e-a1909edc5dff,https://play.google.com/store/apps/details?id=com.google.android.apps.photos&reviewId=e5c9be75-7682-47dc-9e0e-a1909edc5dff,,Robert N Chase,"Change is sometimes difficult. Finding specific photos varies between easy and challenging, depending on both Google's and your interpretation of search words. The latest changes have made it more difficult to find photos by people's names.. Those albums have disappeared from easy view; you have to figure out how to find them.",2024-09-30T20:00:55+00:00,3.0,en,search,2026-09-23T18:16:26.538360+00:00,possibly_relevant,"Discusses Google Photos search capabilities, Ask Photos, AI search algorithms, or photo organization, but evidence on vague personal retrieval is partial or high-level.",unknown,person,,"keyword_search, album_browsing",,unknown,,,unknown,"Finding specific photos varies between easy and challenging, depending on both Google's and your interpretation of search words.",indirect
google_play_24e628d4-e435-4971-afd3-ff777feb031b,google_play,android,24e628d4-e435-4971-afd3-ff777feb031b,https://play.google.com/store/apps/details?id=com.google.android.apps.photos&reviewId=24e628d4-e435-4971-afd3-ff777feb031b,,Nayanthara moly Saji,"Google Photos is one of the best apps for storing and organizing photos. It automatically backs up your images, offers powerful search features, and groups faces and places accurately. The editing tools are simple yet effective. The cloud storage helps free up space on your phone. Some features now require a subscription, but overall it’s a reliable and smart photo management app.",2025-07-24T04:53:24+00:00,5.0,en,search,2026-09-23T18:16:26.538367+00:00,possibly_relevant,"Discusses Google Photos search capabilities, Ask Photos, AI search algorithms, or photo organization, but evidence on vague personal retrieval is partial or high-level.",unknown,person,,keyword_search,,unknown,,,unknown,Google Photos is one of the best apps for storing and organizing photos.,indirect
google_play_544c13cb-c662-4b03-a148-6c0dafaf20f5,google_play,android,544c13cb-c662-4b03-a148-6c0dafaf20f5,https://play.google.com/store/apps/details?id=com.google.android.apps.photos&reviewId=544c13cb-c662-4b03-a148-6c0dafaf20f5,,Mike Williams,Poor usability. Can't select a bunch of photos to move them to an album AND archive at same time. (Photos have to be reselected for subsequent actions.) App insists on labelling my dog as one that died 15 years ago despite them being different colours. Basic editing options such as cropping and straightening are not as quick to access as they should be. Search terms and results are biased towards North American norms.,2025-07-12T19:20:34+00:00,2.0,en,search,2026-09-23T18:16:26.538375+00:00,possibly_relevant,"Discusses Google Photos search capabilities, Ask Photos, AI search algorithms, or photo organization, but evidence on vague personal retrieval is partial or high-level.",pet,approximate_time,,"keyword_search, album_browsing",,unknown,,,unknown,Can't select a bunch of photos to move them to an album AND archive at same time.,direct
google_play_2d623efd-0948-4012-9181-9ed640859eb9,google_play,android,2d623efd-0948-4012-9181-9ed640859eb9,https://play.google.com/store/apps/details?id=com.google.android.apps.photos&reviewId=2d623efd-0948-4012-9181-9ed640859eb9,,David S.,"Within the past couple weeks, I'm unable to use search - all searches return no results. App no longer grabs search terms from the 'commenting' area where I label important photos or screenshots from the past. I've tried force stop, reboot, update, clear cache - no change. Concerned that clear data or uninstalling will cause photo losses. Can anyone please give me my next SAFE steps to resolve this? Thank you.",2024-09-05T03:20:55+00:00,2.0,en,search,2026-09-23T18:16:26.538382+00:00,possibly_relevant,"Discusses Google Photos search capabilities, Ask Photos, AI search algorithms, or photo organization, but evidence on vague personal retrieval is partial or high-level.",screenshot,,,keyword_search,,understanding_to_retrieval,Search returns zero results for descriptive queries,,unknown,"Within the past couple weeks, I'm unable to use search - all searches return no results.",direct
google_play_a063c498-e373-40ef-8576-598daab29f0d,google_play,android,a063c498-e373-40ef-8576-598daab29f0d,https://play.google.com/store/apps/details?id=com.google.android.apps.photos&reviewId=a063c498-e373-40ef-8576-598daab29f0d,,Samantha Sheehy,"Another Google app that's becoming more and more infuriatingly unusable by the day. I love the Gemini app itself and I pay an additional fee for it, but when integrated into other Google Apps such as photos it just plain sucks. 😢 in particular search functions now terrible I can't find any photos of looking for and most of the time the deletion and creation of new photos are impossible to sync up between my iPad and my Google pixel phone. integrating Gemini into so many apps so fast seems to",2026-09-13T12:15:45+00:00,3.0,en,search,2026-09-23T18:16:26.538405+00:00,possibly_relevant,"Discusses Google Photos search capabilities, Ask Photos, AI search algorithms, or photo organization, but evidence on vague personal retrieval is partial or high-level.",unknown,,,"keyword_search, Ask_Google_Photos, natural_language_search",,unknown,,,unknown,😢 in particular search functions now terrible I can't find any photos of looking for and most of the time the deletion and creation of new photos are impossible to sync up between,direct
google_play_5392a1d0-afec-4227-8f73-b480d964c2c8,google_play,android,5392a1d0-afec-4227-8f73-b480d964c2c8,https://play.google.com/store/apps/details?id=com.google.android.apps.photos&reviewId=5392a1d0-afec-4227-8f73-b480d964c2c8,,John Joseph,"I'm a long time, heavy user of Google Photos & an Alphabet stockholder. Until yesterday Photos took <1 second to delete photos. Last night I downloaded the latest update. Now it takes 20 seconds per photo. Will Google ever learn to not screw up something that is working perfectly well, i.e. your Search! IF IT AIN'T BROKEN, DON'T ""FIX"" IT. What is wrong with y'all??",2026-09-17T23:20:14+00:00,1.0,en,search,2026-09-23T18:16:26.538412+00:00,possibly_relevant,"Discusses Google Photos search capabilities, Ask Photos, AI search algorithms, or photo organization, but evidence on vague personal retrieval is partial or high-level.",unknown,,,keyword_search,,unknown,,,unknown,"I'm a long time, heavy user of Google Photos & an Alphabet stockholder.",direct
google_play_407fb276-32b4-48f6-b825-fdf4f57c9a27,google_play,android,407fb276-32b4-48f6-b825-fdf4f57c9a27,https://play.google.com/store/apps/details?id=com.google.android.apps.photos&reviewId=407fb276-32b4-48f6-b825-fdf4f57c9a27,,Rajesh Sewani,"Excellent Photo Management App! Google Photos is one of the most useful apps for safely storing, organizing, and accessing photos and videos. The automatic backup, powerful search, easy sharing, and smart organization features make it extremely convenient. I especially like how easily I can find old photos and memories by date, location, or people. Simple, reliable, and very user-friendly. Highly recommended! 👍📸",2026-08-12T07:36:21+00:00,5.0,en,search,2026-09-23T18:16:26.538420+00:00,possibly_relevant,"Discusses Google Photos search capabilities, Ask Photos, AI search algorithms, or photo organization, but evidence on vague personal retrieval is partial or high-level.",unknown,"person, place",,keyword_search,,unknown,,,unknown,"I especially like how easily I can find old photos and memories by date, location, or people.",direct
google_play_3c905b64-706d-4481-b3cc-306f0416cff1,google_play,android,3c905b64-706d-4481-b3cc-306f0416cff1,https://play.google.com/store/apps/details?id=com.google.android.apps.photos&reviewId=3c905b64-706d-4481-b3cc-306f0416cff1,,Marina Kitain,"Something annoying happened in the recent version! I usually edit pictures and send them to friends. Now, after I edit them, although I see them in the gallery, when I try to choose from FB or Whatsapp - I can't find the edited ones at all! I tried to search in different folders - nothing... Update after the developer's replay: I waited enough time, the photos didn't appear in my gallery till now (after a week!) And even more - I see them in the gallery on my old Pixel 3",2026-09-11T17:40:06+00:00,1.0,en,search,2026-09-23T18:16:26.538427+00:00,possibly_relevant,"Discusses Google Photos search capabilities, Ask Photos, AI search algorithms, or photo organization, but evidence on vague personal retrieval is partial or high-level.",person_family,person,,keyword_search,,unknown,,,unknown,"Now, after I edit them, although I see them in the gallery, when I try to choose from FB or Whatsapp - I can't find the edited ones at all!",direct
google_play_9a1e075b-c040-4df6-b187-5b66f3a4fcd9,google_play,android,9a1e075b-c040-4df6-b187-5b66f3a4fcd9,https://play.google.com/store/apps/details?id=com.google.android.apps.photos&reviewId=9a1e075b-c040-4df6-b187-5b66f3a4fcd9,,Sohail Ahmad,"Google Photos is an excellent app for storing, organizing, and backing up photos and videos. The search and automatic organization features are very useful, and it makes finding old memories easy. Overall, a simple, reliable, and user-friendly photo storage app. Highly recommended! 📸✨",2026-08-27T11:44:15+00:00,5.0,en,search,2026-09-23T18:16:26.538435+00:00,possibly_relevant,"Discusses Google Photos search capabilities, Ask Photos, AI search algorithms, or photo organization, but evidence on vague personal retrieval is partial or high-level.",unknown,,,keyword_search,,unknown,,,unknown,"Google Photos is an excellent app for storing, organizing, and backing up photos and videos.",indirect
google_play_069518e9-1250-41a0-bc6b-5a550e521b4a,google_play,android,069518e9-1250-41a0-bc6b-5a550e521b4a,https://play.google.com/store/apps/details?id=com.google.android.apps.photos&reviewId=069518e9-1250-41a0-bc6b-5a550e521b4a,,Lisa Ha,"Ongoing issue for some time now. It fails to recognise pets in a lot of photos. If I type in search bar ""dogs"", those pet photos appear, however if I just go through People and Pets, photos do not appear despite turning on the pets function. It recognises some but not others... edit: face groups was turned on and still not working..",2026-08-31T21:10:34+00:00,2.0,en,search,2026-09-23T18:16:26.538457+00:00,possibly_relevant,"Discusses Google Photos search capabilities, Ask Photos, AI search algorithms, or photo organization, but evidence on vague personal retrieval is partial or high-level.",pet,person,,keyword_search,,unknown,,,unknown,"If I type in search bar ""dogs"", those pet photos appear, however if I just go through People and Pets, photos do not appear despite turning on the pets function.",direct
google_play_e3bc1db6-4d55-4bf6-8763-f480c7e16c7a,google_play,android,e3bc1db6-4d55-4bf6-8763-f480c7e16c7a,https://play.google.com/store/apps/details?id=com.google.android.apps.photos&reviewId=e3bc1db6-4d55-4bf6-8763-f480c7e16c7a,,"Solon, Keith Eleazar","the app is actually good. you can do a lot of things to edit photos or videos, the search bar and the app automatically selects photos of different people and store in one place. my problem is the need for data/wifi connection to access/view the photos and videos, also the very small storage is very annoying to deal with I cant upload my stuff and most of my files can't be deleted. pls it add at least 5 more GB of free storage but overall the app is great",2026-09-02T22:52:45+00:00,4.0,en,search,2026-09-23T18:16:26.538464+00:00,possibly_relevant,"Discusses Google Photos search capabilities, Ask Photos, AI search algorithms, or photo organization, but evidence on vague personal retrieval is partial or high-level.",unknown,person,,keyword_search,,unknown,,,unknown,"you can do a lot of things to edit photos or videos, the search bar and the app automatically selects photos of different people and store in one place.",direct
google_play_2c69117c-ccdc-4ca1-8c00-1ebd2162e145,google_play,android,2c69117c-ccdc-4ca1-8c00-1ebd2162e145,https://play.google.com/store/apps/details?id=com.google.android.apps.photos&reviewId=2c69117c-ccdc-4ca1-8c00-1ebd2162e145,,Alan Jackson,"When the Screenshots folder is opened it displays ‘photos missing from search Turn on backup’ message. All taken screenshots now appear in the Camera folder instead. I don’t use ‘backup’ & don’t want to, I use other methods that do not utilize search. This is frustrating and annoying.",2026-08-25T01:19:58+00:00,4.0,en,search,2026-09-23T18:16:26.538471+00:00,possibly_relevant,"Discusses Google Photos search capabilities, Ask Photos, AI search algorithms, or photo organization, but evidence on vague personal retrieval is partial or high-level.",screenshot,,,keyword_search,,unknown,Search index failure / missing media,,unknown,When the Screenshots folder is opened it displays ‘photos missing from search Turn on backup’ message.,direct
google_play_4c948ab7-3878-480e-b54f-660896aa0345,google_play,android,4c948ab7-3878-480e-b54f-660896aa0345,https://play.google.com/store/apps/details?id=com.google.android.apps.photos&reviewId=4c948ab7-3878-480e-b54f-660896aa0345,,Amber J,"Specifically purchased the type of phone I have for this photos app. For years I have been thrilled. However, with AI (just like Gmail app now) I'm exhausted, frustrated, and disappointed. SO much time I wasted finding a simple photo (or not). I despise AI integrations in the apps. It used to be that I could bypass it. I appreciated that. CANNOT any longer. What good is the app (and especially AI) if I can't find photos I know exist (and used to be able to find) using basic search terms.",2026-08-01T19:18:44+00:00,2.0,en,search,2026-09-23T18:16:26.538478+00:00,highly_relevant,"Direct user account detailing attempts to search for, locate, or retrieve specific photos using contextual/semantic clues, or reporting retrieval failure in Google Photos.",other,,,keyword_search,,understanding_to_retrieval,Search fails to locate photo matching user's remembered context,,unknown,What good is the app (and especially AI) if I can't find photos I know exist (and used to be able to find) using basic search terms.,direct
google_play_e01d05dc-be47-4429-822a-559d72517fb1,google_play,android,e01d05dc-be47-4429-822a-559d72517fb1,https://play.google.com/store/apps/details?id=com.google.android.apps.photos&reviewId=e01d05dc-be47-4429-822a-559d72517fb1,,b.,"You can no longer search your photos without turning on Backup. Time for a new App, goodbye Photos. Update: Google Dark Patterns and Prevent Uninstallation. Actually Photos pretends you can uninstall it, but it just hides, uploading all your data to the cloud against your will. I smell a class action lawsuit brewing..",2026-09-15T10:32:06+00:00,1.0,en,search,2026-09-23T18:16:26.538486+00:00,possibly_relevant,"Discusses Google Photos search capabilities, Ask Photos, AI search algorithms, or photo organization, but evidence on vague personal retrieval is partial or high-level.",unknown,visual_appearance,,keyword_search,,unknown,,,unknown,You can no longer search your photos without turning on Backup.,direct
google_play_6f455c4a-9f1d-4bbe-8b9a-c9ff846ea0ab,google_play,android,6f455c4a-9f1d-4bbe-8b9a-c9ff846ea0ab,https://play.google.com/store/apps/details?id=com.google.android.apps.photos&reviewId=6f455c4a-9f1d-4bbe-8b9a-c9ff846ea0ab,,Abhishek Kumar Singh,"Google Photos is an excellent app for storing, organizing, and managing photos and videos. The automatic backup, powerful search, easy sharing, editing tools, and smart organization features make it extremely convenient. I especially like how easy it is to find old memories and access them across devices. Overall, a must-have app for managing photos and videos.",2026-08-09T16:05:23+00:00,5.0,en,search,2026-09-23T18:16:26.538500+00:00,possibly_relevant,"Discusses Google Photos search capabilities, Ask Photos, AI search algorithms, or photo organization, but evidence on vague personal retrieval is partial or high-level.",unknown,,,keyword_search,,unknown,,,unknown,I especially like how easy it is to find old memories and access them across devices.,direct
google_play_1f68ab12-a59a-4dc6-a247-5153e5ca9ad3,google_play,android,1f68ab12-a59a-4dc6-a247-5153e5ca9ad3,https://play.google.com/store/apps/details?id=com.google.android.apps.photos&reviewId=1f68ab12-a59a-4dc6-a247-5153e5ca9ad3,,Carson Tatum (Sincoura),"They removed the ability to see photo information. it used to be if you clicked the ""about"" button it would tell you the format of the photo for example. now it's been replaced with an AI slop search bar. I don't need AI to look at my damn photo I need to know if it's a JPEG or PNG. Just another thing in the long list of AI slop features that no one asked for to make your user experience ""better"" you're welcome!",2026-06-25T02:37:59+00:00,1.0,en,search,2026-09-23T18:16:26.538508+00:00,possibly_relevant,"Discusses Google Photos search capabilities, Ask Photos, AI search algorithms, or photo organization, but evidence on vague personal retrieval is partial or high-level.",unknown,,,keyword_search,,unknown,,,unknown,now it's been replaced with an AI slop search bar.,direct
google_play_bd953071-c12e-49d1-9d15-53bd2978a137,google_play,android,bd953071-c12e-49d1-9d15-53bd2978a137,https://play.google.com/store/apps/details?id=com.google.android.apps.photos&reviewId=bd953071-c12e-49d1-9d15-53bd2978a137,,Sophie Su,Great editing features. It would be improved hugely if the facial organisation allowed efficient manual rearrangement. Removing faces takes a really long time as well as not being able to delete categories which the app has made which may consist of completely random photos. You also cannot manually add photos to a face which is annoying. The worst feature however is the search function constantly never working and showing blanks for even the suggested search.,2026-09-06T06:29:20+00:00,3.0,en,search,2026-09-23T18:16:26.538515+00:00,possibly_relevant,"Discusses Google Photos search capabilities, Ask Photos, AI search algorithms, or photo organization, but evidence on vague personal retrieval is partial or high-level.",unknown,person,,keyword_search,,unknown,,,unknown,Removing faces takes a really long time as well as not being able to delete categories which the app has made which may consist of completely random photos.,indirect
google_play_56b98d58-f989-4991-bfeb-3e25738a4b89,google_play,android,56b98d58-f989-4991-bfeb-3e25738a4b89,https://play.google.com/store/apps/details?id=com.google.android.apps.photos&reviewId=56b98d58-f989-4991-bfeb-3e25738a4b89,,Leslie Sayre,"Hate the update, no longer able to search without using Gemini, which I also hate. Have disabled Gemini, because I couldn't search anything, without it popping up several times, even though I had already said no, and closed it. *Editing to add, since there's no way to reply to your reply. Ask photos also requires Gemini, so that doesn't help at all. Thanks for nothing 👍🏻",2026-09-11T20:47:43+00:00,1.0,en,search,2026-09-23T18:16:26.538523+00:00,possibly_relevant,"Discusses Google Photos search capabilities, Ask Photos, AI search algorithms, or photo organization, but evidence on vague personal retrieval is partial or high-level.",unknown,,,"keyword_search, Ask_Google_Photos, natural_language_search",,unknown,,,unknown,"Ask photos also requires Gemini, so that doesn't help at all.",direct
google_play_f58f0d55-7b9c-426c-9f9d-2078530c61c0,google_play,android,f58f0d55-7b9c-426c-9f9d-2078530c61c0,https://play.google.com/store/apps/details?id=com.google.android.apps.photos&reviewId=f58f0d55-7b9c-426c-9f9d-2078530c61c0,,Hydonyx Design,organization difficulty. it's great having folders but I wish they'd disappear from the main folder or something once organized into one otherwise they can get sorted into multiple folders and it's a mess. also the search for any of my Pic is difficult when I'm trying to find a specific one but any of the key words don't make it pop up so I end up just having to scroll. it seems like a problem other users are having as I see very similar reviews. the app updates often but ive had this same issue,2026-08-10T08:55:23+00:00,2.0,en,search,2026-09-23T18:16:26.538530+00:00,possibly_relevant,"Discusses Google Photos search capabilities, Ask Photos, AI search algorithms, or photo organization, but evidence on vague personal retrieval is partial or high-level.",unknown,,,keyword_search,,unknown,,,unknown,also the search for any of my Pic is difficult when I'm trying to find a specific one but any of the key words don't make it pop up so I end up just having to scroll.,direct
google_play_9c5b323d-c364-4ee6-89e2-1f981e97761e,google_play,android,9c5b323d-c364-4ee6-89e2-1f981e97761e,https://play.google.com/store/apps/details?id=com.google.android.apps.photos&reviewId=9c5b323d-c364-4ee6-89e2-1f981e97761e,,Anthony Millar,"Completely messed up the search function. It used to be really simple to search, now there's about 3 more unnecessary steps added for no upside as far as I can see. Please reinstate the old UI.",2026-09-08T20:17:52+00:00,1.0,en,search,2026-09-23T18:16:26.538538+00:00,possibly_relevant,"Discusses Google Photos search capabilities, Ask Photos, AI search algorithms, or photo organization, but evidence on vague personal retrieval is partial or high-level.",unknown,,,keyword_search,,unknown,,,unknown,Completely messed up the search function.,direct
google_play_31ab9f12-ffb4-4711-ad73-cc3f4af13a3b,google_play,android,31ab9f12-ffb4-4711-ad73-cc3f4af13a3b,https://play.google.com/store/apps/details?id=com.google.android.apps.photos&reviewId=31ab9f12-ffb4-4711-ad73-cc3f4af13a3b,,Yoh,"Search used to be effortless, but the latest updates ruined it. It can't locate anything anymore even obvious photos that I know are right there in my library. Frustrating to see a core feature stop working properly. peak enshittification",2026-09-09T23:27:19+00:00,1.0,en,search,2026-09-23T18:16:26.538545+00:00,possibly_relevant,"Discusses Google Photos search capabilities, Ask Photos, AI search algorithms, or photo organization, but evidence on vague personal retrieval is partial or high-level.",unknown,,,keyword_search,,unknown,,,unknown,"Search used to be effortless, but the latest updates ruined it.",direct
google_play_b6113344-54ee-4c99-ab5e-94d0d4b6cd3e,google_play,android,b6113344-54ee-4c99-ab5e-94d0d4b6cd3e,https://play.google.com/store/apps/details?id=com.google.android.apps.photos&reviewId=b6113344-54ee-4c99-ab5e-94d0d4b6cd3e,,steven batty,"Since my last review the app has improved dramatically. However, there is still one niggle. The taskbar could do with being able to modify to suit. I would rather organise that to Collections, Photos, Search, Create as this is the most used order.",2026-09-02T13:32:52+00:00,4.0,en,search,2026-09-23T18:16:26.538553+00:00,possibly_relevant,"Discusses Google Photos search capabilities, Ask Photos, AI search algorithms, or photo organization, but evidence on vague personal retrieval is partial or high-level.",unknown,,,keyword_search,,unknown,,,unknown,"I would rather organise that to Collections, Photos, Search, Create as this is the most used order.",direct
google_play_3453c13d-fa12-4c32-a72f-3260c7e00652,google_play,android,3453c13d-fa12-4c32-a72f-3260c7e00652,https://play.google.com/store/apps/details?id=com.google.android.apps.photos&reviewId=3453c13d-fa12-4c32-a72f-3260c7e00652,,Sophie Sweatman,Far too many changes behind the scenes. A while back my pictures were backed up from my phone and then available in Google Photos on my phone and laptop as well as Photoscan by Google. Now it is unclear what has been kept or lost. The tools keep changing around behind the scenes and we never get new signposts. The new search cannot be jigged. it shows people who are distinctly not me as photos of me are labelled me. It can't be told. Then keyword searched is replaced by chatty scatter-gun AI,2026-07-30T17:30:17+00:00,2.0,en,search,2026-09-23T18:16:26.538567+00:00,possibly_relevant,"Discusses Google Photos search capabilities, Ask Photos, AI search algorithms, or photo organization, but evidence on vague personal retrieval is partial or high-level.",unknown,person,,keyword_search,,unknown,,,unknown,A while back my pictures were backed up from my phone and then available in Google Photos on my phone and laptop as well as Photoscan by Google.,direct
google_play_3cf69a3a-74bf-4adc-83f3-d3e10121799b,google_play,android,3cf69a3a-74bf-4adc-83f3-d3e10121799b,https://play.google.com/store/apps/details?id=com.google.android.apps.photos&reviewId=3cf69a3a-74bf-4adc-83f3-d3e10121799b,,Dan Howes,"very poor design with very limited control of your own files. Auto sorting if heavily flawed, sending videos and photo to random locations and searching for individual files by name does not work properly because it does read file names it ONLY READ THE CONTENT IN THE FILES. Its a repurposed internet search engine that is not able to handle mass data storage! Like being given a bicycle to enter a formula 1 race! ""Cause If it's not broken and worthless, it's just not googly enough""",2026-07-21T06:50:53+00:00,1.0,en,search,2026-09-23T18:16:26.538574+00:00,highly_relevant,"Direct user account detailing attempts to search for, locate, or retrieve specific photos using contextual/semantic clues, or reporting retrieval failure in Google Photos.",other,,,keyword_search,,understanding_to_retrieval,Search fails to locate photo matching user's remembered context,,unknown,Its a repurposed internet search engine that is not able to handle mass data storage!,direct
google_play_1d0cc16e-b136-4439-b11d-79865a284856,google_play,android,1d0cc16e-b136-4439-b11d-79865a284856,https://play.google.com/store/apps/details?id=com.google.android.apps.photos&reviewId=1d0cc16e-b136-4439-b11d-79865a284856,,M Manwell,"App is great. Lots of things are better then before and the team have listened to feedback regarding search, especially for searching albums. Huge improvement! It would be great to have ' switch faces' option when editing, like the Samsung photo gallery. Eg if someone is blinking in one photo you can swap it for a different face in another photo in that burst",2026-08-11T13:26:34+00:00,4.0,en,search,2026-09-23T18:16:26.538581+00:00,possibly_relevant,"Discusses Google Photos search capabilities, Ask Photos, AI search algorithms, or photo organization, but evidence on vague personal retrieval is partial or high-level.",unknown,person,,"keyword_search, album_browsing",,unknown,,,unknown,"Lots of things are better then before and the team have listened to feedback regarding search, especially for searching albums.",indirect
google_play_fab83449-0c0b-41d3-8f08-530ea54462bd,google_play,android,fab83449-0c0b-41d3-8f08-530ea54462bd,https://play.google.com/store/apps/details?id=com.google.android.apps.photos&reviewId=fab83449-0c0b-41d3-8f08-530ea54462bd,,Salil S,"Your search became useless a few months ago. I was using Google Photos from the beginning, having switched from Picasa to Google Photos! I upgraded to Google One solely because of your search capabilities. Now, when I search for something like; tyre, home, or cat, it does not properly display anything from my collection. I believe your ineffective AI functions disrupted your search capabilities. Also can't edit with other apps from Google Photos. You simply removed the 'edit with' shortcut.",2026-08-05T10:45:04+00:00,1.0,en,search,2026-09-23T18:16:26.538589+00:00,highly_relevant,"Direct user account detailing attempts to search for, locate, or retrieve specific photos using contextual/semantic clues, or reporting retrieval failure in Google Photos.",pet,approximate_time,exact_date,keyword_search,,understanding_to_retrieval,Search fails to locate photo matching user's remembered context,,unknown,"Now, when I search for something like; tyre, home, or cat, it does not properly display anything from my collection.",direct
google_play_7df61800-d1f1-4ff5-a726-b971aa845108,google_play,android,7df61800-d1f1-4ff5-a726-b971aa845108,https://play.google.com/store/apps/details?id=com.google.android.apps.photos&reviewId=7df61800-d1f1-4ff5-a726-b971aa845108,,Nathan Espinosa,"Locked Photos are unable to be shared or downloaded, and can only be moved back into their chronological place in your photos. So if you want more than to look at the photo, you have to go searching for it after moving the photo out of the locked folder so you can have the options to do anything more than look at the photo.",2026-08-19T11:27:56+00:00,1.0,en,search,2026-09-23T18:16:26.538596+00:00,highly_relevant,"Direct user account detailing attempts to search for, locate, or retrieve specific photos using contextual/semantic clues, or reporting retrieval failure in Google Photos.",other,,,keyword_search,,understanding_to_retrieval,Search fails to locate photo matching user's remembered context,,unknown,"Locked Photos are unable to be shared or downloaded, and can only be moved back into their chronological place in your photos.",direct
google_play_65d73c75-b625-4cfd-b61e-6a289cd1a2b0,google_play,android,65d73c75-b625-4cfd-b61e-6a289cd1a2b0,https://play.google.com/store/apps/details?id=com.google.android.apps.photos&reviewId=65d73c75-b625-4cfd-b61e-6a289cd1a2b0,,ARose,"PLEASE FIX ASAP! WHERE DO THE EDITED PHOTOS GO? As soon as you finish editing and click SAVE it's GONE and you can only search for the original photo again! PLEASE FIX THIS! Also still need to make the editor LARGER and the buttons easier but overall the navigation menus and saving still need help! Search works ok but saved photos should be saved instantly to an easy to find location! edited and automatic edits and missed ""memories"" are also hard to find a calendar option and more folders too",2026-08-15T23:34:22+00:00,2.0,en,search,2026-09-23T18:16:26.538603+00:00,possibly_relevant,"Discusses Google Photos search capabilities, Ask Photos, AI search algorithms, or photo organization, but evidence on vague personal retrieval is partial or high-level.",unknown,place,,keyword_search,,unknown,,,unknown,As soon as you finish editing and click SAVE it's GONE and you can only search for the original photo again!,indirect
google_play_15bb71f4-75a3-4829-9e32-468d65a69f0a,google_play,android,15bb71f4-75a3-4829-9e32-468d65a69f0a,https://play.google.com/store/apps/details?id=com.google.android.apps.photos&reviewId=15bb71f4-75a3-4829-9e32-468d65a69f0a,,Rodion Grinko,"Very useful feature ""Conversation"" is hidden God knows where... UI became extremely poor for the multi trillion-dollar company. By pure luck I was able to locate it: My profile->phone settings->Sharing->Manage sharing activity ->Conversation!!!! it's super bad... Then I was able to find a bit easier way through the Bell icon. Face recognition feature is horrible, mixing people or creating many identities from the one face. (for reals, it's extremely bad...)",2026-07-05T14:34:09+00:00,3.0,en,face recognition,2026-09-23T18:16:26.538610+00:00,possibly_relevant,"Discusses Google Photos search capabilities, Ask Photos, AI search algorithms, or photo organization, but evidence on vague personal retrieval is partial or high-level.",unknown,person,,unknown,,unknown,Face recognition clustering errors or misidentification,,unknown,By pure luck I was able to locate it: My profile->phone settings->Sharing->Manage sharing activity ->Conversation!!!!,direct
google_play_4dbb0510-81f3-4f9d-88e1-ed52c7708190,google_play,android,4dbb0510-81f3-4f9d-88e1-ed52c7708190,https://play.google.com/store/apps/details?id=com.google.android.apps.photos&reviewId=4dbb0510-81f3-4f9d-88e1-ed52c7708190,,Pogo Cole,"This latest update to remove the months is awful. I can't find the pictures I want because they are all combined together and the 'months' floating on top does not help because I can't tell where one month ends and the other begins which is how I would find my pictures easily before. I pay for all the space I have, so should not have be subjected to this update. Worst update ever. And why do I have some photos made larger than all the others? What the heck? Updating without asking?",2026-07-27T21:26:20+00:00,2.0,en,can't find,2026-09-23T18:16:26.538617+00:00,highly_relevant,"Direct user account detailing attempts to search for, locate, or retrieve specific photos using contextual/semantic clues, or reporting retrieval failure in Google Photos.",other,,,unknown,,understanding_to_retrieval,Search fails to locate photo matching user's remembered context,,unknown,I can't find the pictures I want because they are all combined together and the 'months' floating on top does not help because I can't tell where one month ends and the other,direct
google_play_a65c4594-85db-48d0-9af3-5318d42edf54,google_play,android,a65c4594-85db-48d0-9af3-5318d42edf54,https://play.google.com/store/apps/details?id=com.google.android.apps.photos&reviewId=a65c4594-85db-48d0-9af3-5318d42edf54,,Vaka Pál,Old look is gone and not possible to go it back. (daily separation). no favorites like it was before. (no i do not want to play in the menus and spend my time to search) This is the 3rd-4th time when my favorites gone. And the top of that it is slow. previously it was fast and easy to use. Now it is oposite. I just stopped using it.,2026-07-15T13:55:17+00:00,1.0,en,search,2026-09-23T18:16:26.538624+00:00,possibly_relevant,"Discusses Google Photos search capabilities, Ask Photos, AI search algorithms, or photo organization, but evidence on vague personal retrieval is partial or high-level.",unknown,,,keyword_search,,unknown,,,unknown,(no i do not want to play in the menus and spend my time to search) This is the 3rd-4th time when my favorites gone.,direct
google_play_2ffe8362-763b-4ec8-995b-b775d5ca3e34,google_play,android,2ffe8362-763b-4ec8-995b-b775d5ca3e34,https://play.google.com/store/apps/details?id=com.google.android.apps.photos&reviewId=2ffe8362-763b-4ec8-995b-b775d5ca3e34,,Seth Shadburn,"Facial recognition works great. Searching for objects or places also works well. However, the sync and backup fails by not organizing your backed up photos within the same albums as your phone's gallery albums. This ends up scattering all the backed up photos and videos into one main album. Google Drive keeps your backed up/synced files organized within your folders, the same way you have them organized on your computer, and changes them in real time as you change your file organization. 🤷🏽‍♂️",2026-08-04T22:49:09+00:00,3.0,en,search,2026-09-23T18:16:26.538632+00:00,highly_relevant,"Direct user account detailing attempts to search for, locate, or retrieve specific photos using contextual/semantic clues, or reporting retrieval failure in Google Photos.",other,,,"keyword_search, person_search, album_browsing",,understanding_to_retrieval,Face recognition clustering errors or misidentification,Switching to third-party gallery or local file manager,unknown,Facial recognition works great.,direct
google_play_163d2039-63f6-4cc1-a3a8-a1b3b8d9e7da,google_play,android,163d2039-63f6-4cc1-a3a8-a1b3b8d9e7da,https://play.google.com/store/apps/details?id=com.google.android.apps.photos&reviewId=163d2039-63f6-4cc1-a3a8-a1b3b8d9e7da,,Swayom Kanti Ghosh,"The app layout used to be so good...but now all the photos appear together... without the photos of one date being separated from another date. Please change back to the previous one. Edit: Another issue. Setting Locations for each photo has become a nightmare, what I want to search for doesn't come up, and existing locations can't be removed easily",2026-07-12T02:46:38+00:00,2.0,en,search,2026-09-23T18:16:26.538639+00:00,possibly_relevant,"Discusses Google Photos search capabilities, Ask Photos, AI search algorithms, or photo organization, but evidence on vague personal retrieval is partial or high-level.",unknown,surrounding_circumstances,,keyword_search,,unknown,,,unknown,"Setting Locations for each photo has become a nightmare, what I want to search for doesn't come up, and existing locations can't be removed easily",direct
app_store_14549475195,app_store,ios,14549475195,https://apps.apple.com/us/app/google-photos/id962194608?reviewId=14549475195,5 years and counting!,TheKing.Zay,"Tried again and it’s still an unorganized mess.

Update: Just cancelled my subscription. Not giving any more money when feedback is being ignored across all Google products. 

4 years and still no fix…
There’s still no slider for recently added, only on the default homepage, which makes photos and videos I save from social media end up out of order. The slider on recently added only scrolls a little at a time compared to the defualt page being able to jump months or years. On iPhone the video player is buggy too. The play button keeps showing on loops and they stutter instead of playing smooth. Android finally got the slider back but iPhone is still waiting. I already back everything up with another service, but it’s frustrating that Google ignores feedback. It’s been years with no simple improvements. Same with YouTube Music. No quick scroll in long playlists and no way to search songs inside a playlist. These are basic features that should’ve been here by now 🤷‍♂️",2026-09-14T09:13:05-07:00,1.0,en,search,2026-09-23T18:16:34.294011+00:00,possibly_relevant,"Discusses Google Photos search capabilities, Ask Photos, AI search algorithms, or photo organization, but evidence on vague personal retrieval is partial or high-level.",unknown,activity,,keyword_search,,unknown,,,unknown,"4 years and still no fix…
There’s still no slider for recently added, only on the default homepage, which makes photos and videos I save from social media end up out of order.",direct
app_store_14542970710,app_store,ios,14542970710,https://apps.apple.com/us/app/google-photos/id962194608?reviewId=14542970710,"8:05
‹ Messages
834
2 September 10:57 PM
Google Lens
Deselect All",#$RachelAGore46,I love him,2026-09-12T17:10:10-07:00,5.0,en,general_reviews,2026-09-23T18:16:34.301062+00:00,possibly_relevant,"Discusses Google Photos search capabilities, Ask Photos, AI search algorithms, or photo organization, but evidence on vague personal retrieval is partial or high-level.",unknown,,,Google_Lens,,unknown,,,unknown,"8:05
‹ Messages
834
2 September 10:57 PM
Google Lens
Deselect All",direct
reddit_1pk49rw,reddit,reddit,1pk49rw,https://www.reddit.com/r/googlephotos/comments/1pk49rw/2025_google_photos_sharing_error_cant_find_link/,*2025* Google Photos Sharing Error: Can't find link. This link has been deleted or the url is invalid.,EastCoastReflux,I've searched for this but the last post was 5 years ago. Has anyone run into this on an Android phone where they couldn't access a share album due to this error? submitted by /u/EastCoastReflux [link] [comments],2025-12-11T18:01:01+00:00,,en,can't find photo,2026-09-23T18:16:36.155132+00:00,highly_relevant,"Direct user account detailing attempts to search for, locate, or retrieve specific photos using contextual/semantic clues, or reporting retrieval failure in Google Photos.",other,approximate_time,exact_date,"keyword_search, album_browsing",,understanding_to_retrieval,Search fails to locate photo matching user's remembered context,,unknown,I've searched for this but the last post was 5 years ago.,direct
reddit_1gz0pm1,reddit,reddit,1gz0pm1,https://www.reddit.com/r/googlephotos/comments/1gz0pm1/i_cant_find_the_photos_i_took_today/,I can't find the photos I took today,ilovehair1,"I have a Redmi 12c and I took some photos today (20) the place where I took them had no signal and the phone ran out of battery, when I came back home and had wifi again I went to Google photos to look at the pics, I started viewing them, until I got to the 3rd one and my phone froze a bit and took me to another photo I took way back totally unrelated and when I tried to find the ones I was viewing I didn't found them, I have to mention that I already lost all my photos like a month ago but didn't think much of it since I had a back up, I tried everything from recovery software to clearing data to searching in my files. NOTHING, can someone help me please I really want those pics back, thank you submitted by /u/ilovehair1 [link] [comments]",2024-11-24T20:31:19+00:00,,en,can't find photo,2026-09-23T18:16:36.155252+00:00,highly_relevant,"Direct user account detailing attempts to search for, locate, or retrieve specific photos using contextual/semantic clues, or reporting retrieval failure in Google Photos.",other,,,keyword_search,,understanding_to_retrieval,Search fails to locate photo matching user's remembered context,,unknown,"I have a Redmi 12c and I took some photos today (20) the place where I took them had no signal and the phone ran out of battery, when I came back home and had wifi again I went to",direct
reddit_1iaob2b,reddit,reddit,1iaob2b,https://www.reddit.com/r/googlephotos/comments/1iaob2b/is_google_photos_search_function_limiting_my/,is google photos search function limiting my searches to text so i cant find text in screenshots?,mytail,idk why but i try to find a screenshot with a certain screenname or word but it never comes up . i search my own screenname and it comes up but never consistently or recently moreover even words clearly in the screenshot arent searchable especially in recent times and especially since i was able to do all of this very easily in the very recent past. what gives? submitted by /u/mytail [link] [comments],2025-01-26T19:48:29+00:00,,en,can't find photo,2026-09-23T18:16:36.155588+00:00,highly_relevant,"Direct user account detailing attempts to search for, locate, or retrieve specific photos using contextual/semantic clues, or reporting retrieval failure in Google Photos.",screenshot,text,,keyword_search,,understanding_to_retrieval,OCR/Text in image search failure,,unknown,idk why but i try to find a screenshot with a certain screenname or word but it never comes up .,direct
reddit_1gs76kk,reddit,reddit,1gs76kk,https://www.reddit.com/r/googlephotos/comments/1gs76kk/cant_find_the_pictures_that_were_in_a/,Can't find the pictures that were in a notification from Google Photos,fuhrmangerman,"*SOLVED* I found the photos in my ""Messages"" folder. Not sure why they showed up in a Google Photos notification, as this folder had not been backed up to Google Photos. Last weekend I got a Photos notification (can't remember if it was a memory or something else) that had a few photos of my kids from a couple of years ago. I went to find those photos earlier this week, and they don't seem to be anywhere. I looked on both the app and on PC, checked trash/archive along with other folders on my phone, followed all the troubleshooting steps I could find online, and nothing. If anyone has any other ideas, I'd greatly appreciate it! submitted by /u/fuhrmangerman [link] [comments]",2024-11-15T21:26:54+00:00,,en,can't find photo,2026-09-23T18:16:36.155757+00:00,highly_relevant,"Direct user account detailing attempts to search for, locate, or retrieve specific photos using contextual/semantic clues, or reporting retrieval failure in Google Photos.",person_family,approximate_time,exact_date,unknown,,understanding_to_retrieval,Search fails to locate photo matching user's remembered context,,unknown,"*SOLVED* I found the photos in my ""Messages"" folder.",direct
reddit_11bsuw9,reddit,reddit,11bsuw9,https://www.reddit.com/r/googlephotos/comments/11bsuw9/google_photos_cant_search_and_find_words_in_text/,Google Photos can't search and find words in text blocks I insert--why not?,randopop21,"I like how I can insert a block of text next to my photos in Google Photos. (click the three dots, edit album, click the ""Tt"", enter the text, and drag the text box next to the photo you want it to be beside). This can make an album look somewhat like a blog! Yay! BUT critically and incredulously, for a company that's known for ""search"", the search function within Google Photos can't find any of the words in my blocks of text! Search within Photos can be crazy smart at times: e.g. when I search for ""Chicago"", it will find not only the photos I took in Chicago, but also the photo of a restaurant named ""Little Chicago"" in a small town in a different country. In a different town, a museum had a display about Chicago and I took a picture of the sign that had the word ""Chicago"" and search in Photos found that too. Cool! But why can't search find words in my text blocks??? Without this ability, I feel I can't use Google Photos like an impromptu blog. submitted by /u/randopop21 [link] [comments]",2023-02-25T19:07:15+00:00,,en,can't find photo,2026-09-23T18:16:36.156976+00:00,highly_relevant,"Direct user account detailing attempts to search for, locate, or retrieve specific photos using contextual/semantic clues, or reporting retrieval failure in Google Photos.",food_restaurant,"place, object",filename,"keyword_search, album_browsing",Chicago,understanding_to_retrieval,Search fails to locate photo matching user's remembered context,,unknown,"BUT critically and incredulously, for a company that's known for ""search"", the search function within Google Photos can't find any of the words in my blocks of text!",direct
reddit_47ijdu,reddit,reddit,47ijdu,https://www.reddit.com/r/google/comments/47ijdu/trying_to_purge_my_old_myspace_photos_from_google/,Trying to purge my old Myspace photos from Google... Help!,gowronatemybaby7,"Hello, I recently found out that if you Google my name, a bunch of my old myspace photos appear in an image search. I would rather this were not the case. I deleted the pictures, then set my account to private, then deleted the account outright. And still the pictures remain. What gives? Is there any way to get rid of 'em for good? Is this more of a Myspace issue or a Google issue? Thank you in advance, and apologies if this is an inappropriate post for this sub. I thought it might qualify as a post about ""Google services"". If it doesn't, could anyone point me in the right direction? submitted by /u/gowronatemybaby7 [link] [comments]",2016-02-25T11:57:02+00:00,,en,search old photos,2026-09-23T18:17:02.199842+00:00,possibly_relevant,"Discusses Google Photos search capabilities, Ask Photos, AI search algorithms, or photo organization, but evidence on vague personal retrieval is partial or high-level.",unknown,,,keyword_search,,unknown,,,unknown,"Hello, I recently found out that if you Google my name, a bunch of my old myspace photos appear in an image search.",direct
reddit_1tgmjnw,reddit,reddit,1tgmjnw,https://www.reddit.com/r/google/comments/1tgmjnw/gemini_intelligence_requirements_confusion/,Gemini Intelligence requirements confusion,Loud-Possibility4395,"I am Pixel 10 Pro by accident (purchased at cheap price) and I was Pixel 9 Pro user who was thinking I will keep it for about 4 years. I still have in mind Google Conference when guy was keep saying its 16GB RAM is ""future-proof"" and even Pixel 9 with 12GB RAM got upgrade just to have 3GB RAM reserved just for Gemini. Now I read news about Gemini Intelligence requirements that Pixel 9 series will not be supported because it runs at old Gemini Nano V2 I also know AI is mostly focused on RAM requirements rather than on processing power (but it still needs some of it). I could understand if Google would release Pixel 9 Pro with just 8GB RAM but it has far too much 16GB. I wonder if Pixel 9 series will end up same as last year Pixel 8 finally got onboard Gemini Nano v1 and Pixel 8 Pro only because it has 12GB RAM - got Gemini Nano v2. Here are features that Gemini Nano can do in Pixel. Gemini Nano v1 (Pixel 8 Series) Deployed on: Pixel 8, Pixel 8 Pro, and Pixel 8a. Google split the first version into two sizes: Nano-1 (1.8B parameters) for the base 8/8a to survive on 8GB of RAM, and Nano-2 (3.25B parameters) for the 8 Pro. Can Do: Text Summarization: Locally generates bullet-point summaries of long audio recordings in the Pixel Recorder app without an internet connection. Magic Compose: Operates offline in Google Messages to rewrite your texts in different styles (e.g., professional, casual, lyrical). Gboard Smart Reply: Predicts high-quality contextual response suggestions directly on your keyboard layout. Cannot Do: See or Hear Natively: It is entirely text-based . It cannot look at a photo you just took or parse an image on your screen locally. App Integration: It is completely sandboxed inside the specific apps Google allowed it to touch. It cannot talk to your system settings or third-party apps. Gemini Nano v2 (Pixel 9 Series) Deployed on: Pixel 9, Pixel 9 Pro, 9 Pro XL, and 9 Pro Fold. Version 2 introduced the massive shift to multimodality , allowing the phone to look at different types of media locally instead of shipping everything to Google's cloud servers. Can Do: Process Text + Images (Multimodality): It can contextually understand descriptions of physical objects, read printed text within images, and identify landmarks completely offline. Pixel Screenshots App: Locally reads, indexes, and categorizes every screenshot you take, allowing you to search through your past screenshots using natural, open-ended questions. Call Notes: Automatically records, transcribes, and generates a structured text summary of phone calls directly on-device. TalkBack Upgrades: Provides highly detailed, local descriptions of images on social media or websites for visually impaired users. Cannot Do: Take Actions (Agentic AI): While v2 can read your screen, it cannot act on it. It can't log into an app for you, fill out a web form, or purchase a flight. System Modification: It cannot build new software tools or interface modifications (like custom widgets) on the fly. Gemini Nano v3 (Pixel 10 Series) Deployed on: Pixel 10, Pixel 10 Pro, 10 Pro XL, and 10 Pro Fold. Version 3 powers Gemini Intelligence , transforming the model from a passive information retriever into an active ""agent"" that executes multi-step workflows. Can Do: Cross-App Automation (Agentic AI): It can safely exit its sandbox to perform chained actions across separate apps (e.g., reading an event confirmation in an email, opening a third-party ticketing app, and queuing up your checkout). Natural Language Widget Creation: Dynamically builds completely custom home screen widgets on the fly based on plain-English descriptions of what you want to see. Secure pKVM Sandboxing: Uses hardware-level virtualization to safely manage personal data and background automation tasks without risking system stability or leaking data. Cannot Do: Blind Financial Transactions: Due to strict security guardrails, it cannot autonomously authorize payments or spend real money without a physical human fingerprint or face confirmation. Run on Legacy Hardware: It absolutely cannot run on any device with less than 12GB of RAM or older Tensor/Snapdragon chipsets due to the raw scale of the model. What NO On-Device Gemini Can Do (The Cloud Wall) Regardless of whether you have a Pixel 8 or a brand-new Pixel 10 Pro, certain heavy-lifting AI features are permanently anchored to Google's cloud servers: High-End Image & Video Generation: Features like Imagen 3 text-to-image prompting, deep Magic Editor reimagining, or Video Boost processing require server-farm processing power. Flawless Real-Time Voice Conversions: While Gemini Live can handle basic prompts locally, highly emotional, fast-paced, multi-turn voice conversations still rely on cloud APIs to stay perfectly synchronized. Infinite Memory: Local context windows are tightly restricted to save battery. No Pixel can locally remember months of chat history or millions of tokens of background text without offloading the memory stack to the cloud. submitted by /u/Loud-Possibility4395 [link] [comments]",2026-05-18T13:23:51+00:00,,en,search old photos,2026-09-23T18:17:02.200199+00:00,possibly_relevant,"Discusses Google Photos search capabilities, Ask Photos, AI search algorithms, or photo organization, but evidence on vague personal retrieval is partial or high-level.","travel, screenshot, event","person, approximate_time, event, text, surrounding_circumstances",,"keyword_search, Ask_Google_Photos, natural_language_search",,unknown,,,unknown,"Pixel Screenshots App: Locally reads, indexes, and categorizes every screenshot you take, allowing you to search through your past screenshots using natural, open-ended questions.",direct
reddit_1njdq40,reddit,reddit,1njdq40,https://www.reddit.com/r/google/comments/1njdq40/double_tapping_on_images_in_the_search_page_no/,Double tapping on images in the search page no longer works no matter what app is used,riegspsych325,"I noticed this issue the past few days. Whenever I look up something on Google and go to the images page, it will show photos just fine. But when I double tap them to get a clearer look at a photo, it does not zoom in at all. I have to pinch-zoom to enlarge the image. And I notice Google won’t load a high quality image anymore when applicable I am using an iPhone and noticed this problem before the newest update. When I updated my phone, it still had the same problem. I tried it on both Safari and the Google app and it was the same thing. I restarted my phone a couple times to be safe and still the same issue I know it’s a minor thing, but some sites are cancer to get to the source image of something I am looking for, like old 90’s Lego sets submitted by /u/riegspsych325 [link] [comments]",2025-09-17T13:50:51+00:00,,en,search old photos,2026-09-23T18:17:02.200755+00:00,possibly_relevant,"Discusses Google Photos search capabilities, Ask Photos, AI search algorithms, or photo organization, but evidence on vague personal retrieval is partial or high-level.",unknown,,,keyword_search,,unknown,,,unknown,"Whenever I look up something on Google and go to the images page, it will show photos just fine.",direct
reddit_1k53yke,reddit,reddit,1k53yke,https://www.reddit.com/r/google/comments/1k53yke/not_able_to_see_my_old_still_logged_in_devices_in/,Not able to see my old still logged in Devices in Google Devices,hamza24aug,"I would like to ask that my old android devices, which I've not powered on for sometime,(I guess around 1 year plus) aren't showing up anywhere. Not even in Google Takeout exports. How to see them ? I'd also uploaded(automated uploads) photos from those devices via the Google Photos App Does Google Sign out old devices and doesn't keep a record, or wipes it to be viewed by the logged in Google account users and doesn't include them in reports aswell? I need to see them and they should still be visible under my devices and not removed without a notification! I've tried every way to view my old devices and their IMEIs but still no luck. I didn't signout from 2 of my devices, but now I'm not able to see any of them and didn't delete or hide them. I've been searching for a solution to see those records before I even power them on, as they should not have been removed in the first place and I'd like to know exact clauses or notifications if received from Google regarding them. Btw devices have older android versions than android 9 (Pie) One has Android version 7.0, the other has Android version 6.0 Google Android Community Post Link: https://support.google.com/android/thread/339725399?hl=en Looking forward to your responses! Regards, Hamza Waseem submitted by /u/hamza24aug [link] [comments]",2025-04-22T11:29:49+00:00,,en,search old photos,2026-09-23T18:17:02.200924+00:00,highly_relevant,"Direct user account detailing attempts to search for, locate, or retrieve specific photos using contextual/semantic clues, or reporting retrieval failure in Google Photos.",other,object,filename,keyword_search,,understanding_to_retrieval,Search fails to locate photo matching user's remembered context,,failed_gave_up,"I'd also uploaded(automated uploads) photos from those devices via the Google Photos App Does Google Sign out old devices and doesn't keep a record, or wipes it to be viewed by",direct
reddit_kzofec,reddit,reddit,kzofec,https://www.reddit.com/r/google/comments/kzofec/viruses_from_google_photos/,Viruses from Google Photos,orionchocopies,"I've searched for this, but I just can't find the answer... Is it possible to get a virus (on my computer, for example) by downloading pics from my google photos app? The pictures in question are from my old phone. submitted by /u/orionchocopies [link] [comments]",2021-01-18T05:50:45+00:00,,en,search old photos,2026-09-23T18:17:02.201611+00:00,highly_relevant,"Direct user account detailing attempts to search for, locate, or retrieve specific photos using contextual/semantic clues, or reporting retrieval failure in Google Photos.",other,,,keyword_search,,understanding_to_retrieval,Search fails to locate photo matching user's remembered context,,unknown,"I've searched for this, but I just can't find the answer...",direct
reddit_3de1oi,reddit,reddit,3de1oi,https://www.reddit.com/r/google/comments/3de1oi/can_anyone_offer_insight_on_how_to_deal_with_a/,Can anyone offer insight on how to deal with a VERY unique situation that I'm having? Nowhere else to turn,bigleo411,"I know that I shouldn't be coming here with individual questions, but I really don't know what to do, and I know the smart people on reddit can probably help me. So please forgive me, mods, and let show mercy on this post. I didn't really know where to turn for this because it's a unique request, so hopefully someone here can help me get to the bottom of this. I tried to go to Google directly, but it definitely doesn't fall within any of the traditional support topics. My parents are famous actors, and when I was a baby (literally, 1 year old) I had a small part in a huge movie that my mom starred in. Because of this, when I'm searched on Google, a profile pops up with my date of birth, family, etc. The problem is, it also includes this photo of me from when I was 15. I was at a movie premiere with my mom, and frankly I've never looked worse. My outfit, my embarrassing teenage haircut, just...everything is truly cringe-worthy. I'm much older now, 25, and I want to go about seeing if I can get Google to change the photo of me that shows up on my profile. I'm potentially interested in a career in the entertainment industry and I really, really don't want this to be the first image someone sees when they search my name. It honestly can affect my livelihood, and I feel like I should have the right to decide which photo is displayed. Can anyone point me in the direction of how to get to the bottom of this bizarre situation? submitted by /u/bigleo411 [link] [comments]",2015-07-15T15:21:22+00:00,,en,search old photos,2026-09-23T18:17:02.201880+00:00,possibly_relevant,"Discusses Google Photos search capabilities, Ask Photos, AI search algorithms, or photo organization, but evidence on vague personal retrieval is partial or high-level.",person_family,"person, who_with, weather_season",,keyword_search,,unknown,,,unknown,"Because of this, when I'm searched on Google, a profile pops up with my date of birth, family, etc.",direct
reddit_87zndj,reddit,reddit,87zndj,https://www.reddit.com/r/google/comments/87zndj/google_search_by_image_brutally_changed/,Google Search by Image brutally changed,SapadorCastelo,"Before (some months ago?) when I searched by image uploading a photo of a very common square of my town, Google used to find very similar photos, considering the light, day time, angle, etc. Now, it only recognizes the square or the city, and gives me back a bunch of generic photos of the square or the city. It does the same process now for any other subject. A photo of hand with a tatoo; it will say ""tatoo"" or ""hand"" and give me some generic photos about tatoo or hand. The old powerful search that used to find similar hands, with similar tatoos... Seems to be gone. Is this change for good? Why did they changed this? Does it has to do with governments monopolizing this kind of search? Searching faces for example? Did Google publish any official note about this change? Is there any unofficial but still interesting literature about this subject? For me it was a terrifc change, but I couldn't find much on internet about this. Am I searching it wrong? Sory for too much questions. You can answer what you feel like to answer. submitted by /u/SapadorCastelo [link] [comments]",2018-03-29T08:30:33+00:00,,en,search old photos,2026-09-23T18:17:02.202013+00:00,possibly_relevant,"Discusses Google Photos search capabilities, Ask Photos, AI search algorithms, or photo organization, but evidence on vague personal retrieval is partial or high-level.",unknown,"person, place, approximate_time",,keyword_search,,unknown,,,failed_gave_up,"Before (some months ago?) when I searched by image uploading a photo of a very common square of my town, Google used to find very similar photos, considering the light, day time, angle, etc.",direct
reddit_2ehhql,reddit,reddit,2ehhql,https://www.reddit.com/r/google/comments/2ehhql/keeping_photos_in_google_drive_or_google_photos/,Keeping photos in Google Drive or Google Photos?,DrLaffa,"Hi all, I recently scanned thousands of old family photos (30gb+), which I store on Drive. Given that Drive photos show up in Google Photos (thru G+), I wondered if people find it beneficial to also uploading them directly to G+? The benefits of Drive: original file The benefits of G+: tagging, notes, sharing and search ability, doesn't count against storage, file can be downloaded fairly easily submitted by /u/DrLaffa [link] [comments]",2014-08-25T00:09:00+00:00,,en,search old photos,2026-09-23T18:17:02.202192+00:00,possibly_relevant,"Discusses Google Photos search capabilities, Ask Photos, AI search algorithms, or photo organization, but evidence on vague personal retrieval is partial or high-level.",person_family,person,,keyword_search,,unknown,,Switching to third-party gallery or local file manager,unknown,"Hi all, I recently scanned thousands of old family photos (30gb+), which I store on Drive.",direct
reddit_1rieibi,reddit,reddit,1rieibi,https://www.reddit.com/r/ios/comments/1rieibi/i_recreated_an_approximation_of_siri_20_with_the/,I recreated an approximation of Siri 2.0 with the on-device Foundation Models and Shortcuts with App Intents (And the reason why I think apple may be struggling to launch Siri 2.0),Maxdme124,"Apple's Siri 2.0 update revealed in WWDC 2024 consisted of 2 main elements, a smarter Siri able to intelligently perform actions with natural language and with deeper in-app controls with App Intents/shortcuts and a Personal Semantic Index capable of surfacing specific info across app. This second one is pretty ambitious and where I honestly believe apple is currently struggling to get working reliably due to the complexity of such task, the context window and compute required to do this quickly and accurately is something that even SOTA cloud models like Gemini with Google Workspace can struggle with some times (And hence why while I tried to get something to work within the limitations of Apple Shortcuts I determined it may be possible but would be slow and inaccurate even when using Private Cloud Compute making it impractical to pull off). The first part however is something that while Siri can somewhat do today requires the user to exactly name the shortcut/App Intent they need with no way of passing user input into them making it quite limited and robotic in practice This is where my Apple Shortcuts and Apple Foundation Models experiment comes in, I based this experiment on what Apple themselves have told developers to do to test App Intents before the Siri launch which is to surface them as a shortcut. Knowing this, we can create a ""Router"" shortcut which acts as the ""Brain"" of this AI infused Siri, I take the user input from Siri and then I launch the On-Device model, this specific model has access to a list of all of the user-created and App Intents shortcuts available on the device, then based on the user query the model picks the Shortcut that would best full fill the user request. https://preview.redd.it/3v9j7q2nwimg1.png?width=932&format=png&auto=webp&s=c7a77cd9dd953bd08011a3a1368351bee453f294 Then we go to the second shortcut (the ""tools"" that the first shortcut ""calls"") that actually perform the actions, simpler ones that toggle system settings (like Samsung's newly released Bixby) or launch Apps don't require a second model or the parsing of user input, they are simply executed based on user intent. https://preview.redd.it/7epr70c9ximg1.png?width=650&format=png&auto=webp&s=7cd684f353064922dc696d5587135029b5f99dd4 https://preview.redd.it/xzmycfwfyimg1.jpg?width=1320&format=pjpg&auto=webp&s=2e25d37f459a5c803b4531ec178d69124f5a9519 https://preview.redd.it/5ay74hidyimg1.png?width=632&format=png&auto=webp&s=2de21b864de0e8339be99835feeb38aa0d939775 https://preview.redd.it/pnrlne5ayimg1.jpg?width=1320&format=pjpg&auto=webp&s=7c08ddb6c43949d2fb1bc637a3c6a905f2f29890 Here's where things get interesting, as I said currently Siri can't by default do almost anything with user queries (aside from basic things like setting a timer or a single Reminder at a time) and users also have to be explicit about the shortcut they want to launch not being able to to deviate by even a word making them very static and robotic. To address this we can create shortcuts that feature a second On-Device LLM that can adequate the query based on the intent of the user and the purpose of the tool. For Example, we can recreate a Siri capability seen on WWDC 2024 where a user asks Siri to search for a photo with natural language and very specific descriptions. Apple already laid the groundwork for this feature with natural photo and video search with the photos app, but Siri hasn't been able to take advantage of it until now. This second LLM can parse the user query passed by Siri to actually perform the action and provide the Photo's search bar with the proper input instead of just slapping the whole user query and hopping for the best. https://preview.redd.it/00emju9w0jmg1.png?width=932&format=png&auto=webp&s=c2fa33a874926ad419bb2635f70edff3f4e65016 https://preview.redd.it/x6u2ru1d1jmg1.jpg?width=1320&format=pjpg&auto=webp&s=dabf214b08ec10ec8e9ba38250a084903e4df33b https://preview.redd.it/l8fwjhue1jmg1.png?width=1320&format=png&auto=webp&s=41e1e8615bb904d82dd70570d2f73a5e43e131b8 Another cool use case is being able to supercharge existing Siri actions, currently Siri can only handle saving 1 reminder at a time and will either ignore or try and awkwardly combine all of the reminders you give it into one incoherent mess. This Shortcut and LLM based workflow enables Siri to take multiple steps with a Single user query allowing for Siri to take on more complex queries. https://preview.redd.it/auvhd9hn2jmg1.png?width=1320&format=png&auto=webp&s=ebd345eb6848474105d09acfc9840bd468cb6d46 https://preview.redd.it/n9p1acj52jmg1.jpg?width=1320&format=pjpg&auto=webp&s=0c4478b2cab8ac838ffcfe3a3709ccd47e68899b https://preview.redd.it/t27vgiif2jmg1.png?width=1320&format=png&auto=webp&s=210a6138271f5a924004ecc008ae04fd48dfa29d I think you get the idea by now, with App Intents and Shortcuts Siri is actually able to do quite a lot and perform in-app actions (like the Roomba demo I showed or the ability for Siri to open a specific section of an app like your orders in Amazon) And this is why I believe apple rushed the WWDC 2024 Siri introduction, while the in app actions and natural language commands were not difficult to create using Shortcuts and App Intents, the Personal Semantic Index and the orchestration of tasks between apps is what is hitting snags as this involves the model understanding what the user wants, obtaining the right item from the right app, Invoking the right App Intents and Shortcuts, and doing all of that without spending more than a minute waiting for the model to reason through the task. If you want to play around with this shortcut that gives you a (decent-ish) taste of one of the capabilities of Siri 2.0 you can just copy my first ""router"" shortcut and its prompt, from there Siri will automatically know about your current and any new Shortcuts and App Intents you add, and then you can use it as either a way to invoke shortcuts through Natural Language, or as an extension to the base Siri. submitted by /u/Maxdme124 [link] [comments]",2026-03-02T00:47:55+00:00,,en,can't find pictures,2026-09-23T18:18:02.021204+00:00,possibly_relevant,"Discusses Google Photos search capabilities, Ask Photos, AI search algorithms, or photo organization, but evidence on vague personal retrieval is partial or high-level.",unknown,"approximate_time, surrounding_circumstances",,"keyword_search, Ask_Google_Photos, natural_language_search",,unknown,,,unknown,"For Example, we can recreate a Siri capability seen on WWDC 2024 where a user asks Siri to search for a photo with natural language and very specific descriptions.",direct
reddit_1j7asjr,reddit,reddit,1j7asjr,https://www.reddit.com/r/ios/comments/1j7asjr/photo_sync_to_icloud_takes_ages_only_for_me/,Photo sync to iCloud takes AGES - Only for me?,Neurosis404,"Hi, I don't know whether or not I am the only one who is facing this issue, but I couldn't find a lot information on this, except some beta threads. In iOS 17, I took a picture, waited a few seconds and I was able to download it on my pc via browser. Now, in iOS 18, this is a nightmare. It works immediately when I didn't sync for a longer time, e.g. when I didn't take any photos for a time. But when I took some pictures, they are synced and I take a few more, the sync status just says ""syncing X objects with iCloud...."" and nothing happens - sometimes for 10 minutes, sometimes for an hour. This is so frustrating when I took pictures that I need on my pc, forgot one, take it and then.. nothing. This issue SEEMS to be more frequent if I already have iCloud open on my pc. I already tried stopping and resuming sync, switching from WiFi to GSM, closing and reopening the photo app, turning flight mode on and off but it all doesn't help immediately. And I am a little confused that I can't find any more threads on the internet about that, or maybe I just searched for the wrong things. Anyone else having this? submitted by /u/Neurosis404 [link] [comments]",2025-03-09T16:05:32+00:00,,en,can't find pictures,2026-09-23T18:18:02.021929+00:00,highly_relevant,"Direct user account detailing attempts to search for, locate, or retrieve specific photos using contextual/semantic clues, or reporting retrieval failure in Google Photos.",travel,,,keyword_search,,understanding_to_retrieval,Search fails to locate photo matching user's remembered context,,failed_gave_up,"And I am a little confused that I can't find any more threads on the internet about that, or maybe I just searched for the wrong things.",direct
youtube_UgwThHMwEhsTsAP0d7V4AaABAg,youtube,youtube,UgwThHMwEhsTsAP0d7V4AaABAg,https://www.youtube.com/watch?v=EbUOFX_-Nsc&lc=UgwThHMwEhsTsAP0d7V4AaABAg,Comment on: Ask Photos: NEW Google Photos AI Search is Here!,@TasiaCustode,Hey friends! What do you think of Ask Photos? Comment below!,2024-10-10T15:05:48+00:00,1.0,en,Google Photos AI search,2026-09-23T18:18:43.750993+00:00,possibly_relevant,"Discusses Google Photos search capabilities, Ask Photos, AI search algorithms, or photo organization, but evidence on vague personal retrieval is partial or high-level.",person_family,person,,"keyword_search, Ask_Google_Photos, natural_language_search",,unknown,,,unknown,What do you think of Ask Photos?,indirect
youtube_UgyW2k1B2428PS5idlR4AaABAg,youtube,youtube,UgyW2k1B2428PS5idlR4AaABAg,https://www.youtube.com/watch?v=EbUOFX_-Nsc&lc=UgyW2k1B2428PS5idlR4AaABAg,Comment on: Ask Photos: NEW Google Photos AI Search is Here!,@BrookeT9462,I'll go check if I have it but this is really awesome. I love it.,2024-10-20T15:39:12+00:00,0.0,en,Google Photos AI search,2026-09-23T18:18:43.751032+00:00,possibly_relevant,"Discusses Google Photos search capabilities, Ask Photos, AI search algorithms, or photo organization, but evidence on vague personal retrieval is partial or high-level.",unknown,,,"keyword_search, Ask_Google_Photos, natural_language_search",,unknown,,,unknown,I'll go check if I have it but this is really awesome. I love it.,direct
youtube_UgwAtjtxZAiyFPiat2J4AaABAg,youtube,youtube,UgwAtjtxZAiyFPiat2J4AaABAg,https://www.youtube.com/watch?v=EbUOFX_-Nsc&lc=UgwAtjtxZAiyFPiat2J4AaABAg,Comment on: Ask Photos: NEW Google Photos AI Search is Here!,@miltonbrownrigg8409,Thank you Tasia.,2024-10-10T20:21:37+00:00,0.0,en,Google Photos AI search,2026-09-23T18:18:43.751056+00:00,possibly_relevant,"Discusses Google Photos search capabilities, Ask Photos, AI search algorithms, or photo organization, but evidence on vague personal retrieval is partial or high-level.",unknown,,,"keyword_search, Ask_Google_Photos, natural_language_search",,unknown,,,unknown,Thank you Tasia.,indirect
youtube_UgxwqX3XfpGU_YXTMGl4AaABAg,youtube,youtube,UgxwqX3XfpGU_YXTMGl4AaABAg,https://www.youtube.com/watch?v=EbUOFX_-Nsc&lc=UgxwqX3XfpGU_YXTMGl4AaABAg,Comment on: Ask Photos: NEW Google Photos AI Search is Here!,@fisherguy,"Lost me at .42, the first step.  ""Bottom right of your bottom menus bar"", where do I find this??
I'm in Canada, is this a US only thing?",2024-12-24T19:41:28+00:00,3.0,en,Google Photos AI search,2026-09-23T18:18:43.751077+00:00,possibly_relevant,"Discusses Google Photos search capabilities, Ask Photos, AI search algorithms, or photo organization, but evidence on vague personal retrieval is partial or high-level.",unknown,,,"keyword_search, Ask_Google_Photos, natural_language_search",,unknown,,,unknown,"""Bottom right of your bottom menus bar"", where do I find this??",direct
youtube_UgzvajSgPglDW6zo4Nx4AaABAg,youtube,youtube,UgzvajSgPglDW6zo4Nx4AaABAg,https://www.youtube.com/watch?v=EbUOFX_-Nsc&lc=UgzvajSgPglDW6zo4Nx4AaABAg,Comment on: Ask Photos: NEW Google Photos AI Search is Here!,@ericrobin5709,This is really helpful very interesting 🤔,2025-10-30T22:42:13+00:00,0.0,en,Google Photos AI search,2026-09-23T18:18:43.751097+00:00,possibly_relevant,"Discusses Google Photos search capabilities, Ask Photos, AI search algorithms, or photo organization, but evidence on vague personal retrieval is partial or high-level.",unknown,,,"keyword_search, Ask_Google_Photos, natural_language_search",,unknown,,,unknown,This is really helpful very interesting 🤔,indirect
youtube_UgxKOx9ORbYpFY_ItsZ4AaABAg,youtube,youtube,UgxKOx9ORbYpFY_ItsZ4AaABAg,https://www.youtube.com/watch?v=EbUOFX_-Nsc&lc=UgxKOx9ORbYpFY_ItsZ4AaABAg,Comment on: Ask Photos: NEW Google Photos AI Search is Here!,@Marylyn-m5o,"Hello just got this on my phone as option to seach today, but I am afraid to try if I have to do all the faces amd names over. I take 1000s of photos and this took a long time to set up and hide 1x strangers in pics and screenshots.  So question is if it is already there will it remain exactly the same with me just having a headstart or if I update my version today and/or try this search will I lose that work and need to staet all over? I spent years training the classic search on who is the same person in look- alike shots.",2025-08-28T05:58:20+00:00,0.0,en,Google Photos AI search,2026-09-23T18:18:43.751116+00:00,possibly_relevant,"Discusses Google Photos search capabilities, Ask Photos, AI search algorithms, or photo organization, but evidence on vague personal retrieval is partial or high-level.",screenshot,person,,"keyword_search, Ask_Google_Photos, natural_language_search",,unknown,,,found_after_excessive_effort,I take 1000s of photos and this took a long time to set up and hide 1x strangers in pics and screenshots.,direct
youtube_Ugwc_obFPVkORIg2O_l4AaABAg,youtube,youtube,Ugwc_obFPVkORIg2O_l4AaABAg,https://www.youtube.com/watch?v=EbUOFX_-Nsc&lc=Ugwc_obFPVkORIg2O_l4AaABAg,Comment on: Ask Photos: NEW Google Photos AI Search is Here!,@vonkraftmc638,"I'm lost... I go to the website to join the waitlist, and I don't see any ability to do so. I just see a bunch of blog posts and messages saying to ""Get the App"" or ""Visit Google Photos"". Is the waitlist closed? Or do you automatically join the waitlist by having Google Photos?",2025-08-12T14:43:07+00:00,0.0,en,Google Photos AI search,2026-09-23T18:18:43.751136+00:00,possibly_relevant,"Discusses Google Photos search capabilities, Ask Photos, AI search algorithms, or photo organization, but evidence on vague personal retrieval is partial or high-level.",unknown,,,"keyword_search, Ask_Google_Photos, natural_language_search",,unknown,,,unknown,"I just see a bunch of blog posts and messages saying to ""Get the App"" or ""Visit Google Photos"".",direct
youtube_UgyEc8ChfYmLWEJ-oLl4AaABAg,youtube,youtube,UgyEc8ChfYmLWEJ-oLl4AaABAg,https://www.youtube.com/watch?v=EbUOFX_-Nsc&lc=UgyEc8ChfYmLWEJ-oLl4AaABAg,Comment on: Ask Photos: NEW Google Photos AI Search is Here!,@StreetlightPulse,I have the brand new pixel 10 but for some reason I don't have this feature. I thought this was supposed to be built in on the pixel 10 but not available on my phone whatsoever. I'm in the USA. Do you have any clue as to why it's not showing up? Thank you,2025-09-27T12:07:18+00:00,0.0,en,Google Photos AI search,2026-09-23T18:18:43.751155+00:00,possibly_relevant,"Discusses Google Photos search capabilities, Ask Photos, AI search algorithms, or photo organization, but evidence on vague personal retrieval is partial or high-level.",unknown,,,"keyword_search, Ask_Google_Photos, natural_language_search",,unknown,,,unknown,I have the brand new pixel 10 but for some reason I don't have this feature. I thought this was supposed to be built in on the pixel 10 but not available on my phone whatsoever. I',direct
youtube_Ugx56aaJP8Pl_xoMm0p4AaABAg,youtube,youtube,Ugx56aaJP8Pl_xoMm0p4AaABAg,https://www.youtube.com/watch?v=EbUOFX_-Nsc&lc=Ugx56aaJP8Pl_xoMm0p4AaABAg,Comment on: Ask Photos: NEW Google Photos AI Search is Here!,@bestlifeafter40,I have a new Samsung Ultra 24 but not ASK Photos on my Google Photos app.  How do you get it?  I still have the SEARCH tab at bottom of screen.  I have Gemini on my phone.,2025-01-07T02:41:13+00:00,1.0,en,Google Photos AI search,2026-09-23T18:18:43.751175+00:00,possibly_relevant,"Discusses Google Photos search capabilities, Ask Photos, AI search algorithms, or photo organization, but evidence on vague personal retrieval is partial or high-level.",unknown,,,"keyword_search, Ask_Google_Photos, natural_language_search",,unknown,,,unknown,I have a new Samsung Ultra 24 but not ASK Photos on my Google Photos app.,direct
youtube_UgzVP4Oe6zBQtkdAngx4AaABAg,youtube,youtube,UgzVP4Oe6zBQtkdAngx4AaABAg,https://www.youtube.com/watch?v=EbUOFX_-Nsc&lc=UgzVP4Oe6zBQtkdAngx4AaABAg,Comment on: Ask Photos: NEW Google Photos AI Search is Here!,@milad4141,How receive with update or notifaction or other way? You told way,2024-10-11T15:54:42+00:00,0.0,en,Google Photos AI search,2026-09-23T18:18:43.751193+00:00,possibly_relevant,"Discusses Google Photos search capabilities, Ask Photos, AI search algorithms, or photo organization, but evidence on vague personal retrieval is partial or high-level.",unknown,,,"keyword_search, Ask_Google_Photos, natural_language_search",,unknown,,,unknown,How receive with update or notifaction or other way? You told way,indirect
youtube_UgxHRlI-mloIPU491Uh4AaABAg,youtube,youtube,UgxHRlI-mloIPU491Uh4AaABAg,https://www.youtube.com/watch?v=4VeG9ABk1x4&lc=UgxHRlI-mloIPU491Uh4AaABAg,Comment on: kisi bhi photo ko google par kaise search kare | #shorts #google,@DilrajMeena006,"किसी भी सहायता के लिए Telegram पर संपर्क करें 👇
https://t.me/Dkmeena006",2026-02-05T03:45:16+00:00,2.0,en,Google Photos AI search,2026-09-23T18:18:43.933133+00:00,possibly_relevant,"Discusses Google Photos search capabilities, Ask Photos, AI search algorithms, or photo organization, but evidence on vague personal retrieval is partial or high-level.",unknown,,,keyword_search,,unknown,,,unknown,"किसी भी सहायता के लिए Telegram पर संपर्क करें 👇
https://t.me/Dkmeena006",indirect
youtube_Ugw3vu2N45X1yoXUAht4AaABAg,youtube,youtube,Ugw3vu2N45X1yoXUAht4AaABAg,https://www.youtube.com/watch?v=4VeG9ABk1x4&lc=Ugw3vu2N45X1yoXUAht4AaABAg,Comment on: kisi bhi photo ko google par kaise search kare | #shorts #google,@luci_edits71,❤❤❤,2025-02-26T11:42:29+00:00,4.0,en,Google Photos AI search,2026-09-23T18:18:43.933264+00:00,possibly_relevant,"Discusses Google Photos search capabilities, Ask Photos, AI search algorithms, or photo organization, but evidence on vague personal retrieval is partial or high-level.",unknown,,,keyword_search,,unknown,,,unknown,Comment on: kisi bhi photo ko google par kaise search kare | #shorts #google,indirect
youtube_UgyXxDPuVCoarlER76l4AaABAg,youtube,youtube,UgyXxDPuVCoarlER76l4AaABAg,https://www.youtube.com/watch?v=4VeG9ABk1x4&lc=UgyXxDPuVCoarlER76l4AaABAg,Comment on: kisi bhi photo ko google par kaise search kare | #shorts #google,@radhavarma2409,Hmm,2025-05-02T05:06:42+00:00,2.0,en,Google Photos AI search,2026-09-23T18:18:43.933354+00:00,possibly_relevant,"Discusses Google Photos search capabilities, Ask Photos, AI search algorithms, or photo organization, but evidence on vague personal retrieval is partial or high-level.",unknown,,,keyword_search,,unknown,,,unknown,Comment on: kisi bhi photo ko google par kaise search kare | #shorts #google,indirect
youtube_UgygXksKSKCuVfRwfg14AaABAg,youtube,youtube,UgygXksKSKCuVfRwfg14AaABAg,https://www.youtube.com/watch?v=4VeG9ABk1x4&lc=UgygXksKSKCuVfRwfg14AaABAg,Comment on: kisi bhi photo ko google par kaise search kare | #shorts #google,@MD.SHUAIb.m6i,"Me apne phone per screenshot lene ke baad share pe click krta hu
Fir Google search image krta hu
To .  Unable to open image
Aa aaa raha ha😢
Help me Bhai❤",2025-02-28T19:23:57+00:00,9.0,en,Google Photos AI search,2026-09-23T18:18:43.933436+00:00,possibly_relevant,"Discusses Google Photos search capabilities, Ask Photos, AI search algorithms, or photo organization, but evidence on vague personal retrieval is partial or high-level.",screenshot,,,keyword_search,,unknown,,,unknown,"Me apne phone per screenshot lene ke baad share pe click krta hu
Fir Google search image krta hu
To .",indirect
youtube_UgzaDcC4qqQUTM1ScBN4AaABAg,youtube,youtube,UgzaDcC4qqQUTM1ScBN4AaABAg,https://www.youtube.com/watch?v=4VeG9ABk1x4&lc=UgzaDcC4qqQUTM1ScBN4AaABAg,Comment on: kisi bhi photo ko google par kaise search kare | #shorts #google,@sragouri3311,Googles photos m lens ka option ata tha ab nh a rha,2025-08-31T14:18:34+00:00,3.0,en,Google Photos AI search,2026-09-23T18:18:43.933519+00:00,possibly_relevant,"Discusses Google Photos search capabilities, Ask Photos, AI search algorithms, or photo organization, but evidence on vague personal retrieval is partial or high-level.",unknown,,,"keyword_search, Google_Lens",,unknown,,,unknown,Googles photos m lens ka option ata tha ab nh a rha,indirect
youtube_Ugxd92wFD19qxdSExvZ4AaABAg,youtube,youtube,Ugxd92wFD19qxdSExvZ4AaABAg,https://www.youtube.com/watch?v=4VeG9ABk1x4&lc=Ugxd92wFD19qxdSExvZ4AaABAg,Comment on: kisi bhi photo ko google par kaise search kare | #shorts #google,@GoluPrem-h9b9w,Thank you ❤,2025-07-21T07:14:29+00:00,1.0,en,Google Photos AI search,2026-09-23T18:18:43.933597+00:00,possibly_relevant,"Discusses Google Photos search capabilities, Ask Photos, AI search algorithms, or photo organization, but evidence on vague personal retrieval is partial or high-level.",unknown,,,keyword_search,,unknown,,,unknown,Thank you ❤,indirect
youtube_UgyxFHdP_c1dJvuBYSZ4AaABAg,youtube,youtube,UgyxFHdP_c1dJvuBYSZ4AaABAg,https://www.youtube.com/watch?v=4VeG9ABk1x4&lc=UgyxFHdP_c1dJvuBYSZ4AaABAg,Comment on: kisi bhi photo ko google par kaise search kare | #shorts #google,@DuaSamo-q6q,😮,2026-06-02T14:57:49+00:00,0.0,en,Google Photos AI search,2026-09-23T18:18:43.933674+00:00,possibly_relevant,"Discusses Google Photos search capabilities, Ask Photos, AI search algorithms, or photo organization, but evidence on vague personal retrieval is partial or high-level.",unknown,,,keyword_search,,unknown,,,unknown,Comment on: kisi bhi photo ko google par kaise search kare | #shorts #google,indirect
youtube_UgwYs5hGHRJPQVrtpwF4AaABAg,youtube,youtube,UgwYs5hGHRJPQVrtpwF4AaABAg,https://www.youtube.com/watch?v=4VeG9ABk1x4&lc=UgwYs5hGHRJPQVrtpwF4AaABAg,Comment on: kisi bhi photo ko google par kaise search kare | #shorts #google,@Ck_Gaming_110,Full video 😢,2025-11-22T11:59:22+00:00,0.0,en,Google Photos AI search,2026-09-23T18:18:43.933752+00:00,possibly_relevant,"Discusses Google Photos search capabilities, Ask Photos, AI search algorithms, or photo organization, but evidence on vague personal retrieval is partial or high-level.",unknown,,,keyword_search,,unknown,,,unknown,Full video 😢,indirect
youtube_UgzLZ6Ck9Vwvu2z25R14AaABAg,youtube,youtube,UgzLZ6Ck9Vwvu2z25R14AaABAg,https://www.youtube.com/watch?v=4VeG9ABk1x4&lc=UgzLZ6Ck9Vwvu2z25R14AaABAg,Comment on: kisi bhi photo ko google par kaise search kare | #shorts #google,@malikazan-s8w,image,2025-12-03T04:03:28+00:00,0.0,en,Google Photos AI search,2026-09-23T18:18:43.933828+00:00,possibly_relevant,"Discusses Google Photos search capabilities, Ask Photos, AI search algorithms, or photo organization, but evidence on vague personal retrieval is partial or high-level.",unknown,,,keyword_search,,unknown,,,unknown,Comment on: kisi bhi photo ko google par kaise search kare | #shorts #google,indirect
youtube_UgwubId4_zxQW9xjplp4AaABAg,youtube,youtube,UgwubId4_zxQW9xjplp4AaABAg,https://www.youtube.com/watch?v=4VeG9ABk1x4&lc=UgwubId4_zxQW9xjplp4AaABAg,Comment on: kisi bhi photo ko google par kaise search kare | #shorts #google,@sragouri3311,First ap nny kia likh k search kia?,2025-08-31T14:19:06+00:00,0.0,en,Google Photos AI search,2026-09-23T18:18:43.933906+00:00,possibly_relevant,"Discusses Google Photos search capabilities, Ask Photos, AI search algorithms, or photo organization, but evidence on vague personal retrieval is partial or high-level.",unknown,,,keyword_search,,unknown,,,unknown,First ap nny kia likh k search kia?,indirect
youtube_UgxEsJk2vF-A_eQlsL94AaABAg,youtube,youtube,UgxEsJk2vF-A_eQlsL94AaABAg,https://www.youtube.com/watch?v=X90TlQ4VUds&lc=UgxEsJk2vF-A_eQlsL94AaABAg,Comment on: Google Par Photo Kaise Search Kare ? how to Search by image on Google,@rupalijoshi4401,"Thanks brother mera work ho gaya bohot help hui is vediose thank u so much....
😃😃🤗🤗👍👍",2021-05-21T11:02:27+00:00,2.0,en,Google Photos AI search,2026-09-23T18:18:45.332039+00:00,possibly_relevant,"Discusses Google Photos search capabilities, Ask Photos, AI search algorithms, or photo organization, but evidence on vague personal retrieval is partial or high-level.",person_family,,,keyword_search,,unknown,,,unknown,"Thanks brother mera work ho gaya bohot help hui is vediose thank u so much....
😃😃🤗🤗👍👍",indirect
youtube_Ugzi4CRL2XGXMSq3BB94AaABAg,youtube,youtube,Ugzi4CRL2XGXMSq3BB94AaABAg,https://www.youtube.com/watch?v=X90TlQ4VUds&lc=Ugzi4CRL2XGXMSq3BB94AaABAg,Comment on: Google Par Photo Kaise Search Kare ? how to Search by image on Google,@RAM108P,Nice,2020-12-12T16:13:03+00:00,1.0,en,Google Photos AI search,2026-09-23T18:18:45.332175+00:00,possibly_relevant,"Discusses Google Photos search capabilities, Ask Photos, AI search algorithms, or photo organization, but evidence on vague personal retrieval is partial or high-level.",unknown,,,keyword_search,,unknown,,,unknown,Comment on: Google Par Photo Kaise Search Kare ? how to Search by image on Google,indirect
youtube_UgwPqhtX0ZJqhLON5SV4AaABAg,youtube,youtube,UgwPqhtX0ZJqhLON5SV4AaABAg,https://www.youtube.com/watch?v=X90TlQ4VUds&lc=UgwPqhtX0ZJqhLON5SV4AaABAg,Comment on: Google Par Photo Kaise Search Kare ? how to Search by image on Google,@ayushthetechnicalchannel6219,Google image search photo bhi save krta hai jo ham log upload krte hain ya usko use krta hain please reply kariya .🙏🙏🙏🙏,2021-05-15T12:11:54+00:00,0.0,en,Google Photos AI search,2026-09-23T18:18:45.332273+00:00,possibly_relevant,"Discusses Google Photos search capabilities, Ask Photos, AI search algorithms, or photo organization, but evidence on vague personal retrieval is partial or high-level.",unknown,,,keyword_search,,unknown,,,unknown,Google image search photo bhi save krta hai jo ham log upload krte hain ya usko use krta hain please reply kariya .🙏🙏🙏🙏,indirect
youtube_UgySue0oRbWQVosIqSt4AaABAg,youtube,youtube,UgySue0oRbWQVosIqSt4AaABAg,https://www.youtube.com/watch?v=X90TlQ4VUds&lc=UgySue0oRbWQVosIqSt4AaABAg,Comment on: Google Par Photo Kaise Search Kare ? how to Search by image on Google,@dharmendramesvaniya4227,*Good information brother☑️*,2022-04-29T06:01:04+00:00,0.0,en,Google Photos AI search,2026-09-23T18:18:45.332363+00:00,possibly_relevant,"Discusses Google Photos search capabilities, Ask Photos, AI search algorithms, or photo organization, but evidence on vague personal retrieval is partial or high-level.",person_family,,,keyword_search,,unknown,,,unknown,*Good information brother☑️*,indirect
youtube_Ugzi6SQPYLLgSQ9P48d4AaABAg,youtube,youtube,Ugzi6SQPYLLgSQ9P48d4AaABAg,https://www.youtube.com/watch?v=X90TlQ4VUds&lc=Ugzi6SQPYLLgSQ9P48d4AaABAg,Comment on: Google Par Photo Kaise Search Kare ? how to Search by image on Google,@musicworld2538,Thanks bro,2021-06-22T05:14:18+00:00,0.0,en,Google Photos AI search,2026-09-23T18:18:45.332445+00:00,possibly_relevant,"Discusses Google Photos search capabilities, Ask Photos, AI search algorithms, or photo organization, but evidence on vague personal retrieval is partial or high-level.",unknown,,,keyword_search,,unknown,,,unknown,Comment on: Google Par Photo Kaise Search Kare ? how to Search by image on Google,indirect
youtube_Ugw9GSS1HpZBbLUlWGh4AaABAg,youtube,youtube,Ugw9GSS1HpZBbLUlWGh4AaABAg,https://www.youtube.com/watch?v=X90TlQ4VUds&lc=Ugw9GSS1HpZBbLUlWGh4AaABAg,Comment on: Google Par Photo Kaise Search Kare ? how to Search by image on Google,@Chetan_Gurjar181,Waaoo,2021-04-04T16:08:08+00:00,0.0,en,Google Photos AI search,2026-09-23T18:18:45.332535+00:00,possibly_relevant,"Discusses Google Photos search capabilities, Ask Photos, AI search algorithms, or photo organization, but evidence on vague personal retrieval is partial or high-level.",unknown,,,keyword_search,,unknown,,,unknown,Comment on: Google Par Photo Kaise Search Kare ? how to Search by image on Google,indirect
youtube_UgwM602qICYeB5bQcPV4AaABAg,youtube,youtube,UgwM602qICYeB5bQcPV4AaABAg,https://www.youtube.com/watch?v=X90TlQ4VUds&lc=UgwM602qICYeB5bQcPV4AaABAg,Comment on: Google Par Photo Kaise Search Kare ? how to Search by image on Google,@karankumardas3731,Tnx bro.,2021-09-16T09:59:02+00:00,0.0,en,Google Photos AI search,2026-09-23T18:18:45.332622+00:00,possibly_relevant,"Discusses Google Photos search capabilities, Ask Photos, AI search algorithms, or photo organization, but evidence on vague personal retrieval is partial or high-level.",unknown,,,keyword_search,,unknown,,,unknown,Comment on: Google Par Photo Kaise Search Kare ? how to Search by image on Google,indirect
youtube_UgxXfcB9ZjV6TY74q814AaABAg,youtube,youtube,UgxXfcB9ZjV6TY74q814AaABAg,https://www.youtube.com/watch?v=X90TlQ4VUds&lc=UgxXfcB9ZjV6TY74q814AaABAg,Comment on: Google Par Photo Kaise Search Kare ? how to Search by image on Google,@INSPIREGoodtoGreat,Thank you,2021-06-12T15:37:29+00:00,0.0,en,Google Photos AI search,2026-09-23T18:18:45.332703+00:00,possibly_relevant,"Discusses Google Photos search capabilities, Ask Photos, AI search algorithms, or photo organization, but evidence on vague personal retrieval is partial or high-level.",unknown,,,keyword_search,,unknown,,,unknown,Comment on: Google Par Photo Kaise Search Kare ? how to Search by image on Google,indirect
youtube_Ugw89iijODnk6CwrOBh4AaABAg,youtube,youtube,Ugw89iijODnk6CwrOBh4AaABAg,https://www.youtube.com/watch?v=X90TlQ4VUds&lc=Ugw89iijODnk6CwrOBh4AaABAg,Comment on: Google Par Photo Kaise Search Kare ? how to Search by image on Google,@emperorpratik3525,Thanks 😊,2021-07-07T07:00:46+00:00,2.0,en,Google Photos AI search,2026-09-23T18:18:45.332809+00:00,possibly_relevant,"Discusses Google Photos search capabilities, Ask Photos, AI search algorithms, or photo organization, but evidence on vague personal retrieval is partial or high-level.",unknown,,,keyword_search,,unknown,,,unknown,Comment on: Google Par Photo Kaise Search Kare ? how to Search by image on Google,indirect
youtube_UgxLqpHWQlJAmOA0sKd4AaABAg,youtube,youtube,UgxLqpHWQlJAmOA0sKd4AaABAg,https://www.youtube.com/watch?v=X90TlQ4VUds&lc=UgxLqpHWQlJAmOA0sKd4AaABAg,Comment on: Google Par Photo Kaise Search Kare ? how to Search by image on Google,@Renukasinwer1608,"Thanks for your good information .
Very nice 🖖👍",2023-02-18T02:35:51+00:00,6.0,en,Google Photos AI search,2026-09-23T18:18:45.332894+00:00,possibly_relevant,"Discusses Google Photos search capabilities, Ask Photos, AI search algorithms, or photo organization, but evidence on vague personal retrieval is partial or high-level.",unknown,,,keyword_search,,unknown,,,unknown,"Thanks for your good information .
Very nice 🖖👍",indirect
youtube_Ugz1ZY8l2dN94D1KdaR4AaABAg,youtube,youtube,Ugz1ZY8l2dN94D1KdaR4AaABAg,https://www.youtube.com/watch?v=lkVlcjeusjA&lc=Ugz1ZY8l2dN94D1KdaR4AaABAg,Comment on: Search Google by Image with the iPhone app!,@orestqystri3507,I dont understand why iphone doesn’t make it accessible on safari wich is their main browswer,2023-06-08T09:25:51+00:00,152.0,en,Google Photos AI search,2026-09-23T18:18:45.449604+00:00,possibly_relevant,"Discusses Google Photos search capabilities, Ask Photos, AI search algorithms, or photo organization, but evidence on vague personal retrieval is partial or high-level.",unknown,,,keyword_search,,unknown,,,unknown,I dont understand why iphone doesn’t make it accessible on safari wich is their main browswer,direct
youtube_UgwvzVdp3zrpLyTVjAt4AaABAg,youtube,youtube,UgwvzVdp3zrpLyTVjAt4AaABAg,https://www.youtube.com/watch?v=lkVlcjeusjA&lc=UgwvzVdp3zrpLyTVjAt4AaABAg,Comment on: Search Google by Image with the iPhone app!,@SanataniVloggerpatel,"how to video stable in iphone by google photo


video stable is already given in android by google photo but this option not showing in iphone",2023-01-01T02:34:00+00:00,0.0,en,Google Photos AI search,2026-09-23T18:18:45.449693+00:00,possibly_relevant,"Discusses Google Photos search capabilities, Ask Photos, AI search algorithms, or photo organization, but evidence on vague personal retrieval is partial or high-level.",unknown,,,keyword_search,,unknown,,,unknown,how to video stable in iphone by google photo,indirect
youtube_UgyLvcVndmhO-Lf4o6t4AaABAg,youtube,youtube,UgyLvcVndmhO-Lf4o6t4AaABAg,https://www.youtube.com/watch?v=lkVlcjeusjA&lc=UgyLvcVndmhO-Lf4o6t4AaABAg,Comment on: Search Google by Image with the iPhone app!,@thepinkyprincesspoetc.a.5767,I have an iPhone 14 Pro Max and it’s not working on my phone,2024-05-01T13:55:32+00:00,27.0,en,Google Photos AI search,2026-09-23T18:18:45.449754+00:00,possibly_relevant,"Discusses Google Photos search capabilities, Ask Photos, AI search algorithms, or photo organization, but evidence on vague personal retrieval is partial or high-level.",unknown,,,keyword_search,,unknown,,,unknown,I have an iPhone 14 Pro Max and it’s not working on my phone,direct
youtube_Ugw_pFpZETe9OeV3PuF4AaABAg,youtube,youtube,Ugw_pFpZETe9OeV3PuF4AaABAg,https://www.youtube.com/watch?v=lkVlcjeusjA&lc=Ugw_pFpZETe9OeV3PuF4AaABAg,Comment on: Search Google by Image with the iPhone app!,@Yme-br0,"Why can't I just circle the image to search, like you can on Samsung?",2025-03-23T00:06:03+00:00,2.0,en,Google Photos AI search,2026-09-23T18:18:45.449808+00:00,possibly_relevant,"Discusses Google Photos search capabilities, Ask Photos, AI search algorithms, or photo organization, but evidence on vague personal retrieval is partial or high-level.",unknown,,,keyword_search,,unknown,,,unknown,"Why can't I just circle the image to search, like you can on Samsung?",direct
youtube_UgwCDXc_fJFb0Xu_Yg94AaABAg,youtube,youtube,UgwCDXc_fJFb0Xu_Yg94AaABAg,https://www.youtube.com/watch?v=lkVlcjeusjA&lc=UgwCDXc_fJFb0Xu_Yg94AaABAg,Comment on: Search Google by Image with the iPhone app!,@anwarmohiuddin320,Doesn’t show the plus sign on image,2024-02-16T09:43:32+00:00,12.0,en,Google Photos AI search,2026-09-23T18:18:45.449858+00:00,possibly_relevant,"Discusses Google Photos search capabilities, Ask Photos, AI search algorithms, or photo organization, but evidence on vague personal retrieval is partial or high-level.",unknown,object,,keyword_search,,unknown,,,unknown,Doesn’t show the plus sign on image,indirect
youtube_Ugyy4ZInwyKzhYfQi514AaABAg,youtube,youtube,Ugyy4ZInwyKzhYfQi514AaABAg,https://www.youtube.com/watch?v=lkVlcjeusjA&lc=Ugyy4ZInwyKzhYfQi514AaABAg,Comment on: Search Google by Image with the iPhone app!,@gheymuller8890,How do you print a image off of Google on the phone?😢,2024-12-06T01:53:40+00:00,0.0,en,Google Photos AI search,2026-09-23T18:18:45.449908+00:00,possibly_relevant,"Discusses Google Photos search capabilities, Ask Photos, AI search algorithms, or photo organization, but evidence on vague personal retrieval is partial or high-level.",unknown,,,keyword_search,,unknown,,,unknown,How do you print a image off of Google on the phone?😢,indirect
youtube_Ugx8VJGDuCTV2AbppMt4AaABAg,youtube,youtube,Ugx8VJGDuCTV2AbppMt4AaABAg,https://www.youtube.com/watch?v=lkVlcjeusjA&lc=Ugx8VJGDuCTV2AbppMt4AaABAg,Comment on: Search Google by Image with the iPhone app!,@Kimmer4444,"This didn’t work for me. I have IOS 17.2.1. When I drug the photo up to the search area on the Google app, the + sign never appeared. Any suggestions?",2023-12-23T00:42:06+00:00,44.0,en,Google Photos AI search,2026-09-23T18:18:45.449957+00:00,possibly_relevant,"Discusses Google Photos search capabilities, Ask Photos, AI search algorithms, or photo organization, but evidence on vague personal retrieval is partial or high-level.",unknown,object,,keyword_search,,unknown,,,unknown,"When I drug the photo up to the search area on the Google app, the + sign never appeared.",direct
youtube_UgzA1TZaxIIp2sM-UoF4AaABAg,youtube,youtube,UgzA1TZaxIIp2sM-UoF4AaABAg,https://www.youtube.com/watch?v=lkVlcjeusjA&lc=UgzA1TZaxIIp2sM-UoF4AaABAg,Comment on: Search Google by Image with the iPhone app!,@jyesucevitz,"no extra app on samsung S24+ (and others I'm sure.) have a similar feature.
as long as the image is on the screen press and hold the
home button. the screen will change color. Just circle the
item in the images and the AI will do a Google search.",2024-09-04T12:38:12+00:00,3.0,en,Google Photos AI search,2026-09-23T18:18:45.450006+00:00,possibly_relevant,"Discusses Google Photos search capabilities, Ask Photos, AI search algorithms, or photo organization, but evidence on vague personal retrieval is partial or high-level.",unknown,visual_appearance,,keyword_search,,unknown,,,unknown,"Just circle the
item in the images and the AI will do a Google search.",direct
youtube_UgzyKnFJojtScxz8ZYZ4AaABAg,youtube,youtube,UgzyKnFJojtScxz8ZYZ4AaABAg,https://www.youtube.com/watch?v=lkVlcjeusjA&lc=UgzyKnFJojtScxz8ZYZ4AaABAg,Comment on: Search Google by Image with the iPhone app!,@Epicgamer69-c2z,This didnt work for my iphone when the plus appeared and i let it go it just sat there then disappeared after a second,2024-12-19T00:51:25+00:00,13.0,en,Google Photos AI search,2026-09-23T18:18:45.450054+00:00,possibly_relevant,"Discusses Google Photos search capabilities, Ask Photos, AI search algorithms, or photo organization, but evidence on vague personal retrieval is partial or high-level.",unknown,,,keyword_search,,unknown,,,unknown,This didnt work for my iphone when the plus appeared and i let it go it just sat there then disappeared after a second,direct
youtube_Ugx4AHVXebWK9oQU8Zd4AaABAg,youtube,youtube,Ugx4AHVXebWK9oQU8Zd4AaABAg,https://www.youtube.com/watch?v=lkVlcjeusjA&lc=Ugx4AHVXebWK9oQU8Zd4AaABAg,Comment on: Search Google by Image with the iPhone app!,@GamesMaester,"Or, install the Google app > tap share button in the photos app > add “search with Google lens“",2024-07-14T05:00:15+00:00,0.0,en,Google Photos AI search,2026-09-23T18:18:45.450104+00:00,possibly_relevant,"Discusses Google Photos search capabilities, Ask Photos, AI search algorithms, or photo organization, but evidence on vague personal retrieval is partial or high-level.",unknown,,,"keyword_search, Google_Lens",,unknown,,,unknown,"Or, install the Google app > tap share button in the photos app > add “search with Google lens“",indirect
youtube_UgwkhAOMwwqjBxeMci94AaABAg,youtube,youtube,UgwkhAOMwwqjBxeMci94AaABAg,https://www.youtube.com/watch?v=k0Z-pYk-I8s&lc=UgwkhAOMwwqjBxeMci94AaABAg,Comment on: how to search by image on google | kisi bhi photo ko google par kaise search kare | #shorts #short,@laxmikumari-nj9ul,Thank you 😊 bhaiya first time Maine you tube per Maine kisi. Ko thanks bola h kyuki ye videoujhe kaphi achha laga h,2024-05-24T08:53:21+00:00,16.0,en,Google Photos AI search,2026-09-23T18:18:45.852100+00:00,possibly_relevant,"Discusses Google Photos search capabilities, Ask Photos, AI search algorithms, or photo organization, but evidence on vague personal retrieval is partial or high-level.",unknown,,,keyword_search,,unknown,,,unknown,Thank you 😊 bhaiya first time Maine you tube per Maine kisi. Ko thanks bola h kyuki ye videoujhe kaphi achha laga h,indirect
youtube_UgxnW0dzytsofvKpCz54AaABAg,youtube,youtube,UgxnW0dzytsofvKpCz54AaABAg,https://www.youtube.com/watch?v=k0Z-pYk-I8s&lc=UgxnW0dzytsofvKpCz54AaABAg,Comment on: how to search by image on google | kisi bhi photo ko google par kaise search kare | #shorts #short,@Pkart_09,Good bhai wah,2022-09-09T09:03:25+00:00,3.0,en,Google Photos AI search,2026-09-23T18:18:45.852182+00:00,possibly_relevant,"Discusses Google Photos search capabilities, Ask Photos, AI search algorithms, or photo organization, but evidence on vague personal retrieval is partial or high-level.",unknown,,,keyword_search,,unknown,,,unknown,Good bhai wah,indirect
youtube_Ugzr-kdOz7Rt_4l0Uvh4AaABAg,youtube,youtube,Ugzr-kdOz7Rt_4l0Uvh4AaABAg,https://www.youtube.com/watch?v=k0Z-pYk-I8s&lc=Ugzr-kdOz7Rt_4l0Uvh4AaABAg,Comment on: how to search by image on google | kisi bhi photo ko google par kaise search kare | #shorts #short,@Milan_bhokalva,Thank you Bhai ❤,2023-12-01T16:53:44+00:00,11.0,en,Google Photos AI search,2026-09-23T18:18:45.852242+00:00,possibly_relevant,"Discusses Google Photos search capabilities, Ask Photos, AI search algorithms, or photo organization, but evidence on vague personal retrieval is partial or high-level.",unknown,,,keyword_search,,unknown,,,unknown,Thank you Bhai ❤,indirect
youtube_Ugy-vVGOXItX62LxHAx4AaABAg,youtube,youtube,Ugy-vVGOXItX62LxHAx4AaABAg,https://www.youtube.com/watch?v=k0Z-pYk-I8s&lc=Ugy-vVGOXItX62LxHAx4AaABAg,Comment on: how to search by image on google | kisi bhi photo ko google par kaise search kare | #shorts #short,@Shivani-7r3s,Thanks Bro,2022-09-23T08:02:29+00:00,5.0,en,Google Photos AI search,2026-09-23T18:18:45.852292+00:00,possibly_relevant,"Discusses Google Photos search capabilities, Ask Photos, AI search algorithms, or photo organization, but evidence on vague personal retrieval is partial or high-level.",unknown,,,keyword_search,,unknown,,,unknown,Comment on: how to search by image on google | kisi bhi photo ko google par kaise search kare | #shorts #short,indirect
youtube_Ugz5Yl6kqxjjg1HzF_d4AaABAg,youtube,youtube,Ugz5Yl6kqxjjg1HzF_d4AaABAg,https://www.youtube.com/watch?v=k0Z-pYk-I8s&lc=Ugz5Yl6kqxjjg1HzF_d4AaABAg,Comment on: how to search by image on google | kisi bhi photo ko google par kaise search kare | #shorts #short,@AxcelKiel,Stalker be like 😊 thank you,2024-04-19T15:30:50+00:00,7.0,en,Google Photos AI search,2026-09-23T18:18:45.852342+00:00,possibly_relevant,"Discusses Google Photos search capabilities, Ask Photos, AI search algorithms, or photo organization, but evidence on vague personal retrieval is partial or high-level.",unknown,,,keyword_search,,unknown,,,unknown,Stalker be like 😊 thank you,indirect
youtube_Ugw0nY8ffcr5WlDtw8J4AaABAg,youtube,youtube,Ugw0nY8ffcr5WlDtw8J4AaABAg,https://www.youtube.com/watch?v=k0Z-pYk-I8s&lc=Ugw0nY8ffcr5WlDtw8J4AaABAg,Comment on: how to search by image on google | kisi bhi photo ko google par kaise search kare | #shorts #short,@dua5835,Mai mere friend ka photo baar baar google pe check kiya karti thi kya usko pata chal gaya hoga q k ab google pe uska photo available nahi hai rply zarur karna,2025-04-04T21:44:47+00:00,2.0,en,Google Photos AI search,2026-09-23T18:18:45.852393+00:00,possibly_relevant,"Discusses Google Photos search capabilities, Ask Photos, AI search algorithms, or photo organization, but evidence on vague personal retrieval is partial or high-level.",person_family,person,,keyword_search,,unknown,,,unknown,Mai mere friend ka photo baar baar google pe check kiya karti thi kya usko pata chal gaya hoga q k ab google pe uska photo available nahi hai rply zarur karna,indirect
youtube_UgweQmgA2ncfbyD3oBN4AaABAg,youtube,youtube,UgweQmgA2ncfbyD3oBN4AaABAg,https://www.youtube.com/watch?v=k0Z-pYk-I8s&lc=UgweQmgA2ncfbyD3oBN4AaABAg,Comment on: how to search by image on google | kisi bhi photo ko google par kaise search kare | #shorts #short,@vasukanojiavlog7780,Thankyou bro,2022-07-16T12:07:56+00:00,6.0,en,Google Photos AI search,2026-09-23T18:18:45.852440+00:00,possibly_relevant,"Discusses Google Photos search capabilities, Ask Photos, AI search algorithms, or photo organization, but evidence on vague personal retrieval is partial or high-level.",unknown,,,keyword_search,,unknown,,,unknown,Thankyou bro,indirect
youtube_Ugx8pSMkZPJ4x7JvyMB4AaABAg,youtube,youtube,Ugx8pSMkZPJ4x7JvyMB4AaABAg,https://www.youtube.com/watch?v=k0Z-pYk-I8s&lc=Ugx8pSMkZPJ4x7JvyMB4AaABAg,Comment on: how to search by image on google | kisi bhi photo ko google par kaise search kare | #shorts #short,@hs_gaming_rs_1K,Really really really 😊thanks brother❤,2025-04-22T09:07:49+00:00,3.0,en,Google Photos AI search,2026-09-23T18:18:45.852484+00:00,possibly_relevant,"Discusses Google Photos search capabilities, Ask Photos, AI search algorithms, or photo organization, but evidence on vague personal retrieval is partial or high-level.",person_family,,,keyword_search,,unknown,,,unknown,Really really really 😊thanks brother❤,indirect
youtube_UgwQqr9yRtul_67aQh54AaABAg,youtube,youtube,UgwQqr9yRtul_67aQh54AaABAg,https://www.youtube.com/watch?v=k0Z-pYk-I8s&lc=UgwQqr9yRtul_67aQh54AaABAg,Comment on: how to search by image on google | kisi bhi photo ko google par kaise search kare | #shorts #short,@DipsonRitik-lg9oz,Nice 😊😊😊😊,2025-08-12T15:24:48+00:00,1.0,en,Google Photos AI search,2026-09-23T18:18:45.852528+00:00,possibly_relevant,"Discusses Google Photos search capabilities, Ask Photos, AI search algorithms, or photo organization, but evidence on vague personal retrieval is partial or high-level.",unknown,,,keyword_search,,unknown,,,unknown,Comment on: how to search by image on google | kisi bhi photo ko google par kaise search kare | #shorts #short,indirect
youtube_Ugy0IsXe2XbuYAejGI94AaABAg,youtube,youtube,Ugy0IsXe2XbuYAejGI94AaABAg,https://www.youtube.com/watch?v=k0Z-pYk-I8s&lc=Ugy0IsXe2XbuYAejGI94AaABAg,Comment on: how to search by image on google | kisi bhi photo ko google par kaise search kare | #shorts #short,@shubhamraut9339,Nice trick❤❤❤,2022-02-09T14:52:54+00:00,7.0,en,Google Photos AI search,2026-09-23T18:18:45.852571+00:00,possibly_relevant,"Discusses Google Photos search capabilities, Ask Photos, AI search algorithms, or photo organization, but evidence on vague personal retrieval is partial or high-level.",unknown,,,keyword_search,,unknown,,,unknown,Nice trick❤❤❤,indirect
forums_44031190,forums,hacker_news,44031190,https://news.ycombinator.com/item?id=44031190,Ask HN: Why does Google Photos' search suck?,sexy_seedbox,I take all my photos with Google Camera on a Google Pixel phone. I give Google all of my location and I even tag most of my photos with descriptive captions. How is it possible for it to only find 4 photos of &quot;cats&quot; when I have literally hundreds of cat photos on my phone?,2025-05-19T15:57:09+00:00,4.0,en,Google Photos search,2026-09-23T18:18:48.510050+00:00,possibly_relevant,"Discusses Google Photos search capabilities, Ask Photos, AI search algorithms, or photo organization, but evidence on vague personal retrieval is partial or high-level.",pet,place,,keyword_search,,unknown,,,unknown,I take all my photos with Google Camera on a Google Pixel phone.,direct
forums_5872446,forums,hacker_news,5872446,https://news.ycombinator.com/item?id=5872446,"Google's photo search break through, Linkin's MonitorRank and on-demand touring",alexdong,"Google's photo search break through, Linkin's MonitorRank and on-demand touring",2013-06-13T05:17:37+00:00,2.0,en,Google Photos search,2026-09-23T18:18:48.510113+00:00,possibly_relevant,"Discusses Google Photos search capabilities, Ask Photos, AI search algorithms, or photo organization, but evidence on vague personal retrieval is partial or high-level.",unknown,,,keyword_search,,unknown,,,unknown,"Google's photo search break through, Linkin's MonitorRank and on-demand touring",indirect
forums_11659016,forums,hacker_news,11659016,https://news.ycombinator.com/item?id=11659016,Google's photo search is eerily incredible,dangoldin,Google's photo search is eerily incredible,2016-05-09T11:44:46+00:00,2.0,en,Google Photos search,2026-09-23T18:18:48.510147+00:00,possibly_relevant,"Discusses Google Photos search capabilities, Ask Photos, AI search algorithms, or photo organization, but evidence on vague personal retrieval is partial or high-level.",unknown,,,keyword_search,,unknown,,,unknown,Google's photo search is eerily incredible,indirect
forums_41258398,forums,hacker_news,41258398,https://news.ycombinator.com/item?id=41258398,Ask HN: Alternatives to Google,rawgabbit,"This is my list of alternatives to Google software.  What am I missing?<p><pre><code>  Android OS: iOS
  Chrome Browser: Firefox, Safari
  Gmail: Microsoft Outlook, Proton Mail
  Google Flights&#x2F;Explore: none
  Google Home: Apple HomeKit, https:&#x2F;&#x2F;www.home-assistant.io 
  Google Maps: Apple Maps, Open Street Maps
  Google Meet: Zoom, Microsoft Teams
  Google Pay: Apple Pay, PayPal
  Google Photos: Apple iCloud Photos, Amazon Photos
  Google Search: DuckDuckGo, Kagi
  Google Translate: Apple Translator, DeepL, iTranslate, ChatGPT
  Google Workspace: Microsoft 365, Zoho Workplace, Apple iWork
  YouTube Music: Spotify, Apple Music, Amazon Music
  YouTube: Vimeo, Twitch, Dailymotion</code></pre>",2024-08-15T17:27:01+00:00,6.0,en,Google Photos search,2026-09-23T18:18:48.510181+00:00,possibly_relevant,"Discusses Google Photos search capabilities, Ask Photos, AI search algorithms, or photo organization, but evidence on vague personal retrieval is partial or high-level.",work,place,,keyword_search,,unknown,,,unknown,"Google Photos: Apple iCloud Photos, Amazon Photos",direct
forums_10926616,forums,hacker_news,10926616,https://news.ycombinator.com/item?id=10926616,"Ask HN: How to Use Google Drive for Storage, Google Photos for Viewing?",sssparkkk,"I&#x27;ve been trying to use Google Drive to backup (folder-based) all my photos and videos, but use Google Photos to search and view them.<p>This works when you configure Google Photos to also show photos from Drive. However, now it seems impossible to exclude the photos from some folders from showing up in Google Photos (I&#x27;ve tried a .nomedia file).<p>Another way to achieve this would be through the special &#x27;Google Photos&#x27; folder in Drive; except that it won&#x27;t sync photos back to Google Photos unless you turn on the setting to show all photos from drive.<p>Does anyone know if what I&#x27;m trying to achieve is even possible? I&#x27;m curious to hear your experiences of the Drive&#x2F;Photos combination!",2016-01-18T20:17:49+00:00,1.0,en,Google Photos search,2026-09-23T18:18:48.510214+00:00,possibly_relevant,"Discusses Google Photos search capabilities, Ask Photos, AI search algorithms, or photo organization, but evidence on vague personal retrieval is partial or high-level.",unknown,surrounding_circumstances,,keyword_search,,unknown,,Switching to third-party gallery or local file manager,unknown,"I&#x27;ve been trying to use Google Drive to backup (folder-based) all my photos and videos, but use Google Photos to search and view them.<p>This works when you configure Google",direct
forums_48572992,forums,hacker_news,48572992,https://news.ycombinator.com/item?id=48572992,Want your images back? That'll be $5,geor9e,"If Google Photos gave me my photos in one go, exactly as they are in the app, I&#x27;d gladly pay $5.<p>As it stands, they offer &quot;Takeout&quot; for free. This process gives you hundreds of zip files with the photos distributed into deep subfolders by date. That would be forgivable if it weren&#x27;t for the fact that they revert all their processing and deduping, leaving you with 20 copies of the same file scattered in random places. To make matters worse, if you try to download more than two zips at a time, it throws an error and forces you to start a new Takeout request. You then have to wait 24 hours for an email telling you that you can try downloading the zips all over again.<p>I just assume the project manager responsible is a Dark Triad personality whose sole goal in life is preventing people from ever leaving Google Photos.<p>My current strategy is to chisel it down by using the Google Photos search function to show 100 files as a time, which I download as a zip, then delete those 100 while they&#x27;re still selected. That way they are somewhat organized and still deduped, unlike the mess that Takeout gives me.",2026-06-17T16:42:57+00:00,0.0,en,Google Photos search,2026-09-23T18:18:48.510247+00:00,possibly_relevant,"Discusses Google Photos search capabilities, Ask Photos, AI search algorithms, or photo organization, but evidence on vague personal retrieval is partial or high-level.",unknown,"person, visual_appearance",,keyword_search,,unknown,,,unknown,"If Google Photos gave me my photos in one go, exactly as they are in the app, I&#x27;d gladly pay $5.<p>As it stands, they offer &quot;Takeout&quot; for free.",direct
forums_44182888,forums,hacker_news,44182888,https://news.ycombinator.com/item?id=44182888,"Designing better file organization around tags, not hierarchies (2017)",porridgeraisin,"Actually I don&#x27;t care for any kind of organization for personal files. I just search.<p>I have my _really_ important files that are cumbersome to recreate like a &lt;50kb jpg of my signature for those annoying forms, scans of my identity cards, etc, in ~&#x2F;Documents&#x2F;important<p>I have my to-read stuff in ~&#x2F;Documents&#x2F;books<p>All my other files are slammed together in ~&#x2F;Downloads. I search through the folder using everything.exe (on windows) or fsearch(on linux).<p>That already covers the 90% case, and for the rest recoll maintains a search index that even stores file contents (including zip,pdf,xml-based stuff like office files). It works well. These days I hear everything.exe itself supports searching within files.<p>On the other hand, I&#x27;m really picky about properly hierarchically organizing code files in any SW project I do, and proper hierarchical organizing of the app folder of any app I make. As for tags, the only reason I see myself using them is for pictures. It can enable a deterministic version of Google photos search. But I&#x27;m happy with Google photos search for now.",2025-06-04T17:02:11+00:00,0.0,en,Google Photos search,2026-09-23T18:18:48.510280+00:00,possibly_relevant,"Discusses Google Photos search capabilities, Ask Photos, AI search algorithms, or photo organization, but evidence on vague personal retrieval is partial or high-level.",unknown,"approximate_time, emotion_context",,keyword_search,,unknown,,,unknown,But I&#x27;m happy with Google photos search for now.,direct
forums_43896569,forums,hacker_news,43896569,https://news.ycombinator.com/item?id=43896569,On Not Carrying a Camera – Cultivating memories instead of snapshots,socalgal2,"I have at least 140k digital photos (almost 30 years of digital camera &#x2F; camera phone usage). They are all uploaded into google photos, not for archiving, just to have easy access. I look up and reference stuff all the time and while doing so I see lots of things that trigger memories. Many of those are &quot;a picture someone else would’ve already taken&quot; like famous places but it doesn&#x27;t matter. If they weren&#x27;t in my photo collection then they wouldn&#x27;t be there to bring back memories. Further, they are my picture of the time&#x2F;place&#x2F;date&#x2F;weather when I was there. Sure I look up pictures of the Grand Canyon or Times Square or the London Eye or the Eiffel Tower, those are not as powerful for my own use as the pictures I took.<p>Speaking of which, I&#x27;d get even more use of these pictures if Google photo search was better. I&#x27;m looking forward to when some photo service is 1000x better for searching. Right now if I put I can put in &quot;dog&quot; and see that it&#x27;s listing too many photos with no dog or pictures with &quot;hot-dog&quot;. If I enter &quot;black dog&quot; it shows pictures with black color somewhere in the picture, like a shadow, and a dog. If I enter &quot;dog with black hair&quot; it says no results, even though I pictures of black labs. I tried &quot;dog on beach&quot;. I know I have some. &quot;dog in pool&quot; got two results by I know a very dear picture of my younger sister with our dog in the pool and it didn&#x27;t find it.<p>Looking forward to LLM&#x2F;AI enhanced photo search so I can just say &quot;show me photos of my sister in the pool with our dog&quot; or &quot;show me pictures of my trip to paris with my mom&quot;. As it, I have to find these through other means (remembeing the date, etc...)",2025-05-05T16:09:45+00:00,0.0,en,Google Photos search,2026-09-23T18:18:48.510312+00:00,possibly_relevant,"Discusses Google Photos search capabilities, Ask Photos, AI search algorithms, or photo organization, but evidence on vague personal retrieval is partial or high-level.","travel, person_family, pet","person, place, event, visual_appearance, who_with, weather_season",,keyword_search,,understanding_to_retrieval,Search returns zero results for descriptive queries,,unknown,"If I enter &quot;dog with black hair&quot; it says no results, even though I pictures of black labs.",direct
forums_43292295,forums,hacker_news,43292295,https://news.ycombinator.com/item?id=43292295,Google change is breaking some digital photo frames,crazygringo,"Does it? From Google&#x27;s own docs, it seems tremendously unclear.<p>But from the official page it says [1]:<p>&gt; <i>For example, if your asking your users to share a specific album, you could include the following text on the same page your users connect to Google Photos: &quot;Connect to Google Photos, then search for the album you want to share.&quot;</i><p>This suggests that users <i>are</i> able to share a specific album that shares all photos within, without having to individually select.<p>It&#x27;s hard to see why Google would take away the ability to share all photos in an album, when that&#x27;s such a common use case.<p>If they <i>have</i> removed that, it&#x27;s incredibly dumb. I just don&#x27;t see anything concrete that they have? I&#x27;d love to see proof one way or another. Does anyone have access to the picker interface itself? Does it allow you to select an album directly?<p>[1] <a href=""https:&#x2F;&#x2F;developers.google.com&#x2F;photos&#x2F;picker&#x2F;guides&#x2F;picking-experience"" rel=""nofollow"">https:&#x2F;&#x2F;developers.google.com&#x2F;photos&#x2F;picker&#x2F;guides&#x2F;picking-e...</a>",2025-03-07T17:48:57+00:00,0.0,en,Google Photos search,2026-09-23T18:18:48.510343+00:00,possibly_relevant,"Discusses Google Photos search capabilities, Ask Photos, AI search algorithms, or photo organization, but evidence on vague personal retrieval is partial or high-level.",unknown,,,"keyword_search, album_browsing",,unknown,,,unknown,"From Google&#x27;s own docs, it seems tremendously unclear.<p>But from the official page it says [1]:<p>&gt; <i>For example, if your asking your users to share a specific album,",direct
forums_42837601,forums,hacker_news,42837601,https://news.ycombinator.com/item?id=42837601,Ask HN: What's the best way to de-Google photos?,nickster,"I’ve been using Immich for about 4 months. My original goal was to migrate off of google photos. Immich is the best self hosted option. But google photos search is so much better. You can search for a location, date, item, landmark with natural language Immich takes a little finessing to get the result you’re looking for. It’s also not great for pet photos yet. I’m running both in parallel hoping some day Immich catches up with some of those features. I’ve donated for the license that funds some of the development. Even over the last four months I’ve seen some improvement. The mobile app needs some work for background syncing but it’s on the road map for early 2025.",2025-01-27T05:04:27+00:00,0.0,en,Google Photos search,2026-09-23T18:18:48.510377+00:00,possibly_relevant,"Discusses Google Photos search capabilities, Ask Photos, AI search algorithms, or photo organization, but evidence on vague personal retrieval is partial or high-level.",pet,"place, approximate_time, activity, surrounding_circumstances",,"keyword_search, Ask_Google_Photos, natural_language_search",,unknown,,,unknown,"You can search for a location, date, item, landmark with natural language Immich takes a little finessing to get the result you’re looking for.",direct
forums_42264780,forums,hacker_news,42264780,https://news.ycombinator.com/item?id=42264780,Show HN: myphotos.site – Google photos to a website in 60 seconds,sigmar,"probably entirely google&#x27;s fault, but I can&#x27;t seem to pick a folder when I&#x27;m brought to the google photos search box. it only finds individual photos",2024-11-28T12:35:21+00:00,0.0,en,Google Photos search,2026-09-23T18:18:48.510408+00:00,possibly_relevant,"Discusses Google Photos search capabilities, Ask Photos, AI search algorithms, or photo organization, but evidence on vague personal retrieval is partial or high-level.",unknown,,,keyword_search,,unknown,,,unknown,"probably entirely google&#x27;s fault, but I can&#x27;t seem to pick a folder when I&#x27;m brought to the google photos search box.",direct
forums_30228055,forums,hacker_news,30228055,https://news.ycombinator.com/item?id=30228055,"Ask HN: Notes, mind-maps, browser tabs all in one solution?",algebra-pretext,"You’re definitely looking for DEVONThink[1] if you haven’t seen it yet. Based on the description it gathers all your research for you, including saving web pages offline, and scans images&#x2F;paper document to be included in search.<p>Personally I have stuck to pasting everything on a certain topic into an Obsidian[2] note, but you won’t get image search. I’ve been looking for something that can integrate Google Photos search into the rest of my notes.<p>(edit) tangential but if you don’t mind Google or Apple, the recent capability to accurately search your photo library for text&#x2F;objects&#x2F;faces has been incredible. For some documents I need on-hand I just take a picture and it comes up if I search for a word or two from it.<p>[1] <a href=""https:&#x2F;&#x2F;www.devontechnologies.com&#x2F;apps&#x2F;devonthink"" rel=""nofollow"">https:&#x2F;&#x2F;www.devontechnologies.com&#x2F;apps&#x2F;devonthink</a>
[2] <a href=""https:&#x2F;&#x2F;obsidian.md&#x2F;"" rel=""nofollow"">https:&#x2F;&#x2F;obsidian.md&#x2F;</a>",2022-02-06T00:47:13+00:00,0.0,en,Google Photos search,2026-09-23T18:18:48.510439+00:00,possibly_relevant,"Discusses Google Photos search capabilities, Ask Photos, AI search algorithms, or photo organization, but evidence on vague personal retrieval is partial or high-level.",unknown,person,,keyword_search,,unknown,,,unknown,"Based on the description it gathers all your research for you, including saving web pages offline, and scans images&#x2F;paper document to be included in search.<p>Personally I",direct
forums_27815354,forums,hacker_news,27815354,https://news.ycombinator.com/item?id=27815354,Why Google's bookmark manager and Docs have purposefully bad UI,rchaves,"I’m honestly very okay with this “search-first” mentality the author claims Google promotes.<p>I’ve never organized my photos anymore thanks to Google Photos amazing search, no more time wasted organizing windows media player albums like in the old times thanks to Spotify, I never organize my notes on Notes app but can always find old stuff, my Google Drive is a bit more organized but still I basically go by recent items or search all the time<p>I think we are just so overwhelmed with information nowadays it’s impossible to keep organizing it, why not let machines just find what we want?<p>Now I do agree that browsers search on bookmarks sucks, and I like a lot to bookmark everything so I can find it later, building my own personal index, to solve that I built an extension that crawls my bookmarks and allows me to search better on them later (it’s called Cataloger if you are interested)",2021-07-12T21:28:06+00:00,0.0,en,Google Photos search,2026-09-23T18:18:48.510470+00:00,possibly_relevant,"Discusses Google Photos search capabilities, Ask Photos, AI search algorithms, or photo organization, but evidence on vague personal retrieval is partial or high-level.",unknown,object,,"keyword_search, album_browsing",,unknown,,Switching to third-party gallery or local file manager,unknown,"I’m honestly very okay with this “search-first” mentality the author claims Google promotes.<p>I’ve never organized my photos anymore thanks to Google Photos amazing search, no",direct
forums_26028598,forums,hacker_news,26028598,https://news.ycombinator.com/item?id=26028598,Show HN: AI-powered image search that beats Google without captions or keywords,jeffbee,"I guess what I learned from this is google image search doesn’t use the same technology as google photos search. Photos is absolutely capable of “dog on a beach at night” and many terrifying things like finding people standing in front of small photographs of helicopters when I search for “helicopters”.<p>ETA: and the result from google photo search for “boy playing with toy helicopter” are perfect while that search on this new tool produces essentially random images: a lizard, a fishing pole, etc. I’m not sure the art of machine image segmentation and classification has been advanced here.",2021-02-04T19:00:32+00:00,0.0,en,Google Photos search,2026-09-23T18:18:48.510501+00:00,highly_relevant,"Direct user account detailing attempts to search for, locate, or retrieve specific photos using contextual/semantic clues, or reporting retrieval failure in Google Photos.","travel, pet","person, place, activity",filename,keyword_search,helicopters,understanding_to_retrieval,Search fails to locate photo matching user's remembered context,,unknown,Photos is absolutely capable of “dog on a beach at night” and many terrifying things like finding people standing in front of small photographs of helicopters when I search for,direct
forums_25387877,forums,hacker_news,25387877,https://news.ycombinator.com/item?id=25387877,Google Alternatives,kmclean,"Yeah this is the hardest one to replace for me, too. Nextcloud has a photos integration that has reasonable facial recognition&#x2F;grouping, but Google photos semantic search is really useful. Part of what makes Google so evil though is that they gave away the photos product for free for long enough to kill off any real competition. There are certainly loads of teams who could do it just as well or better, but not for free. And of course now that there are no viable alternatives, Google will start charging. Typical monopoly behaviour that should in itself constitute a reason to stop using them.",2020-12-11T16:58:41+00:00,0.0,en,Google Photos search,2026-09-23T18:18:48.510530+00:00,possibly_relevant,"Discusses Google Photos search capabilities, Ask Photos, AI search algorithms, or photo organization, but evidence on vague personal retrieval is partial or high-level.",unknown,,,"keyword_search, person_search",,unknown,Face recognition clustering errors or misidentification,,unknown,"Nextcloud has a photos integration that has reasonable facial recognition&#x2F;grouping, but Google photos semantic search is really useful.",indirect
forums_24088960,forums,hacker_news,24088960,https://news.ycombinator.com/item?id=24088960,Why Apple believes it’s an AI leader–and why it says critics have it all wrong,marmshallow,"In my and several of my friends&#x27; experience, Google Photos search is simply much, much better than Apple Photos. Even though I use Apple Photos personally, I have to admit Google&#x27;s is just better. My friends always say &quot;if I can&#x27;t search for my photos easily, what&#x27;s the point in amassing a large collection?&quot;.",2020-08-08T04:28:08+00:00,0.0,en,Google Photos search,2026-09-23T18:18:48.510561+00:00,possibly_relevant,"Discusses Google Photos search capabilities, Ask Photos, AI search algorithms, or photo organization, but evidence on vague personal retrieval is partial or high-level.",person_family,person,,"keyword_search, external_search",,unknown,,,unknown,"My friends always say &quot;if I can&#x27;t search for my photos easily, what&#x27;s the point in amassing a large collection?&quot;.",direct
forums_22066380,forums,hacker_news,22066380,https://news.ycombinator.com/item?id=22066380,Show HN: Screenshot Hero - iPhone app to make all photos text searchable,zurtex,"Google photos can both search text: <a href=""https:&#x2F;&#x2F;9to5google.com&#x2F;2019&#x2F;08&#x2F;22&#x2F;google-photos-text-search&#x2F;"" rel=""nofollow"">https:&#x2F;&#x2F;9to5google.com&#x2F;2019&#x2F;08&#x2F;22&#x2F;google-photos-text-search&#x2F;</a><p>And transcribe text with Google Lens",2020-01-16T17:00:17+00:00,0.0,en,Google Photos search,2026-09-23T18:18:48.510591+00:00,possibly_relevant,"Discusses Google Photos search capabilities, Ask Photos, AI search algorithms, or photo organization, but evidence on vague personal retrieval is partial or high-level.",screenshot,approximate_time,,"keyword_search, Google_Lens",,unknown,,,unknown,"Google photos can both search text: <a href=""https:&#x2F;&#x2F;9to5google.com&#x2F;2019&#x2F;08&#x2F;22&#x2F;google-photos-text-search&#x2F;""",indirect
forums_21142958,forums,hacker_news,21142958,https://news.ycombinator.com/item?id=21142958,Show HN: Memos – Search engine for your screenshots and photos,ftufek,"You could try Google Photos, it can now search text in images: <a href=""https:&#x2F;&#x2F;9to5google.com&#x2F;2019&#x2F;08&#x2F;22&#x2F;google-photos-text-search&#x2F;"" rel=""nofollow"">https:&#x2F;&#x2F;9to5google.com&#x2F;2019&#x2F;08&#x2F;22&#x2F;google-photos-text-search&#x2F;</a>.<p>Disclaimer: I work at Google, though not on this product.",2019-10-03T02:20:44+00:00,0.0,en,Google Photos search,2026-09-23T18:18:48.510621+00:00,possibly_relevant,"Discusses Google Photos search capabilities, Ask Photos, AI search algorithms, or photo organization, but evidence on vague personal retrieval is partial or high-level.",screenshot,"approximate_time, text",,keyword_search,,unknown,,,unknown,"You could try Google Photos, it can now search text in images: <a href=""https:&#x2F;&#x2F;9to5google.com&#x2F;2019&#x2F;08&#x2F;22&#x2F;google-photos-text-search&#x2F;""",direct
forums_16750032,forums,hacker_news,16750032,https://news.ycombinator.com/item?id=16750032,Apple Hires Google’s A.I. Chief,kcorbitt,"For me, the killer ML use case in Google Photos is object recognition.<p>For example, I took a picture of my driver&#x27;s license a year or so ago, and needed the number on a form recently. I just went to Google Photos and searched for &quot;driver&#x27;s license.&quot; Sure enough, the old picture showed up, even though I never manually tagged it.",2018-04-03T22:34:35+00:00,0.0,en,Google Photos search,2026-09-23T18:18:48.510653+00:00,highly_relevant,"Direct user account detailing attempts to search for, locate, or retrieve specific photos using contextual/semantic clues, or reporting retrieval failure in Google Photos.",other,,,keyword_search,driver,understanding_to_retrieval,Search fails to locate photo matching user's remembered context,,unknown,"For me, the killer ML use case in Google Photos is object recognition.<p>For example, I took a picture of my driver&#x27;s license a year or so ago, and needed the number on a form recently.",direct
forums_13558968,forums,hacker_news,13558968,https://news.ycombinator.com/item?id=13558968,Facebook’s AI unlocks the ability to search photos by what’s in them,aylons,"I don&#x27;t think you understood what GP said: he is using Google Photos, which searches his private collection. Not Google images.<p>I personally find Google Photos usually helpful and use it all the time to locate specific pictures. I do not caption them at all",2017-02-03T10:48:44+00:00,0.0,en,Google Photos search,2026-09-23T18:18:48.510683+00:00,possibly_relevant,"Discusses Google Photos search capabilities, Ask Photos, AI search algorithms, or photo organization, but evidence on vague personal retrieval is partial or high-level.",unknown,text,,keyword_search,,unknown,,,unknown,"I don&#x27;t think you understood what GP said: he is using Google Photos, which searches his private collection.",direct
forums_13558658,forums,hacker_news,13558658,https://news.ycombinator.com/item?id=13558658,Facebook’s AI unlocks the ability to search photos by what’s in them,philsnow,"Google photos does this.  I just opened Google photos and searched for &quot;food&quot; and aside from a couple pictures of some jack o lanterns (which are arguable, but I don&#x27;t know anybody who eats theirs on Nov 1st), the results were spot on.<p>&quot;Unlocks&quot; might not be the right word here.",2017-02-03T09:00:00+00:00,0.0,en,Google Photos search,2026-09-23T18:18:48.510717+00:00,highly_relevant,"Direct user account detailing attempts to search for, locate, or retrieve specific photos using contextual/semantic clues, or reporting retrieval failure in Google Photos.",food_restaurant,,,keyword_search,food,understanding_to_retrieval,Search fails to locate photo matching user's remembered context,,unknown,Google photos does this.,direct
forums_11751544,forums,hacker_news,11751544,https://news.ycombinator.com/item?id=11751544,"IBM is not doing ""cognitive computing"" with Watson",mark_l_watson,"Machine learning is doing fine, please don&#x27;t worry about that!<p>My wife was trying to find an old photo tonight and all I had to do was suggest that she go to google photos and search based on description. Same thing with Facebook recognizing images.<p>I am getting into using deep learning for NLP, and that looks promising. Google&#x27;s parser is interesting but I want to see how quickly they can get many layer networks to do things like anaphora resolution (match up pronouns with previous noun phrases).",2016-05-23T02:59:09+00:00,0.0,en,Google Photos search,2026-09-23T18:18:48.510748+00:00,possibly_relevant,"Discusses Google Photos search capabilities, Ask Photos, AI search algorithms, or photo organization, but evidence on vague personal retrieval is partial or high-level.",person_family,"person, approximate_time",,keyword_search,,unknown,,,unknown,"Machine learning is doing fine, please don&#x27;t worry about that!<p>My wife was trying to find an old photo tonight and all I had to do was suggest that she go to google photos",direct
forums_10537550,forums,hacker_news,10537550,https://news.ycombinator.com/item?id=10537550,"Google Open-Sources the Machine Learning of Photos Search, Smart Reply and More",shayannafisi,"Google Open-Sources the Machine Learning of Photos Search, Smart Reply and More",2015-11-10T03:59:44+00:00,3.0,en,Google Photos search,2026-09-23T18:18:48.510778+00:00,possibly_relevant,"Discusses Google Photos search capabilities, Ask Photos, AI search algorithms, or photo organization, but evidence on vague personal retrieval is partial or high-level.",unknown,,,keyword_search,,unknown,,,unknown,"Google Open-Sources the Machine Learning of Photos Search, Smart Reply and More",indirect
forums_27197759,forums,hacker_news,27197759,https://news.ycombinator.com/item?id=27197759,Search Filters in Google Photos,rodjons,Search Filters in Google Photos,2021-05-18T17:09:50+00:00,2.0,en,Google Photos search,2026-09-23T18:18:48.510807+00:00,possibly_relevant,"Discusses Google Photos search capabilities, Ask Photos, AI search algorithms, or photo organization, but evidence on vague personal retrieval is partial or high-level.",unknown,,,keyword_search,,unknown,,,unknown,Search Filters in Google Photos,indirect
forums_20784545,forums,hacker_news,20784545,https://news.ycombinator.com/item?id=20784545,Google Photos can now search for text that appears in images,notlukesky,Google Photos can now search for text that appears in images,2019-08-24T01:27:42+00:00,2.0,en,Google Photos search,2026-09-23T18:18:48.510838+00:00,possibly_relevant,"Discusses Google Photos search capabilities, Ask Photos, AI search algorithms, or photo organization, but evidence on vague personal retrieval is partial or high-level.",unknown,,,keyword_search,,unknown,,,unknown,Google Photos can now search for text that appears in images,indirect
forums_11403301,forums,hacker_news,11403301,https://news.ycombinator.com/item?id=11403301,Google Photos can now search by emoji,scottyates11,Google Photos can now search by emoji,2016-04-01T07:27:01+00:00,2.0,en,Google Photos search,2026-09-23T18:18:48.510874+00:00,possibly_relevant,"Discusses Google Photos search capabilities, Ask Photos, AI search algorithms, or photo organization, but evidence on vague personal retrieval is partial or high-level.",unknown,,,keyword_search,,unknown,,,unknown,Google Photos can now search by emoji,indirect
forums_28918409,forums,hacker_news,28918409,https://news.ycombinator.com/item?id=28918409,"People in present-day Austria drank beer and ate blue cheese 2,700 years ago",thebean11,"That&#x27;s a solvable problem, searching images is one of the things ML is already pretty good at.<p>I understand if giving Google your photos is a nonstarter, but have you tried putting them in Google Photos? You can search by face and by objects in the photo.",2021-10-19T14:24:04+00:00,0.0,en,Google Photos search,2026-09-23T18:18:48.510940+00:00,highly_relevant,"Direct user account detailing attempts to search for, locate, or retrieve specific photos using contextual/semantic clues, or reporting retrieval failure in Google Photos.",food_restaurant,"person, approximate_time, visual_appearance","exact_date, filename","keyword_search, person_search",,understanding_to_retrieval,Search fails to locate photo matching user's remembered context,,unknown,You can search by face and by objects in the photo.,direct
forums_28596424,forums,hacker_news,28596424,https://news.ycombinator.com/item?id=28596424,iOS 15,Waterluvian,"Is apple’s photo search any less terrible now?<p>Dunno if anyone else suffers this? Maybe I&#x27;m doing it wrong.  Finding a years-old photo to upload is TERRIBLE. It&#x27;s trivial to do in Google Photos, but then getting a handle on the photo when using the &quot;photo selector&quot; widget to upload it to Twitter or an existing email is horrible.<p>I do this workflow dozens of times per week and the best I can come up with is:<p>1. text search Apple photos in the upload widget and be disappointed<p>2. text search Google photos and instantly find the image I want<p>3. &quot;Delete from device&quot;<p>4. &quot;Download to device&quot;  (which puts it at the very front of the list)<p>5. Go back to Safari, finish composing Tweet, add photo, pick newest photo.",2021-09-20T17:38:15+00:00,0.0,en,Google Photos search,2026-09-23T18:18:48.510973+00:00,possibly_relevant,"Discusses Google Photos search capabilities, Ask Photos, AI search algorithms, or photo organization, but evidence on vague personal retrieval is partial or high-level.",unknown,approximate_time,,"keyword_search, external_search",,unknown,OCR/Text in image search failure,,unknown,Is apple’s photo search any less terrible now?<p>Dunno if anyone else suffers this?,direct
forums_28348247,forums,hacker_news,28348247,https://news.ycombinator.com/item?id=28348247,Show HN: We built an end-to-end encrypted alternative to Google Photos,chias,"The software with these features is called Synology Moments. I use it and I mostly love it, at the very least as a backup for my Google Photos.<p>My experience is that it works great, provided that you&#x27;re on your local network. When away from home or traveling, less so. Maybe I could configure things better to alleviate that, I don&#x27;t know, but I haven&#x27;t managed to yet.<p>Sharing is less convenient. Trying to share a photo on-platform is a terrible experience for the receiver with multiple slow redirects, so much so that generally if you&#x27;re on mobile it&#x27;s easier&#x2F;better to just download the photo to your device and share the photo directly. The Moments android app has a flow for doing this, which is nice. It also makes a certain amount of sense: the alternative would be others connecting to your NAS online, which is always going to be less nice than just connecting to Google photos.<p>The search capabilities are pretty decent. It can recognize people and tag them appropriately. It can recognize some things. In some ways, I prefer searching it over searching Google Photos. But again, only if you&#x27;re on your local network with your NAS.<p>--<p>Edit: see aborsy&#x27;s response to me below. Looks like I&#x27;m a version behind. Maybe on-platform photo sharing is better now, I&#x27;ll update the software and check it out",2021-08-29T16:44:54+00:00,0.0,en,Google Photos search,2026-09-23T18:18:48.511003+00:00,possibly_relevant,"Discusses Google Photos search capabilities, Ask Photos, AI search algorithms, or photo organization, but evidence on vague personal retrieval is partial or high-level.",unknown,person,,keyword_search,,unknown,,,unknown,"I use it and I mostly love it, at the very least as a backup for my Google Photos.<p>My experience is that it works great, provided that you&#x27;re on your local network.",direct
forums_25825229,forums,hacker_news,25825229,https://news.ycombinator.com/item?id=25825229,Degoogling My Life,mark_l_watson,"I am happy enough using ProtonMail and calendar, Duck Duck Go, and Apple services. But, I use tons of Google services that I pay for: Youtube Premium via Youtube Music, Google Photos (pay for extra storage), books, GCP. I like being able to search Google Photos, and that is one killer feature that Apple Photos does not have (my iPhone automatically uploads all pictures to both, as well as OneDrive). As individuals, we all need to decide where to draw the line re: privacy. I found a setup that I am comfortable with.",2021-01-18T19:01:26+00:00,0.0,en,Google Photos search,2026-09-23T18:18:48.511034+00:00,possibly_relevant,"Discusses Google Photos search capabilities, Ask Photos, AI search algorithms, or photo organization, but evidence on vague personal retrieval is partial or high-level.",unknown,emotion_context,,"keyword_search, external_search",,unknown,,,unknown,"But, I use tons of Google services that I pay for: Youtube Premium via Youtube Music, Google Photos (pay for extra storage), books, GCP.",direct
forums_25759882,forums,hacker_news,25759882,https://news.ycombinator.com/item?id=25759882,Ask HN: How/Where do you store/backup your photos safely?,rexelhoff,* Google Photos for indexing&#x2F;searching&#x2F;browsing<p>* Synology DS Photo and PhotoStation for local storage<p>* Google Photos Uploader to sync DSLR photos to Google Photos<p>* copy of synology photos to an external USB drive<p>* Backblaze backup of everything on the Synology,2021-01-13T09:21:54+00:00,0.0,en,Google Photos search,2026-09-23T18:18:48.511065+00:00,possibly_relevant,"Discusses Google Photos search capabilities, Ask Photos, AI search algorithms, or photo organization, but evidence on vague personal retrieval is partial or high-level.",unknown,,,keyword_search,,unknown,,,unknown,* Google Photos for indexing&#x2F;searching&#x2F;browsing<p>* Synology DS Photo and PhotoStation for local storage<p>* Google Photos Uploader to sync DSLR photos to Google,indirect
forums_25411086,forums,hacker_news,25411086,https://news.ycombinator.com/item?id=25411086,Johnny.Decimal,Waterluvian,This is why I love love love Gmail and Google Photos.  The search engine is so powerful.<p>I search &quot;driveway&quot; and get all the photos my wife and I ever took that shows our driveway. Ah yes the cracks are getting worse.<p>I search email for &quot;driveway repair&quot; and find that old recommendation from a friend despite the word driveway having never been mentioned.<p>I don&#x27;t need a sorting system. I need a big pile of all my data ever with a fantastic search engine.<p>I&#x27;d prefer if it wasn&#x27;t google.,2020-12-13T22:33:46+00:00,0.0,en,Google Photos search,2026-09-23T18:18:48.511095+00:00,possibly_relevant,"Discusses Google Photos search capabilities, Ask Photos, AI search algorithms, or photo organization, but evidence on vague personal retrieval is partial or high-level.",person_family,person,,keyword_search,,unknown,,,unknown,The search engine is so powerful.<p>I search &quot;driveway&quot; and get all the photos my wife and I ever took that shows our driveway.,direct
forums_13704658,forums,hacker_news,13704658,https://news.ycombinator.com/item?id=13704658,"Google Site Search will be completely shut down by April 1, 2018",swang,"this is why i&#x27;m not completely 100% with google photos. i&#x27;m ready to spend the monthly fees to store all my pictures in its original resolution, use google photos to manage&#x2F;search my photos. except i don&#x27;t want to commit to using it and then finding out google doesn&#x27;t want to support it and just dumps it.<p>same thing with google voice. i use it but i&#x27;ve never committed to using it as my main phone number.<p>maybe it&#x27;s a catch-22, but maybe google should stop sunsetting so many products so as to cause people to have no faith in their products. pretty much the only untouchable thing is gmail since the negative press for that would probably end google to the general public.",2017-02-22T11:10:00+00:00,0.0,en,Google Photos search,2026-09-23T18:18:48.511141+00:00,possibly_relevant,"Discusses Google Photos search capabilities, Ask Photos, AI search algorithms, or photo organization, but evidence on vague personal retrieval is partial or high-level.",unknown,"person, approximate_time",,keyword_search,,unknown,,,unknown,this is why i&#x27;m not completely 100% with google photos.,direct
forums_13559244,forums,hacker_news,13559244,https://news.ycombinator.com/item?id=13559244,Facebook’s AI unlocks the ability to search photos by what’s in them,david-given,"If I search Google Photos for &#x27;dog&#x27;, the top seven hits are, in order: a fuzzy toy, a possum, another picture of the same possum, a cat, a pair of goats, a sheep, and I think it&#x27;s a pheasant. The dog is #8.<p>Of course, if I search Google Photos for &#x27;me&#x27;, the top hit is a frog, so maybe it just hates me.<p><i>Update</i>: not any more! Now the frog is #2. The top hit if I search for &#x27;me&#x27; is the MV <i>Isle of Lewis</i> car ferry, photographed on the island of Barra in the Outer Hebrides.",2017-02-03T12:14:12+00:00,0.0,en,Google Photos search,2026-09-23T18:18:48.511167+00:00,possibly_relevant,"Discusses Google Photos search capabilities, Ask Photos, AI search algorithms, or photo organization, but evidence on vague personal retrieval is partial or high-level.",pet,object,,keyword_search,me,unknown,,,unknown,"The top hit if I search for &#x27;me&#x27; is the MV <i>Isle of Lewis</i> car ferry, photographed on the island of Barra in the Outer Hebrides.",direct
forums_26955732,forums,hacker_news,26955732,https://news.ycombinator.com/item?id=26955732,Tool can make photos undetectable to facial recognition without ruining them,SamBam,"Yes, the TinEye example doesn&#x27;t seem like a great metric. TinEye is pretty great -- it can still match images after scaling and resolution changes, which this technique obviously foils (for now) -- but it&#x27;s not trying to do facial recognition. I think this is simply beating TinEye&#x27;s &quot;perceptual hashing&quot; technique, mostly just by flipping the picture, and has nothing at all to do with facial recognition.<p>A better test would be to load a few dozen pictures of Biden into Google Photos, name the face, and see if it correctly names their Biden example. I&#x27;d bet dollars to doughnuts it can.<p>I don&#x27;t think this is affecting facial recognition at all. Google Photos can often recognize people in the far background, turned away, and out of focus, so I don&#x27;t see how bit-flipping a few pixels will affect that.<p>----<p>Edit: Indeed, the TinEye result can trivially be achieved by flipping the image, as they do. Link to a search of a flipped photo of Obama it can&#x27;t find. I contend this has zero application to &quot;facial recognition,&quot; which is not what TinEye attempts to do.<p><a href=""https:&#x2F;&#x2F;tineye.com&#x2F;search&#x2F;b9d6f95346a7636bbd85e1bcfb931a9e8216145b?sort=score&amp;order=desc&amp;page=1"" rel=""nofollow"">https:&#x2F;&#x2F;tineye.com&#x2F;search&#x2F;b9d6f95346a7636bbd85e1bcfb931a9e82...</a>",2021-04-27T13:46:11+00:00,0.0,en,Google Photos can't find photo,2026-09-23T18:18:50.978095+00:00,possibly_relevant,"Discusses Google Photos search capabilities, Ask Photos, AI search algorithms, or photo organization, but evidence on vague personal retrieval is partial or high-level.",unknown,"person, surrounding_circumstances",,"keyword_search, person_search",,unknown,Face recognition clustering errors or misidentification,,unknown,"I think this is simply beating TinEye&#x27;s &quot;perceptual hashing&quot; technique, mostly just by flipping the picture, and has nothing at all to do with facial",direct
forums_9920472,forums,hacker_news,9920472,https://news.ycombinator.com/item?id=9920472,Google+ Photos Is Shutting Down,mvgoogler,"I&#x27;m a backend infrastructure guy rather than a product guy so I&#x27;ll do my best but please take it all with a large grain of salt. I was privy to some of the higher-level discussions, but I spend most of my days down in the guts of the system. I don&#x27;t spend much time debating the finer points of product direction or user experience (and the world is probably a better place because of that!)<p>Conceptually, Google Photos is very much a V1 product. It might sound a little weird since the team is experienced and a lot of the technology it is built on has been through multiple iterations.<p>But from a _product perspective_ Google Photos is a new product.<p>The product team was really focused on a few key aspects of the user experience (I&#x27;m not going to try to enumerate them here. The main reason is that I would certainly do a poor job of explaining them. The other reasons are that I can&#x27;t remember how much of the strategy has been talked about publicly and it doesn&#x27;t really matter for the point I&#x27;m trying to make).<p>Being focused meant saying no to things - at least for the initial launch.<p>So the first answer to your question is that for most of the mentioned features the answer is that they simply didn&#x27;t make the cut for V1. I can&#x27;t comment on which features will or won&#x27;t make it to future versions.<p>Date picker is an interesting one. Really, the only reason it existed was to work around how painful it was access older pictures in Google+ Photos, Date picker was added to (somewhat) ease that pain.<p>In building a new product, there was a desire to make things like date-picker unnecessary. Make finding older photos so fast and painless that you don&#x27;t even need it. Try grabbing the scroll bar in the new web-app - you can scroll to any time you want in seconds. On mobile, it&#x27;s easy to zoom out, scroll and zoom back in.<p>There is also search, which often means you don&#x27;t even _need_ to scroll through your photos to find what you want. Just this morning my wife wanted me to find a picture of a tatoo from six years ago. I was able to find it by searching for tatoo. It was awesome! In Google+ Photos I would have spent a long time trying to figure out the right date range and then searching around.<p>If you really want to jump to a date, just type it in search - I just tried &quot;September 2012&quot; and &quot;9&#x2F;23&#x2F;2012&quot; and they both worked great.<p>So I would argue that date-picker just flat out isn&#x27;t needed any more, because the team focused on some core user experience flows.",2015-07-21T03:47:54+00:00,0.0,en,Google Photos can't find photo,2026-09-23T18:18:50.978193+00:00,highly_relevant,"Direct user account detailing attempts to search for, locate, or retrieve specific photos using contextual/semantic clues, or reporting retrieval failure in Google Photos.",person_family,"person, approximate_time, object","exact_date, filename",keyword_search,,understanding_to_retrieval,Search fails to locate photo matching user's remembered context,,found_successfully,"I don&#x27;t spend much time debating the finer points of product direction or user experience (and the world is probably a better place because of that!)<p>Conceptually, Google",direct
forums_32338237,forums,hacker_news,32338237,https://news.ycombinator.com/item?id=32338237,Double Commander,jprd,"I honestly can&#x27;t imagine how this is true, but of course, experience is a hell of a filter.<p>I use search for everything (though a lot of the time some folders is all that is needed), and Google Photos is a sin greater than Central Air (#Dogma).<p>If you tag faces, Google Photos will go out of its way to find decades old photos of the same person and merge that tag for easy search. It will periodically ask me to validate that a half face in the background from 2004 matches the same person in a full portrait from 2018.<p>I search a loved one, scene or year to go with it and nearly always get what I want back. It gives me Star Trek vibes.",2022-08-04T01:04:52+00:00,0.0,en,Google Photos can't find photo,2026-09-23T18:18:50.978226+00:00,possibly_relevant,"Discusses Google Photos search capabilities, Ask Photos, AI search algorithms, or photo organization, but evidence on vague personal retrieval is partial or high-level.",unknown,"person, approximate_time, surrounding_circumstances",,keyword_search,,unknown,,,unknown,"I honestly can&#x27;t imagine how this is true, but of course, experience is a hell of a filter.<p>I use search for everything (though a lot of the time some folders is all that",direct
forums_16227687,forums,hacker_news,16227687,https://news.ycombinator.com/item?id=16227687,"Steve Yegge Quits, Saying Google Is 100% Competitor Focused",ebikelaw,"I guess we&#x27;re just taking for granted that Google does something incredible on a weekly basis, to such a degree that we don&#x27;t even notice any more.  Here&#x27;s some things that are basically magic that Google has quietly (or loudly, sometimes) launched:<p>Automatic real-time text translation from videos, on your phone.  You point your phone at a sign in Thailand and it changes the words to English.<p>Computer vision systems that index the themes of your photographs.  You can search your Google photos for &quot;dog&quot; and it finds all the photos with dogs.<p>A computer that beats all living humans at board games.<p>Cars that drive themselves.  Not the ones that kill their drivers, like Tesla&#x27;s, or that can&#x27;t see stop lights, like Uber&#x27;s, or that run into people all the time, like GM&#x27;s.  Actual self-driving cars that will pick your ass up and take you to Taco Bell.<p>An airborne internet service that can be deployed anywhere in the world on short notice.<p>And, under all of that, a service platform that remains fast, reliable, and economical to operate even after two decades of exponential user growth, which provides free services such as searching all documents ever written, delivering the majority of the world&#x27;s email, etc, all free of charge.",2018-01-25T00:27:16+00:00,0.0,en,Google Photos can't find photo,2026-09-23T18:18:50.978259+00:00,possibly_relevant,"Discusses Google Photos search capabilities, Ask Photos, AI search algorithms, or photo organization, but evidence on vague personal retrieval is partial or high-level.",pet,"person, activity, object",,keyword_search,,unknown,,,unknown,You point your phone at a sign in Thailand and it changes the words to English.<p>Computer vision systems that index the themes of your photographs.,direct
forums_41238206,forums,hacker_news,41238206,https://news.ycombinator.com/item?id=41238206,Google Pixel 9 Pro,renewiltord,"Yeah, in practice, for the tasks I set it. High hallucination rate. Low context window. Frequently refuses to act and suggests Googling. If the other guys didn&#x27;t exist, it could be useful, but as it stands it&#x27;s as useful as GPT-2 because neither of them hit the threshold of usefulness.<p>I&#x27;m sure some benchmarks are decent but when Google finally shutters the chatbot I&#x27;ll be glad because then I won&#x27;t constantly be wondering if I&#x27;m paying for it.<p>It&#x27;s a shame because Google&#x27;s AI features otherwise are incredible. Google Photos has fantastic facial recognition, and I can search it with descriptions of photos and it finds them. Their keyboard is pretty good. But Gemini Advanced is better off not existing. If it&#x27;s the same team, I suppose they can&#x27;t keep making hits. If it&#x27;s a different team, then they&#x27;re two orders of magnitude less capable.",2024-08-13T18:39:12+00:00,0.0,en,Google Photos can't find photo,2026-09-23T18:18:50.978289+00:00,possibly_relevant,"Discusses Google Photos search capabilities, Ask Photos, AI search algorithms, or photo organization, but evidence on vague personal retrieval is partial or high-level.",unknown,,,"keyword_search, Ask_Google_Photos, natural_language_search, person_search",,unknown,Face recognition clustering errors or misidentification,,unknown,"Google Photos has fantastic facial recognition, and I can search it with descriptions of photos and it finds them.",direct
forums_48981918,forums,hacker_news,48981918,https://news.ycombinator.com/item?id=48981918,LG monitors silently install software through Windows Update without consent,Aerroon,"Does it work fine though? Because I haven&#x27;t even heard of Google Keep, let alone have it installed.<p>If I need to take some notes I can&#x27;t even imagine going to search through a store to find a note taking application since that should be a built in feature of <i>every</i> consumer OS.<p>The same goes for Google Photos. And I imagine that Google photos also doesn&#x27;t let you edit it a column in the middle of a table. It&#x27;s trivial to do in real life or in MSpaint or any real image editor but somehow exceeds the limits of mobile apps.",2026-07-20T17:25:46+00:00,0.0,en,Google Photos can't find photo,2026-09-23T18:18:50.978545+00:00,possibly_relevant,"Discusses Google Photos search capabilities, Ask Photos, AI search algorithms, or photo organization, but evidence on vague personal retrieval is partial or high-level.",unknown,"object, surrounding_circumstances",,keyword_search,,unknown,,,unknown,"Because I haven&#x27;t even heard of Google Keep, let alone have it installed.<p>If I need to take some notes I can&#x27;t even imagine going to search through a store to find a",direct
forums_37870907,forums,hacker_news,37870907,https://news.ycombinator.com/item?id=37870907,Ask HN: How do you organize your life?,FreezerburnV,"I&#x27;ve done a lot of different things over the years. What I&#x27;ve finally been settling on (though I <i>might</i> change this up a bit because another app I&#x27;ve really liked in the past just updated and might have finally filled a gap I needed):<p>- Google Drive for file backup&#x2F;sync. I used to use Dropbox, but how they handle photos is <i>awful</i>. Drive&#x27;s desktop client is way worse than Dropbox in almost every possible metric, but...<p>- Google Photos for photos. I pay for more storage in Drive which gives me the room I need in photos for everything. Very convenient not only for cloud access to photos anywhere, but also really good search, and being able to share albums with people.<p>- Evernote for all my notes. Also for going paperless. (I&#x27;ve been doing a TON of cleaning of my office and being able to get rid of old documents by scanning them to Evernote is great) Nothing else fully replicates all the features Evernote has: OCR of images&#x2F;PDFs&#x2F;etc., email to new note, literally the best web clipper, connect to calendar and create&#x2F;link notes to events, go to note&#x2F;tag&#x2F;notebook, etc. It&#x27;s not the fastest app out there, but generally pretty consistent no matter how much I throw at it. I tried importing my notes to Apple Notes or Bear and they tend to start choking a bit. The best part and one of the reasons I can&#x27;t leave for anything else: The search is too darn convenient. I can just throw things in and it&#x27;s easy to find later even if I don&#x27;t go crazy with notebook&#x2F;tag organization.<p>- Apple Reminders for TODOs. Very fast to add things via Siri or text, has just enough smarts to do some natural language setting of dates, just generally convenient to use via my phone or laptop. I don&#x27;t do anything complicated here, mostly just to keep track of what I need to do in a day or anything I need to do on a schedule like laundry. I might migrate to TeuxDeux at some point now that they&#x27;ve added better repeating TODOs (they were very primitive previously and didn&#x27;t do what I needed). Or I might migrate to Evernote tasks which I used in the past but had enough bugs at the time I decided to stop and wait for reliability updates.<p>- Fantastical for calendar, synced to Google. This might change since apparently Hey is working on a calendar? We&#x27;ll see how that ends up working out.<p>It might sound like a lot, but it actually is pretty simple and I keep my usage of things simple. Things like basic notebooks in Evernote or just throwing things in an inbox. I don&#x27;t stuff my calendar full of things, I just use it to keep track of stuff that is happening at certain times (vet appointments, job interviews, etc.) or something I might want to link to a note in Evernote. I&#x27;ve ended up here <i>because</i> of the simplicity of how it ends up working. I don&#x27;t want to spend tons of time managing anything, so I just want things I can quickly throw stuff into and stop worrying about it.",2023-10-13T14:18:04+00:00,0.0,en,Google Photos can't find photo,2026-09-23T18:18:50.978596+00:00,possibly_relevant,"Discusses Google Photos search capabilities, Ask Photos, AI search algorithms, or photo organization, but evidence on vague personal retrieval is partial or high-level.",unknown,"person, text, surrounding_circumstances",,"keyword_search, Ask_Google_Photos, natural_language_search, album_browsing",,unknown,OCR/Text in image search failure,Switching to third-party gallery or local file manager,unknown,"I used to use Dropbox, but how they handle photos is <i>awful</i>.",direct
forums_33093227,forums,hacker_news,33093227,https://news.ycombinator.com/item?id=33093227,"Vivaldi 5.5 brings Tasks Panel, Mail/Calendar improvements and more",Normille,"I&#x27;ve just this morning given up on Vivaldi.  I&#x27;d switched to it last week as part of my recent search to find a browser that doesn&#x27;t annoy the hell out of me.  So, at the risk of going off on a ranty tangent...<p>I have been using Yandex since forever as it&#x27;s been pretty good on OSX and is the least shit Android browser I&#x27;ve found [Damning with faint praise, indeed!] However, over the past several months it&#x27;s become slower and slower, to add to its longterm ongoing annoyances such as randomly switching parts of the interface to Russian.<p>So I went searching for an alternative<p>Anyway...<p>First of all I  tried Brave.<p>1: On the plus side, it was nice and &#x27;snappy&#x27;. I used Brave for about a week until I  found that I couldn&#x27;t login to Google Photos at all using Brave. I&#x27;d be logged into my Google account and could view Drive, YouTube, etc. But as soon as I switched to Photos, I&#x27;d get an error telling me I couldn&#x27;t login until I cleared cookies [even though I was already logged in. My ugly mug was there at the top of the page]. And, needless to say, clearing cookies didn&#x27;t work.<p>2: Brave&#x27;s &#x27;Shields&#x27; feature breaks a ton of websites.  I already use uBlock Origin and, over the years, have it tweaked to perfection, so I just import my uBO settings into $NEW_BROWSER and I&#x27;m good to go. I found myself constantly having to turn off Shields on sites to un-break them. But couldn&#x27;t find any setting to just disable them globally, as more hassle than they&#x27;re worth.<p>So, onto Vivaldi.<p>Not as &#x27;snappy&#x27; as Brave. But &#x27;snappier&#x27; than Yandex. However, there too some show-stopping annoyances soon revealed themselves:<p>People complain about Brave&#x27;s dubious pracitces re all the crypto bollox etc. But, this is pretty easy to switch off in settings.  And those same people often recommend Vivaldi instead as being less shady.<p>1: The first time I fired up Vivaldi, it stuck a load of shitty icons for websites I&#x27;d never visit in 100 years on my homescreen. Instead of a nice button saying &quot;Get rid of this sponsored crap&quot; I had to annoyingly dismiss each one, one by one.<p>2: Vivaldi has a similarly shady habit of autocompleting what I enter in the address bar with sites I&#x27;ve never visited in my life.<p>I&#x27;m so used to typing <i>cr..</i> in my address bar and having it autocomplete to <i>cryptocompare.com</i> then hitting RETURN to go there. So it&#x27;s absolutely infuriating that Vivaldi autocompletes this every time to <i>crowdspring.com</i> --a site I&#x27;ve never visited in my life.<p>Ditto my habitual <i>ne...</i> + RETURN to take me here to <i>news.ycombinator.com</i>. Vivaldi automcompletes that to <i>newlifeauctions.com</i> another site I&#x27;ve never knowingly visited in my life and which looks like some spam site  that&#x27;s fallen through a time-warp from the 1980s.<p>This annoyance is compounded by the fact I can find no way to stop these autocompletion suggestions. No matter how many times I type <i>ne...</i> in the adress bar and then [annoyingly] have to select <i>news.ycombinator.com</i> from further down the popup suggetions menu, Vivaldi will still aoutcomplete to <i>newlifeauctions.com</i> --every fuckin&#x27; time!<p>It&#x27;s like a browser which brags about its privacy features, but has the spam built-in!<p>3: I can&#x27;t rearrange the extension icons on the toolbar. Vivaldi&#x27;s help forums say [on Mac] to hold down SHIFT and drag them. This doesn&#x27;t work at all. Holding down CMD and dragging them looks like it should work. The extension icons move and a blue insertion bar appears where they&#x27;re going to move to. But when I release them, they just go back to where they were. A minor annoyance maybe. But when I have my extension icons arranged in a certain order on every browser I use, it&#x27;s irritating to have to go against that muscle memory.<p>4: Oh. and the crowning turd in the cess-pit. And a major reason why I&#x27;m complaining about all this stuff here.  I can&#x27;t login to Vivaldi&#x27;s support forums to report any of these annoyances&#x2F;bugs because it&#x27;s been giving me an &#x27;Internal Server Error..&#x27; since the weekend. Even though [as with Brave and Google] I&#x27;m shown as logged into Vivaldi if I visit any of their other account related pages.<p>In sheer desperation to find a web browser that is not broken in some way or another, this morning I opened up Firefox, for the first time in months.  It still takes longer to open than any other browser I use [so much for the messianic promise that re-writing your application in Rust would fix everything!]. But, at least it seems to work on all the &#x27;problem&#x27; sites I&#x27;ve tried so far. And, once it&#x27;s actually up and running, it doesn&#x27;t seem to be noticeably slower than all those Chrome-based alternatives.<p><i>TLDR:  Why are all browsers so shite, these days?</i>",2022-10-05T09:40:27+00:00,0.0,en,Google Photos can't find photo,2026-09-23T18:18:50.978660+00:00,highly_relevant,"Direct user account detailing attempts to search for, locate, or retrieve specific photos using contextual/semantic clues, or reporting retrieval failure in Google Photos.",food_restaurant,"person, approximate_time, activity, visual_appearance, surrounding_circumstances","exact_date, filename",keyword_search,,understanding_to_retrieval,Search fails to locate photo matching user's remembered context,Switching to third-party gallery or local file manager,failed_gave_up,I&#x27;d switched to it last week as part of my recent search to find a browser that doesn&#x27;t annoy the hell out of me.,direct
forums_21753321,forums,hacker_news,21753321,https://news.ycombinator.com/item?id=21753321,Google Sued Under Illinois Biometric Information Privacy Act,coleca,"Just to be pedantic in the spirit of HN.  Google isn&#x27;t training models w&#x2F;your face from your photo library.  The way face recognition works is that Google would collect a dataset somehow and label that for the various feature and train a model for face recognition. Usually this is done with a carefully curated dataset that would be sure to include various ages, genders, ethnicities, lighting conditions, angles, and camera types.<p>When you use Google Photos, it is using that pre-trained model to determine the features of the faces it finds in your library and it builds a vector, which is just a long string of numbers (also known as a face template or feature vector) that represents each face.  Through various machine learning techniques it is able to compare 2 vectors to see how close those 2 faces are alike.  If the confidence score it finds is higher than some predetermined threshold (say 70%), it is assumed they are the same person.  Running these comparisons over and over through all the photo pairs, the software can group or cluster faces so that it knows all these photos have person 1 and these photos have person 2.  Google never knows who those people are, unless you tag those images with a name.<p>The images in your camera roll aren&#x27;t used for re-training the original model because Google doesn&#x27;t know the ground truth about your photos.  Google can guess that these 3 faces are the same, but it doesn&#x27;t know for certain that they are, so they can&#x27;t use that to retrain the model that would be used in the Photos app because they have no way to judge the accuracy.<p>Another interesting point is that the vector is also unique to the specific model that was used to create it.  So, if in the future they do retrain the model, the vectors that had been created with previous models would be 100% incompatible with the new model and would need to be recreated from the source image.<p>Note: I have no inside knowledge of Google, but as the former CTO of a facial recognition company, I have a good idea how these systems work in general.",2019-12-10T15:28:28+00:00,0.0,en,Google Photos can't find photo,2026-09-23T18:18:50.978819+00:00,possibly_relevant,"Discusses Google Photos search capabilities, Ask Photos, AI search algorithms, or photo organization, but evidence on vague personal retrieval is partial or high-level.",unknown,"person, activity",,person_search,,unknown,Face recognition clustering errors or misidentification,,unknown,"So, if in the future they do retrain the model, the vectors that had been created with previous models would be 100% incompatible with the new model and would need to be recreated",direct
forums_16013855,forums,hacker_news,16013855,https://news.ycombinator.com/item?id=16013855,Darktable 2.4.0 released,jonathankoren,"Serious question: Is there any good photo management software? I’m not even a hobbiest photographer but I’ve got 300GB of photos over 15 years, and it’s a pain in the ass to manage these.<p>I tried Lightroom, but that was excruciatingly slow to import the photos, and on top of that it had very counter intuitive controls. It was also not cheap at all, and subscription based.<p>I tried Google Photos (my current setup), but while cloud storage is nice, it’s UI sucks (it is Google after all), but most annoyingly you can’t actually name people in photos. Instead you have to wait for the face to get processed, then peruse 1000 faces of strangers just to find the face (hopefully) and then assign a name for it. Seriously, I can’t name my daughter in any picture taken in the last 2 years because of this.<p>Apple Photos seems like the product I most want, but it insists that all the photos get stored locally, which is a nonstarter. Its cloud storage doesn’t make any sense because it seems like sync, which never what I want. Finally, it barfs if you try to import too many pictures at once.<p>I’ve been using python scripts to manages my photos, but I’d really like good graphical manager that supports geo and face tagging, maybe some of the event stuff like Google Photos. Does anyone else have this problem? I can’t believe I’m the only one with these problems, but at the same time it’s hard for me to see a niche market for this. Any thought?",2017-12-27T09:50:20+00:00,0.0,en,Google Photos can't find photo,2026-09-23T18:18:50.978947+00:00,possibly_relevant,"Discusses Google Photos search capabilities, Ask Photos, AI search algorithms, or photo organization, but evidence on vague personal retrieval is partial or high-level.",person_family,"person, approximate_time",,external_search,,unknown,Face recognition clustering errors or misidentification,,unknown,Serious question: Is there any good photo management software?,direct
forums_31308941,forums,hacker_news,31308941,https://news.ycombinator.com/item?id=31308941,Ask HN: Google Photos Alternatives?,fffdeeeev,"I&#x27;ve been using Google Photos and it&#x27;s pretty amazing, the search is amazing, auto-sync with families&#x2F;friends (you add a folder and tell all the pictures from X will be added into this shared library. It&#x27;s pretty amazing these features.<p>I&#x27;m wondering if there is a competitor for this, or what people is using. I want to de-googlify as much as a I can.",2022-05-08T23:20:12+00:00,19.0,en,Ask Google Photos,2026-09-23T18:18:53.010595+00:00,possibly_relevant,"Discusses Google Photos search capabilities, Ask Photos, AI search algorithms, or photo organization, but evidence on vague personal retrieval is partial or high-level.",person_family,person,,keyword_search,,unknown,,,unknown,"I&#x27;ve been using Google Photos and it&#x27;s pretty amazing, the search is amazing, auto-sync with families&#x2F;friends (you add a folder and tell all the pictures from X",direct
forums_29942059,forums,hacker_news,29942059,https://news.ycombinator.com/item?id=29942059,Ask HN: Why did Google Photos stop allowing photo locations to be updated?,raldi,"My dad dug up an old (analog) photo, carefully took a picture with his phone, and sent it to me. I uploaded it to Google Photos and noticed the location was set to where he took the digital photo, not where the original one was taken. No problem; I know how to update a photo&#x27;s location... but apparently at some point in the past year, Google decided to block users from doing this? It says you can&#x27;t edit a location if it was set by a phone.<p>A number of people have noticed, and asked Google for an explanation, or even just asked the Internet in general for speculation, but so far, there seem to be no answers, or even guesses:
https:&#x2F;&#x2F;www.google.com&#x2F;search?q=%22google+photos+can%27t+edit+locations+added+by+your+camera%22<p>What&#x27;s even weirder is, I can download and then delete the photo from Google, update or remove its location on my machine, and then upload it right back, and <i>then</i> Google is happy to allow me to set the location and even update it over and over again. But that&#x27;s a pain.<p>So, HN, can anyone here guess what possible reason Google could&#x27;ve had for this bizarre product&#x2F;policy change?",2022-01-14T23:47:33+00:00,7.0,en,Ask Google Photos,2026-09-23T18:18:53.010729+00:00,possibly_relevant,"Discusses Google Photos search capabilities, Ask Photos, AI search algorithms, or photo organization, but evidence on vague personal retrieval is partial or high-level.",person_family,"person, place, emotion_context",,keyword_search,,unknown,,,unknown,"My dad dug up an old (analog) photo, carefully took a picture with his phone, and sent it to me.",direct
forums_28236853,forums,hacker_news,28236853,https://news.ycombinator.com/item?id=28236853,Google introducing tool for under-18s to remove images of them from search,theptip,"&gt; You can&#x27;t control what other people post about you but for the non-famous this is probably a relatively modest presence<p>I don&#x27;t think this is right, at least not in the context of the parent. Perhaps it&#x27;s true in regards to _public_ posts on the internet, but I think it&#x27;s important to consider private photos.<p>If you upload photos to your private Google Photos account, it will ask you &quot;is this FriendA?&quot; and have you train an image classifier for all your friends. Even if FriendA is not online, as long as FriendB is taking photos of FriendA and tagging them (for example, to make it easier for FriendB to search their photo album) then Google knows how to recognize FriendA.<p>I have no idea if this training data is used outside of FriendB&#x27;s library, but I&#x27;d assume so.",2021-08-19T17:39:22+00:00,0.0,en,Ask Google Photos,2026-09-23T18:18:53.010822+00:00,possibly_relevant,"Discusses Google Photos search capabilities, Ask Photos, AI search algorithms, or photo organization, but evidence on vague personal retrieval is partial or high-level.",person_family,"person, surrounding_circumstances",,"keyword_search, album_browsing",,unknown,,,unknown,"Perhaps it&#x27;s true in regards to _public_ posts on the internet, but I think it&#x27;s important to consider private photos.<p>If you upload photos to your private Google",direct
forums_39393465,forums,hacker_news,39393465,https://news.ycombinator.com/item?id=39393465,Our next-generation model: Gemini 1.5,vineyardmike,"&gt; imagine feeding in movies or tv shows<p>Google themselves have such a huge footprint of various businesses, that they alone would be an amazing customer for this, never mind all the other cool opportunities from third parties...<p>Imagine that they can ingest the entirety of YouTube and then dump that into Google Search&#x27;s index AND use it to generate training data for their next LLM.<p>Imagine that they can hook it up to your security cameras (Nest Cam), and then ask questions about what happened last night.<p>Imagine that you can ask Gemini how to do something (eg. fix appliance), and it can go and look up a YouTube video on how to accomplish that ask, and explain it to you.<p>Imagine that it can apply summarization and descriptions to every photo AND video in your personal Google Photos library. You can ask it to find a video of your son&#x27;s first steps, or a graduation&#x2F;diploma walk for your 3rd child (by name) and it can actually do that.<p>Imagine that Google Meet video calls can have the entire convo itself fed into an LLM (live?), instead of just a transcription. You can have an AI assistant there with you that can interject and discuss, based on both the audio and video feed.",2024-02-16T05:19:51+00:00,0.0,en,Ask Google Photos,2026-09-23T18:18:53.010911+00:00,possibly_relevant,"Discusses Google Photos search capabilities, Ask Photos, AI search algorithms, or photo organization, but evidence on vague personal retrieval is partial or high-level.","person_family, event","person, event",,"keyword_search, Ask_Google_Photos, natural_language_search",,unknown,,,unknown,"&gt; imagine feeding in movies or tv shows<p>Google themselves have such a huge footprint of various businesses, that they alone would be an amazing customer for this, never mind",indirect
forums_44946110,forums,hacker_news,44946110,https://news.ycombinator.com/item?id=44946110,Google is watching,foota,"This is a part of Android natively. I assume that since most users intend to use Google Photos to manage their photos that it would request access to all photos.<p>I don&#x27;t believe that Google would upload your photos remotely <i>that haven&#x27;t been backed up through Google Photos</i>. Technically it sounds like their privacy policy would allow photos uploaded to Google to be used for training a model within Photos (e.g., I suspect their Ask Photos AI was probably trained on Google Photos data?) but it states that it won&#x27;t be used for Ads or for training models outside of Photos.",2025-08-18T22:45:43+00:00,0.0,en,Ask Google Photos,2026-09-23T18:18:53.011133+00:00,possibly_relevant,"Discusses Google Photos search capabilities, Ask Photos, AI search algorithms, or photo organization, but evidence on vague personal retrieval is partial or high-level.",unknown,surrounding_circumstances,,"Ask_Google_Photos, natural_language_search",,unknown,,,unknown,"Technically it sounds like their privacy policy would allow photos uploaded to Google to be used for training a model within Photos (e.g., I suspect their Ask Photos AI was",direct
forums_29913821,forums,hacker_news,29913821,https://news.ycombinator.com/item?id=29913821,Ask HN: Would you pay for a fully encrypted Google Photos alternative?,applgo443,"Would you pay for a fully encrypted google photos alternative?<p>1. You could unlock it with your regular web2 way (Gmail, email-password, etc) or use your crypto wallet (==&gt; complete privacy).<p>2. Photos would be encrypted and then distributed over IPFS --&gt; No one except you can ever recover them<p>3. There&#x27;d be on-device ML features so that you could still get the useful features - search by person&#x27;s face, search for a picture of church, etc.<p>What would tip you to leave Google Photos in favor of such a product?",2022-01-12T22:46:46+00:00,12.0,en,Ask Google Photos,2026-09-23T18:18:53.011257+00:00,possibly_relevant,"Discusses Google Photos search capabilities, Ask Photos, AI search algorithms, or photo organization, but evidence on vague personal retrieval is partial or high-level.",unknown,person,,keyword_search,,unknown,,,unknown,"There&#x27;d be on-device ML features so that you could still get the useful features - search by person&#x27;s face, search for a picture of church, etc.<p>What would tip you to",indirect
forums_9633675,forums,hacker_news,9633675,https://news.ycombinator.com/item?id=9633675,Ask HN: Is it worth competing with Google?,eecks,"After Google&#x27;s announcements in the last few days, it seems like they are leaving their competition in the dust.<p>They continue to dominate search. Bing seems to exist just to exist. There&#x27;s no viable competitors.<p>The new Google Photos (coupled with the existing Google Drive) pretty much kills Dropbox&#x2F;Box&#x2F;etc at consumer level. Can Dropbox or anyone else match the search power in the new Google Photos?<p>Self driving cars are fast approaching. Will anyone beat Google at this?<p>Maps will have offline navigation soon. Why use Bing or Apple maps?<p>Android is everywhere. Google Now and their new Google Now features look great.<p>Is there any space that they are not in &#x2F; won&#x27;t enter?<p>My main point for asking is because I want to make a news website similar but not identical to Google News. If I made the site and IF it was a roaring success.. Google could just replicate it and because they have mountains and mountains of data they could probably do it better.",2015-05-31T09:50:38+00:00,8.0,en,Ask Google Photos,2026-09-23T18:18:53.011320+00:00,possibly_relevant,"Discusses Google Photos search capabilities, Ask Photos, AI search algorithms, or photo organization, but evidence on vague personal retrieval is partial or high-level.",travel,activity,,keyword_search,,unknown,,Switching to third-party gallery or local file manager,unknown,"After Google&#x27;s announcements in the last few days, it seems like they are leaving their competition in the dust.<p>They continue to dominate search.",direct
forums_32463596,forums,hacker_news,32463596,https://news.ycombinator.com/item?id=32463596,Ask HN: Best way to back up cloud accounts?,amacneil,"I have 15+ years and 500+GB of personal data in my Google account. I&#x27;m personally happy with Google&#x27;s services, security, and privacy, and am not looking to switch away. However, I would like to protect myself against losing access to my account (random unilateral Google termination, ransom, etc).<p>What services do people use to back up their cloud accounts, such as Gmail, Google Photos, Google Drive, etc?<p>Searching for &quot;cloud backup&quot; is useless, because it only returns results for backing up local data _to_ the cloud, not _from_ the cloud.<p>I am aware of Google Takeout, but it is a horribly manual process to wait for them to export half a TB of data and then upload it someplace else. I need something much more &quot;set and forget&quot;.<p>For Gmail I have considered syncing everything to ProtonMail (or similar) via POP&#x2F;IMAP. Curious if anyone uses this approach? Although unfortunately it would only cover Gmail and not Photos&#x2F;Drive&#x2F;etc.",2022-08-14T22:21:50+00:00,6.0,en,Ask Google Photos,2026-09-23T18:18:53.011435+00:00,highly_relevant,"Direct user account detailing attempts to search for, locate, or retrieve specific photos using contextual/semantic clues, or reporting retrieval failure in Google Photos.",other,"person, emotion_context",,keyword_search,,understanding_to_retrieval,Search fails to locate photo matching user's remembered context,Switching to third-party gallery or local file manager,unknown,"I&#x27;m personally happy with Google&#x27;s services, security, and privacy, and am not looking to switch away.",direct
forums_45681213,forums,hacker_news,45681213,https://news.ycombinator.com/item?id=45681213,Google flags Immich sites as dangerous,shadowgovt,"This is the key idea.<p>Companies have economy of scale (Google, for instance, is running dozens to hundreds of web apps off of one well-maintained fabric) and the ability to force consolidation of labor behind a few ideas by controlling salaries so that the technically hard, detailed, or boring problems actually get solved. Open source volunteer projects rarely have either of those benefits.<p>In theory, you could compete with Google via<p>- Well-defined protocols<p>- That a <i>handful</i> of projects implement (because if it&#x27;s too many, you split the available talent pool and end up with e.g. seven mediocre photo storage apps that are thin wrappers around a folder instead of one Google Photos with AI image search capability).<p>- Which solve very technically hard, detailed, or boring technical problems (AI image search is an actual game-changer feature; the difference between &quot;Where is that one photo I took of my dog? I think it was Christmas. Which Christmas, hell I don&#x27;t know&quot; and &quot;Show me every photo of my dog, no not that dog, the other dog&quot;).<p>I&#x27;d even risk putting up bullet point four: &quot;And be willing to provide solutions for problems other people don&#x27;t want solved without those other people working to torpedo your volunteer project&quot; (there are lots of folks who think AI image detection is de-facto evil and nobody should be working on it, and any open source photo app they can control the fate of will fall short of Google&#x27;s offering for end-users).",2025-10-23T12:49:04+00:00,0.0,en,Google Photos AI search,2026-09-23T18:18:54.948795+00:00,possibly_relevant,"Discusses Google Photos search capabilities, Ask Photos, AI search algorithms, or photo organization, but evidence on vague personal retrieval is partial or high-level.",pet,"person, activity, weather_season",,keyword_search,,unknown,,,unknown,"seven mediocre photo storage apps that are thin wrappers around a folder instead of one Google Photos with AI image search capability).<p>- Which solve very technically hard,",direct
forums_46840340,forums,hacker_news,46840340,https://news.ycombinator.com/item?id=46840340,My ridiculously robust photo management system (Immich edition),reddalo,"I honestly think that the search feature of Immich is <i>better</i> than Google Photos.<p>Maaaybe AI-based searches like &quot;cat on a red car&quot; are better on Google (but I wouldn&#x27;t bet my life on it), but Immich applies the exact filters that I want (Google is too fuzzy).<p>Also, unlike Google, Immich doesn&#x27;t censor your searches, so I can look up for naked pictures or photos of gorillas, and actually see the results.",2026-01-31T20:14:49+00:00,0.0,en,Google Photos AI search,2026-09-23T18:18:54.948940+00:00,possibly_relevant,"Discusses Google Photos search capabilities, Ask Photos, AI search algorithms, or photo organization, but evidence on vague personal retrieval is partial or high-level.",pet,"object, visual_appearance",,keyword_search,,unknown,,,unknown,I honestly think that the search feature of Immich is <i>better</i> than Google Photos.<p>Maaaybe AI-based searches like &quot;cat on a red car&quot; are better on Google (but I,direct
forums_23848997,forums,hacker_news,23848997,https://news.ycombinator.com/item?id=23848997,Google is facing a lawsuit for tracking people even when they opt out,ryanobjc,"Google photos does AI so you can search for terms like &#x27;cats&#x27; and all the pictures of cats show up.  They also have other behavioral things like &quot;hey remember this photo from a year ago&quot; or &quot;hey did you want to share this photo?&quot;.  This is all based on data in the photos.<p>So if Google runs analysis on your photos, in their cloud, in a manner that doesn&#x27;t cross information with other users, then we could consider this functionally equivalent to a system that runs it entirely on your device.<p>In many ways this is similar to search indexing for gmail, and other &#x27;assistant&#x27; behaviors such as &quot;you didnt reply to this, do you want to?&quot; prompts.<p>This is the entire underlying premise and promise of SaaS and &quot;the cloud&quot;.<p>I do think the well has been poisoned here in HN, using conspiracy like thinking, poor reasoning, and generally doubling down on confirmation bias.  Some people hold Google to a higher standard of proof than anything else in their life - while a sign of mistrust, it is often based on wild accusations and bad faith arguments, eg: in this case lawsuits from ORACLE of all companies (literally the poster child for bad corporate culture, sexism at the CEO level, and sneaky business practices!).",2020-07-15T17:56:33+00:00,0.0,en,Google Photos AI search,2026-09-23T18:18:54.949040+00:00,possibly_relevant,"Discusses Google Photos search capabilities, Ask Photos, AI search algorithms, or photo organization, but evidence on vague personal retrieval is partial or high-level.","person_family, pet","person, object",,keyword_search,,unknown,,,unknown,Google photos does AI so you can search for terms like &#x27;cats&#x27; and all the pictures of cats show up.,direct
forums_29987880,forums,hacker_news,29987880,https://news.ycombinator.com/item?id=29987880,Ask HN: What is your system for backing up family photos and video?,jayFu,"Hard drives with multiple copies in different places, and you need software to manage those photos and video for you, google Picasa was good in the old days, until google kills and replace with google photo. All major players provide photo cloud service, and for some people think the problem is solved, while some believe 
 the digital assets should be taken care by themselves, store locally, backup locally, that is the primary, and cloud backup is the tertiary backup, a good complementary.<p>The price of existing cloud storage is too high, and some of the companies(Shoebox, Canon Irista) doing the business gradually shutdown the services, this is a money losing business, it’s not the efficient way to manage huge amount of assets centralized (flicker CEO’s open letter sent last year confirmed this), they have to either make it more expensive, or make you the product. Cloud service is convenient for the user, people don’t need to buy expensive hardware, don’t need to be the professionals to maintain that, don’t need to worry about the energy fee to keep it run 24x7, but things are changing, single board computers are getting cheaper, more powerful and more energy efficient, storage are getting cheaper with larger capacity, software are getting more intelligent, people are having more and more concerns about the privacy, it’s now viable to host the Photo service, your private cloud, at your own place.<p>There are tons of open source alternatives there, but non of them provide competitive features like google photo, even though there are some backend services like photoprism that does a very good job on indexing the photo with AI, however the mobile APP is missing, and google also has the ecosystem to show photo&#x2F;video on  google home and chromecast.<p>We&#x27;ve been building Lomorage (<a href=""https:&#x2F;&#x2F;lomorage.com"" rel=""nofollow"">https:&#x2F;&#x2F;lomorage.com</a>) trying to fill the gap, it&#x27;s easy to setup a self hosted service(Still need a lot of work to make it easy for non tech users), cross platform, has iOS and Android mobile APP, can setup multiple accounts, some basic AI search(not polished and need more work), there are other features missing, but it&#x27;s stable enough for daily use. Would appreciate you try it out and give some feedback.",2022-01-18T23:50:58+00:00,0.0,en,Google Photos AI search,2026-09-23T18:18:54.949134+00:00,possibly_relevant,"Discusses Google Photos search capabilities, Ask Photos, AI search algorithms, or photo organization, but evidence on vague personal retrieval is partial or high-level.",person_family,"person, approximate_time, object",,keyword_search,,unknown,,,unknown,"Hard drives with multiple copies in different places, and you need software to manage those photos and video for you, google Picasa was good in the old days, until google kills",direct
forums_25061538,forums,hacker_news,25061538,https://news.ycombinator.com/item?id=25061538,Google Photos will end its free unlimited storage in June 2021,liminal,"Yup, on Android photo upload works the same as Dropbox&#x2F;Google. It doesn&#x27;t have the AI smarts of Google Photos though. Just tried searching for &#x27;cat&#x27; and the results were useless. But the storage works.",2020-11-11T18:56:06+00:00,0.0,en,Google Photos AI search,2026-09-23T18:18:54.949236+00:00,highly_relevant,"Direct user account detailing attempts to search for, locate, or retrieve specific photos using contextual/semantic clues, or reporting retrieval failure in Google Photos.",pet,approximate_time,exact_date,keyword_search,,understanding_to_retrieval,Search fails to locate photo matching user's remembered context,,unknown,"Yup, on Android photo upload works the same as Dropbox&#x2F;Google.",direct
forums_26396912,forums,hacker_news,26396912,https://news.ycombinator.com/item?id=26396912,Google suffers from a digital petro curse,ymolodtsov,"There&#x27;s only a few areas where Google really was a threat to early-stage startups.<p>The things they&#x27;re great at by simply being such a behemoth with a ton of infrastructure willing to give away a lot for free or where their AI expertise comes in handy.<p>Search, obviously. The ads network. Competitors for Gmail are way smaller but they exist, since you don&#x27;t need network effect, thankfully. Google Photos – I knew a startup that was developing a similar product for a year and then Photos launches and they decided to give up, because they couldn&#x27;t match the free tier or provide enough justification for a paid product. Of course you need to be giant to take a shot at something like Stadia.<p>But you can compete with almost everything else. Notion, Airtable and Coda are fine, even though it&#x27;d be smart for Google to finally add a new, more modern product to Workplace. Google Tasks hasn&#x27;t killed a single task manager. Google+ killed neither Facebook nor Snapchat.<p>Just read some stories from the founder of Waze: <a href=""https:&#x2F;&#x2F;marker.medium.com&#x2F;why-theres-no-such-thing-as-a-startup-within-a-big-company-c3003615f3bc"" rel=""nofollow"">https:&#x2F;&#x2F;marker.medium.com&#x2F;why-theres-no-such-thing-as-a-star...</a>",2021-03-09T09:20:04+00:00,0.0,en,Google Photos AI search,2026-09-23T18:18:54.949326+00:00,possibly_relevant,"Discusses Google Photos search capabilities, Ask Photos, AI search algorithms, or photo organization, but evidence on vague personal retrieval is partial or high-level.",work,,,keyword_search,,unknown,,,unknown,There&#x27;s only a few areas where Google really was a threat to early-stage startups.<p>The things they&#x27;re great at by simply being such a behemoth with a ton of,direct
forums_28348159,forums,hacker_news,28348159,https://news.ycombinator.com/item?id=28348159,Show HN: We built an end-to-end encrypted alternative to Google Photos,me551ah,"One of the biggest reasons why I like Google Photos is all the processing that it does on photos, especially some of the features that you have mentioned (object and face detection, location clustering, image filters, ...).
Now to process these photos, you would need to read them and since you are end-to-end encrypted it&#x27;s up to the clients to do this processing. Would some of these features even run on mobile devices(or for that matter javascript on the web)?, since google uses AI heavily for these tasks. You upload a picture on google, and instantly you get all the processing done on your pictures and they are available for you to browse and search. Google uses custom built AI processors and massive GPUs to get that computation done quickly. To replicate that in javascript on the web and mobile devices is going to be hard since there are few libraries which support it and the mobile devices really cannot compete with the computing power available in the cloud.<p>I really love the privacy oriented aspect of this service though and I would really like to share one less thing with google. I&#x27;ve always been concerned about being blocked out of my google accounts and losing my photos.",2021-08-29T16:35:24+00:00,0.0,en,Google Photos AI search,2026-09-23T18:18:54.949398+00:00,possibly_relevant,"Discusses Google Photos search capabilities, Ask Photos, AI search algorithms, or photo organization, but evidence on vague personal retrieval is partial or high-level.",unknown,"person, place",,keyword_search,,unknown,,,unknown,"One of the biggest reasons why I like Google Photos is all the processing that it does on photos, especially some of the features that you have mentioned (object and face",direct
forums_45068317,forums,hacker_news,45068317,https://news.ycombinator.com/item?id=45068317,Updates to Consumer Terms and Privacy Policy,ljosifov,"Whether Google is interested in serving me or not, is not only untestable (i.e. what counts as &#x27;Google&#x27;, &#x27;interested&#x27;, and &#x27;serving&#x27; there - one could argue to end of time) - but besides the point. I want to be able to tell Google &quot;My home is XYZ&quot;, and for Google to use that information about me in all of Google ecosystem. When I talk to Gemini it should know what&#x2F;where &quot;LJ home&quot; is, when I write in Gdoc it should know my home address (so to insert it if I want it), ditto for Gmail, when I search in Google photos &quot;photos taken at home&quot; it should also know what &quot;home&quot; is for me.<p>Atm Google vaguely knows, and uses that for Ads targeting, sometimes. Most of the time - the targeting is bad, very low quality slop. To the level of &quot;he bought a mattress yesterday, will keep buying mattresses in the next 30-60 days&quot;. I have the impression that we ended up in the worst case scenario. People I don&#x27;t want to have my data, have access to it. People I do want to have my data, are afraid to touch it, and use it - yes! - for theirs, but also for my benefit too. The current predicament seems to me the case of &quot;public lies, private truths.&quot;<p>A small cadre of vocal proponents of a particular view, established &quot;the ground truth to what is desirable&quot;. (in this case - maximum privacy, ideally zero information sharing) The public goes with it in words, pays lip service, while in deeds, the revealed preferences show, they value their data privacy very cheaply, almost zero. Even one click extra, to share their data less, is one click too many, effort too high, for most people. Again - these are revealed preferences, for people keep lying when asked. It&#x27;s not even the case of &quot;you are lying to me&quot; - no, it&#x27;s more like &quot;you are lying to yourself.&quot;<p>The conventional opinion is that the power imbalance coming from the information imbalance (state&#x2F;business know a lot about me; I know little about them) is that us citizens and consumers should reduce our &quot;information surface&quot; towards them. And address the imbalance that way. But. There exists another, often unmentioned option. And that option is for state&#x2F;business to open up, to increase their &quot;information surface&quot; towards us, their citizens&#x2F;consumers. That will also achieve information (and one hopes power) rebalance. Yes there is extra work on part of state&#x2F;business to open their data to us. But it&#x27;s worth it. The more advanced the society, the more coordination it needs to achieve the right cooperation-competition balance in the interactions between ever greater numbers of people. There is an old book &quot;Data For the People&quot; by an early AI pioneer and Amazon CTO Andreas Weigend. Afaics it well describes the world we live in, and also are likely to live even more in the future.",2025-08-29T19:25:10+00:00,0.0,en,Google Photos AI search,2026-09-23T18:18:54.949450+00:00,possibly_relevant,"Discusses Google Photos search capabilities, Ask Photos, AI search algorithms, or photo organization, but evidence on vague personal retrieval is partial or high-level.",unknown,person,,"keyword_search, Ask_Google_Photos, natural_language_search",,unknown,,,unknown,"When I talk to Gemini it should know what&#x2F;where &quot;LJ home&quot; is, when I write in Gdoc it should know my home address (so to insert it if I want it), ditto for Gmail,",direct
forums_42431551,forums,hacker_news,42431551,https://news.ycombinator.com/item?id=42431551,Most iPhone owners see little to no value in Apple Intelligence so far,jjice,"I&#x27;m new to iOS - just switched from Android about 10 days ago. I didn&#x27;t move for Apple Intelligence, but it&#x27;s a feature I&#x27;ve played with.<p>- Writing tools are neat, but I don&#x27;t have much use for them. They worked pretty alright.<p>- Image playground is neat, but I haven&#x27;t and probably won&#x27;t use it outside of goofing around and showing a buddy.<p>- The new Siri is awful. I don&#x27;t know the old Siri very well, but it&#x27;s just not good. I had to ask it something like five times what time one of yesterday&#x27;s football games was going to be.<p>- Visual intelligence isn&#x27;t even a thing. I can&#x27;t believe they&#x27;re advertising it like it&#x27;s interesting. It&#x27;s just asking ChatGPT about an image (which the ChatGPT app already supports) or using Google Lens (which the Google app supports).<p>What I am impressed by is how much gets run on device. About half of the writing tools are fully on device and the image playground was running entirely on device. That was very neat to me. Tested by turning of all data connection and seeing what was unavailable (ran into this with writing tools).<p>I&#x27;m still super hopeful for Siri to use my personal context. I think that one is set for March 2025 in the US. If they can pull that off, that will be the most valuable personal use case of AI for me so far. If I can just ask &quot;When does my flight leave?&quot; and it can immediately know I&#x27;m talking about my flight next week to visit family for the holidays and either use the email or my calendar to pull it, that&#x27;s just incredibly neat to me.<p>Other than that, I&#x27;ve been enjoying the iPhone and some of their other machine learning features that have been around before Apple Intelligence. Searching in the Photos app is blowing my mind. I think Google Photos would do that too if I had backed up my images, but have this on device on the iPhone is just insane. I can&#x27;t believe all of y&#x27;all have had this for years.",2024-12-16T14:57:21+00:00,0.0,en,Google Photos AI search,2026-09-23T18:18:54.949503+00:00,possibly_relevant,"Discusses Google Photos search capabilities, Ask Photos, AI search algorithms, or photo organization, but evidence on vague personal retrieval is partial or high-level.","travel, person_family","approximate_time, activity, surrounding_circumstances",,"keyword_search, Google_Lens",,unknown,,,unknown,Searching in the Photos app is blowing my mind.,direct
forums_37675625,forums,hacker_news,37675625,https://news.ycombinator.com/item?id=37675625,"Ask HN: How do you manage photos, philosophically?",gerdemb,"Nice to hear from someone else with a huge iCloud Photo Library--we&#x27;ve got about 1.2 TB! After a lot of experimentation with Google Photos, Synology&#x27;s photo APP, etc. we finally settled on going all in on the Apple ecosystem (we&#x27;re an all-Apple family). The game-changer for us was when Apple finally supported shared photo libraries between users.<p>The ability to search the photo library has been steadily improving (in my experience, Google still has an edge over Apple in this area) and with the advent of new AI technology I only expect it to get better. Except for special occasions I don&#x27;t even attempt to &quot;organize&quot; or &quot;tag&quot; my photos. It reminds me of how Google Search surpassed early &#x27;library catalog&#x27; style indexes like Yahoo.<p>The biggest downside of iCloud is the lack of an API to access the data programmatically for backups etc. I&#x27;ve experimented with `icloudpd` and it worked OK, but I&#x27;m not sure about the long-term stability as it&#x27;s basically just &quot;screen scraping&quot; iCloud.com to download the photos from the web which is not officially supported by Apple and is sensitive to any changes to the website as well as the (remote?) possibility of getting your account banned. The performance is also bad as it has to download all photos even the ones that are already stored locally.<p>There’s also `osxphotos` (<a href=""https:&#x2F;&#x2F;github.com&#x2F;RhetTbull&#x2F;osxphotos"">https:&#x2F;&#x2F;github.com&#x2F;RhetTbull&#x2F;osxphotos</a>) which works by reverse engineering the undocumented sqlite database in the photos library that Apple uses for storing the photos metadata. This avoids the performance problems of accessing the library through iCloud.com like `icloudp` does and enables many more features like searching by faces, places, etc. and they have an export function with a ton of options to backup your library.<p>Finally, I have a side-project working on a simple set-it-and-forget Mac app for backing up your entire photo library (including iCloud Photos) to a local disk, network share, NAS, etc. Unlike the above options, it uses the official Apple PhotoKit library to access the photos and doesn’t require setting up a Python environment, running command-line tools, etc. If you’re interested check it out here: <a href=""https:&#x2F;&#x2F;www.ibeni.net"" rel=""nofollow noreferrer"">https:&#x2F;&#x2F;www.ibeni.net</a>",2023-09-27T15:01:07+00:00,0.0,en,Google Photos AI search,2026-09-23T18:18:54.949555+00:00,possibly_relevant,"Discusses Google Photos search capabilities, Ask Photos, AI search algorithms, or photo organization, but evidence on vague personal retrieval is partial or high-level.",person_family,"person, activity, surrounding_circumstances",,keyword_search,,unknown,,,unknown,Nice to hear from someone else with a huge iCloud Photo Library--we&#x27;ve got about 1.2 TB!,direct
forums_31349241,forums,hacker_news,31349241,https://news.ycombinator.com/item?id=31349241,"Why I Quit Google’s WebAssembly Team, and How It Made Me Sick",nunez,"I think Google innovates plenty!<p>You might only use Maps, Gmail, and Search, but you&#x27;ve probably also:<p>- Used a ton of services hosted in Google Cloud (which Google built outright),<p>- interacted with data that was filtered through BigQuery or Cloud Spanner (which Google built)<p>- Edited something in Sheets, Docs, Slides, or Forms (all acquisitions, I think)<p>- Viewed a photo on Google Photos,<p>- Used Chrome,<p>- etc.<p>And that&#x27;s before all of the stuff Google has produced that&#x27;s open-source (Golang, Kubernetes, Flutter&#x2F;Dart, V8, etc), or their AI stuff (DeepMind, AlphaGo, Brain), or their autonomous driving stuff (Waymo, which is probably a patent factory on its own accord)<p>Also, let&#x27;s not discount that Maps has gotten a LOT of innovations over time. Is there another mapping service that can give you historical street view of almost any road in the US within seconds?<p>I worked there in 2015 and also disliked my experience, but Google definitely definitely moves the needle on stuff.",2022-05-12T04:20:48+00:00,0.0,en,Google Photos AI search,2026-09-23T18:18:54.949604+00:00,possibly_relevant,"Discusses Google Photos search capabilities, Ask Photos, AI search algorithms, or photo organization, but evidence on vague personal retrieval is partial or high-level.",unknown,"place, approximate_time, activity",,keyword_search,,unknown,,,unknown,"I think Google innovates plenty!<p>You might only use Maps, Gmail, and Search, but you&#x27;ve probably also:<p>- Used a ton of services hosted in Google Cloud (which Google built",direct
forums_25064369,forums,hacker_news,25064369,https://news.ycombinator.com/item?id=25064369,Google Photos will end its free unlimited storage in June 2021,renewiltord,I have Google One for $20&#x2F;yr and iCloud for $12&#x2F;yr and they provide sufficient value. Google Photos is the best photo app there is. It really takes advantage of Google&#x27;s skill with hard CS problems and their platform advantage.<p>The search is unparalleled. The Google Location History integration is beautiful.<p>Just today I used it to find a dish I ate in a place years ago by finding the place in Location History and clicking through to the photo of the dish that was <i>integrated</i> into the view. Jesus Christ. This was the promise of AI assistants. It is here.,2020-11-11T23:42:21+00:00,0.0,en,Google Photos AI search,2026-09-23T18:18:54.949652+00:00,possibly_relevant,"Discusses Google Photos search capabilities, Ask Photos, AI search algorithms, or photo organization, but evidence on vague personal retrieval is partial or high-level.",food_restaurant,"place, approximate_time",,keyword_search,,unknown,,,unknown,Google Photos is the best photo app there is.,direct
forums_15087210,forums,hacker_news,15087210,https://news.ycombinator.com/item?id=15087210,Inside Waymo's Secret World for Training Self-Driving Cars,dlubarov,"Agreed. As a Google engineer, I think a lot of our AI efforts are &quot;safe&quot; (as in we&#x27;ll keep investing in them for a long time) because they&#x27;re already providing substantial business value. For example,<p>- TTS and speech synthesis have lots of uses in Android (phones, Wear, Auto, etc.)<p>- Object recognition is very useful for photo search<p>- Face recognition is also useful for photo search (if you tag people in Google Photos)<p>- Neural machine translation provides better translation accuracy (for languages which we have enough training data for)<p>It&#x27;s possible Google will cut back on some more speculative ML research efforts, but certainly not those four, I would think.",2017-08-24T02:39:49+00:00,0.0,en,Google Photos AI search,2026-09-23T18:18:54.949699+00:00,possibly_relevant,"Discusses Google Photos search capabilities, Ask Photos, AI search algorithms, or photo organization, but evidence on vague personal retrieval is partial or high-level.",unknown,"person, activity",,keyword_search,,unknown,Face recognition clustering errors or misidentification,,unknown,"For example,<p>- TTS and speech synthesis have lots of uses in Android (phones, Wear, Auto, etc.)<p>- Object recognition is very useful for photo search<p>- Face recognition is",direct
forums_48951218,forums,hacker_news,48951218,https://news.ycombinator.com/item?id=48951218,Evidence of inconsistencies in evaluation process and selection of winners,jodrellblank,"&gt; &quot;<i>where&#x27;s the amazing product that couldn&#x27;t have been done without AI?</i>&quot;<p>My phone can search my photos with text based on what&#x27;s represented in the photo. That wasn&#x27;t a thing for computers from 1950 through about 2012, and now it&#x27;s just normal. Google Lens will tell you what a plant is, Merlin app will identify birds from birdsong.<p>In 2000 we had Dragon Naturally Speaking and Kurzweil VoicePad, now we have voice recognition and machine transcription that works usefully well. &#x27;Now&#x27; being sometime after 2012.<p>I don&#x27;t remember what we had for human language translation, but since transformers and LLMs and GP-GPU, we have Google Translate and a lot of competitors, such that usefully good translation is everywhere - in the right click menu in FireFox, for example. Google translate will take a photo with foreign text in it, translate the text, overlay it on the photo.<p>Useful programming language porting, it&#x27;s gone from basically impossible or unusable, to very usable.<p>Text synthesis, my employer has an AI generated newsletter. It&#x27;s not something I want, but it&#x27;s also not something you could do at all ten years ago.<p>Script synthesis, it&#x27;s now easy to one-shot a few lines of script or command line to do something, faster than opening the ffmpeg man pages or whatever. &quot;that didn&#x27;t work, here&#x27;s the error: &lt;&gt;&quot; &quot;the codec is not supported in this mode, try --work-please&quot; and<p>Image synthesis. My local daily newspaper has at least one full page AI image, that&#x27;s not something you could do at all ten years ago.<p>Camera drones, now they can clock onto your face, fly while following you and keeping the you in shot, and respond to gestures for things like landing.<p>&gt; &quot;<i>By now we should have seen some major new invention</i>&quot;<p>There&#x27;s no law of the Universe which says this, &quot;you should see a new invention k years after the invention of a transformer architecture&quot;. Solar electricity generation was first noticed in 1839, first commercialised in 1954, and it&#x27;s only just (give or take a few years) become a significant percentage of world power generation (6% in 2022) and the cheapest form of electricity.<p>&quot;AI&quot; was considered a hundred years ago with &#x27;Robots&#x27; and Turing Tests, wasn&#x27;t usefully progressed until computers in say the 1950&#x27;s with LISP and chess, the 1970s with Prolog, but had a huge shift around 2012 with GP-GPU and powerful enough video cards to crunch large amounts of data and with the internet providing large amounts of data, then again with transformer architectures and LLMs, and then with tensor flow and TPU&#x2F;NPU dedicated accelerators.<p>Do you expect the world will look the same in 2036? 2046? That all this investment in AI datacenters will just stop and go away? That all the dedicated cores in mobile devices will fall unused? That Waze and Tesla Full Self Driving will just stop where they are even if processing power 10x&#x27;s? That Amazon will stop rolling out warehouse robots because humans are better? That drones and robo-mowers, robo vacuums, Alexas and OK Google&#x27;s are going to be no different? That nobody will train anything else, connect up any other inputs or outputs, try any new uses, or make use of any changing costs?",2026-07-17T19:17:50+00:00,0.0,en,Google Photos AI search,2026-09-23T18:18:54.949746+00:00,possibly_relevant,"Discusses Google Photos search capabilities, Ask Photos, AI search algorithms, or photo organization, but evidence on vague personal retrieval is partial or high-level.",food_restaurant,"person, approximate_time, activity, text, weather_season",,"keyword_search, Google_Lens",,unknown,,,unknown,"Google translate will take a photo with foreign text in it, translate the text, overlay it on the photo.<p>Useful programming language porting, it&#x27;s gone from basically",direct
forums_15992510,forums,hacker_news,15992510,https://news.ycombinator.com/item?id=15992510,"By ditching usernames, OKCupid is removing a crucial protective barrier",oxplot,"I think most people who&#x27;ve commented on the OKC post here and on their blog, are missing a few points:<p>1. Names can be faked. I don&#x27;t see any long term and practical way for OKC to enforce real names (as FB and G+ showed in the past). So this is really a non-issue.<p>2. Photos are much more problematic because it&#x27;s assumed that one cannot search based on a photo. A 5 second Google Image search on profile pictures from OKC however shows that a lot of people re-use photos they post on various social sites. It takes one of those places to have your real name next to your photo and you&#x27;re identified! Google Image search is just the tip of the iceberg. It&#x27;s getting easier and faster every day to compile database of photos and run a AI algo on it to recognize faces.<p>Any company who boasts protecting privacy of its users ought to find a way to protect against facial recognition.",2017-12-23T02:10:07+00:00,0.0,en,Google Photos AI search,2026-09-23T18:18:54.949793+00:00,possibly_relevant,"Discusses Google Photos search capabilities, Ask Photos, AI search algorithms, or photo organization, but evidence on vague personal retrieval is partial or high-level.",unknown,person,,"keyword_search, person_search",,unknown,Face recognition clustering errors or misidentification,,unknown,It&#x27;s getting easier and faster every day to compile database of photos and run a AI algo on it to recognize faces.<p>Any company who boasts protecting privacy of its users,direct
forums_45457675,forums,hacker_news,45457675,https://news.ycombinator.com/item?id=45457675,The AI Application Spending Report,jamesreadsnews,"I haven&#x27;t heard of half of the listings so I asked Gemini (the irony..) to explain what each company offers:<p>OpenAI: An AI research and deployment company known for its large language models like GPT-4, the chatbot ChatGPT, and the image generation model DALL-E.<p>Anthropic: An AI safety and research company that builds reliable and interpretable AI systems. Its flagship product is the Claude family of large language models.<p>Replit: An online, collaborative coding platform and IDE (Integrated Development Environment) that supports a wide range of programming languages.<p>Freepik: A platform offering a vast library of stock photos, vector images, icons, and illustrations, which now includes AI-powered image generation tools.<p>ElevenLabs: An AI voice technology company that provides realistic and versatile text-to-speech and voice cloning software.<p>Cursor: An AI-first code editor designed to help developers write, edit, and debug code faster with deep AI integration.<p>Fyxer.ai: A service providing AI-powered executive assistants to handle administrative, operational, and business tasks for professionals.<p>Lorikeet: An AI platform for finance and accounting teams that automates bookkeeping, reconciliations, and financial workflows.<p>Micro1: A platform that helps companies hire vetted, full-time remote software and AI engineers.<p>Notion: An all-in-one workspace application that combines notes, documents, wikis, and project management. It includes Notion AI for content generation and summarization.<p>Delve: An AI-powered competitive intelligence platform that automatically tracks and analyzes competitors&#x27; digital footprints.<p>Perplexity: An AI-powered conversational search engine that delivers direct answers to questions with citations and sources included.<p>Instantly: A cold outreach and email marketing platform designed for B2B sales and marketing campaigns, featuring email warm-up and sending automation.<p>Customer.io: A customer engagement platform that enables businesses to send automated emails, push notifications, and SMS messages based on user behavior.<p>Kling AI: A text-to-video AI model developed by Kuaishou Technology, capable of generating high-resolution, realistic video clips from text prompts.<p>Retell AI: A developer platform providing an API to build human-like, conversational voice AI agents for customer service and other applications.<p>Canva: A user-friendly online graphic design platform for creating social media graphics, presentations, posters, and other visual content. Its &quot;Magic Studio&quot; offers a suite of AI-powered design tools.<p>Lovable: An AI platform that helps marketing teams generate and test ad creative, copy, and audience segments to optimize campaign performance.<p>Metaview: An AI-powered tool that automatically transcribes and summarizes job interviews, providing notes and insights for hiring teams.<p>Adept: An AI research and product lab building general intelligence systems designed to perform tasks and automate workflows on a computer using natural language commands.<p>Glean: An AI-powered enterprise search platform that unifies and searches across all of a company&#x27;s apps and knowledge bases to provide relevant answers.<p>Photoroom: An AI photo editing app that allows users to remove backgrounds, erase objects, and create professional-looking product photos and portraits.<p>Solve Intelligence: An AI platform for intellectual property professionals that automates patent search and analysis.<p>Gamma: An AI-powered tool for creating engaging presentations, documents, and web pages from simple text prompts.<p>Clay: A relationship management platform and &quot;personal CRM&quot; that centralizes contacts from various sources like email, calendar, and social media.<p>Cluely: An AI-powered platform for user analytics and product insights, helping businesses understand user behavior and improve their products.<p>Crosby: A personal AI assistant designed to integrate with a user&#x27;s applications and data to manage tasks and information privately.<p>Midjourney: An independent research lab and the creator of a popular AI program that generates complex and artistic images from natural language prompts.<p>Combinely: An AI-powered platform that provides tools for content creation, image generation, coding assistance, and more.<p>Merlin: An AI browser extension that provides users with access to ChatGPT and other language models on any website to summarize content, write replies, or generate ideas.<p>Descript: An all-in-one audio and video editor that allows users to edit media by simply editing the text of its auto-generated transcript.<p>Grammarly: An AI-powered writing assistant that checks grammar, spelling, punctuation, clarity, and tone across various platforms and applications.<p>Manus: An AI platform that automates the process of contract review and negotiation for legal and sales teams.<p>Cognition: An applied AI lab focused on reasoning. They are the creators of Devin, an AI agent designed to act as an autonomous software engineer.<p>OpusClip: An AI video editing tool that automatically repurposes long videos into short, engaging clips suitable for social media platforms.<p>Happy Scribe: A service that provides fast and accurate audio and video transcription and subtitling, using both AI and human transcribers.<p>11x: An AI-powered sales automation platform that helps B2B sales teams find leads, research accounts, and write personalized outreach emails.<p>PLAUD: The company behind the PLAUD NOTE, an AI-powered voice recorder that can transcribe, summarize, and create mind maps from audio recordings.<p>Serval: An AI platform for customer support teams that analyzes conversation data to provide insights, quality assurance, and agent coaching.<p>Ada: An AI-native customer service automation platform that provides chatbot solutions to resolve customer inquiries across various channels.<p>Otter.ai: An AI-powered service that provides real-time transcription for meetings and conversations, and generates automated summaries.<p>Alma: A platform that helps people find and access affordable mental health care by connecting them with therapists who accept their insurance.<p>Applaud: A modern HR and employee experience platform that helps companies manage their workforce, from onboarding to performance management.<p>CapCut: A free, all-in-one video editing application for mobile and desktop, popular for creating videos for social media platforms like TikTok.<p>Motion: An AI-powered productivity tool that combines a calendar, project manager, and meeting scheduler to automatically plan a user&#x27;s day.<p>Crisp: An all-in-one business messaging platform that includes features like a shared inbox, CRM, live chat, and chatbot for customer support and sales.<p>Arcads: An AI-powered platform that helps e-commerce businesses and marketers quickly create and test video advertisements for social media.<p>Emergent: An AI product studio and consultancy that designs and builds custom AI-powered solutions for businesses.<p>Read AI: An AI tool that joins online meetings (on platforms like Zoom, Teams, and Google Meet) to provide automated summaries, transcripts, and analytics.<p>Tavus: An AI video generation platform that allows users to record one video and then automatically create thousands of personalized versions with unique variables for each viewer.",2025-10-03T01:21:08+00:00,0.0,en,Google Photos AI search,2026-09-23T18:18:54.949840+00:00,possibly_relevant,"Discusses Google Photos search capabilities, Ask Photos, AI search algorithms, or photo organization, but evidence on vague personal retrieval is partial or high-level.","person_family, document_receipt","person, object, emotion_context",,"keyword_search, Ask_Google_Photos, natural_language_search",,unknown,,,unknown,It includes Notion AI for content generation and summarization.<p>Delve: An AI-powered competitive intelligence platform that automatically tracks and analyzes competitors&#x27;,direct
forums_44056415,forums,hacker_news,44056415,https://news.ycombinator.com/item?id=44056415,OpenAI to buy AI startup from Jony Ive,mattlondon,"How did that work for the Facebook phone? And all their billions of fervent Facebook users?<p>Google own this space - pixel phones already do pretty much all of this, and they have the best models and the most users too.  No built in agentic capabilities yet, but I am sure that is just a month or two away (see project mariner).<p>If you&#x27;ve not tried the pixel photo ai features already, you may be surprised.  Things like changing lighting, removing people from the shot, auto-stitching people into a group photo, composites group photos so you get one photo where everyone is smiling and looking at the camera at the same time even if that never happened etc, text-editing photos etc.  Gemini live is like a facetime call without the 3d avatar but we&#x27;ve seen they can do it with Veo3 already if they wanted.<p>This is all reality today already in the hands of billions of Google users, so OpenAI have a bit of a hill to climb: OpenAI would need to not only <i>catch up</i> with Google (both in AI space which they seem incapable of doing right now but also in product too) <i>and</i> surpass them.<p>Google are totally integrated in this space - the device, the software, the AI models, the infrastructure, the data, the sites&#x2F;apps people use (search, Gmail, maps, YouTube, docs, ...) and also the <i>billions</i> of users.<p>I doubt OpenAI can really make a dent here. I suspect any OpenAI-Phone will be quietly discontinued like the Facebook phone",2025-05-21T21:19:41+00:00,0.0,en,Google Photos AI search,2026-09-23T18:18:54.949884+00:00,possibly_relevant,"Discusses Google Photos search capabilities, Ask Photos, AI search algorithms, or photo organization, but evidence on vague personal retrieval is partial or high-level.",unknown,"person, visual_appearance, who_with",,"keyword_search, Ask_Google_Photos, natural_language_search",,unknown,,,unknown,"No built in agentic capabilities yet, but I am sure that is just a month or two away (see project mariner).<p>If you&#x27;ve not tried the pixel photo ai features already, you may be surprised.",direct
forums_45572742,forums,hacker_news,45572742,https://news.ycombinator.com/item?id=45572742,"Google's Photoshop-killer AI model is coming to search, Photos, and NotebookLM",pseudolus,"Google's Photoshop-killer AI model is coming to search, Photos, and NotebookLM",2025-10-13T20:04:17+00:00,3.0,en,Google Photos AI search,2026-09-23T18:18:54.949922+00:00,possibly_relevant,"Discusses Google Photos search capabilities, Ask Photos, AI search algorithms, or photo organization, but evidence on vague personal retrieval is partial or high-level.",unknown,,,keyword_search,,unknown,,,unknown,"Google's Photoshop-killer AI model is coming to search, Photos, and NotebookLM",indirect
forums_33151712,forums,hacker_news,33151712,https://news.ycombinator.com/item?id=33151712,Back to Android for the time being,pwinnski,"When I spoke of inferior experiences, I was referring to the Pine Phone, not the Pixel 2. I&#x27;m sorry that wasn&#x27;t clear!<p>That said, the iPhone 8 is still supported by Apple (probably for the last year), while the Pixel 2, like the Pixels 3, 4, and 5, are no longer supported by Google. This likely doesn&#x27;t matter to someone not running standard Google-supplied AndroidOS, though!<p>My use of the closed-source iPhone is not solely based on feature quality, and I&#x27;ve got no illusions that every feature is the best in class.<p>P.S. Just before clicking the reply button, I decided to do the search myself, curious. The iPhone 8 was a weird model; that was the year they released both the iPhone 8 and the iPhone X, because (IMO) they lacked the courage to switch things up in their flagship product so much in one year. (Okay, and maybe also supply issues?) Still, when I DDG&#x27;d &quot;pixel 2 iphone 8&quot;, I got results[0] that seem to not be the same as yours. The first doesn&#x27;t really make any determination, the second is mealy-mouthed but seems to give an edge to Pixel 2 based primarily on price (&quot;the Pixel 2 is a better value, starting out at about $50 and £70 cheaper than the iPhone 8&quot; vs &quot;you&#x27;ll actually get more bang for your buck with the iPhone 8&quot;), and the third, well, it&#x27;s right in the title: &quot;iPhone 8 vs. Pixel 2: Why Apple Beats Google.&quot; So I don&#x27;t know, I bought an iPhone X that year rather than an iPhone 8, and just replaced that with an iPhone 14 Pro this year after five years of faithful service. But choosing a 2017 phone today, either one, while very clearly a step up from Pinephone for all the of the reasons mentioned in the article, maybe still reflects a but of compromise in service of wanting to run LineageOS. In 2017, was photo quality the same when running LineageOS rather than Google&#x27;s own camera software? Maybe it was after that they started to apply more and more AI to the photo-taking process, I&#x27;m not sure.<p>0. <a href=""https:&#x2F;&#x2F;www.techradar.com&#x2F;news&#x2F;google-pixel-2-vs-iphone-8"" rel=""nofollow"">https:&#x2F;&#x2F;www.techradar.com&#x2F;news&#x2F;google-pixel-2-vs-iphone-8</a>
<a href=""https:&#x2F;&#x2F;www.cnet.com&#x2F;tech&#x2F;mobile&#x2F;iphone-8-vs-pixel-2-phone-comparison&#x2F;"" rel=""nofollow"">https:&#x2F;&#x2F;www.cnet.com&#x2F;tech&#x2F;mobile&#x2F;iphone-8-vs-pixel-2-phone-c...</a>
<a href=""https:&#x2F;&#x2F;www.tomsguide.com&#x2F;us&#x2F;iphone-8-vs-pixel-2,review-4779.html"" rel=""nofollow"">https:&#x2F;&#x2F;www.tomsguide.com&#x2F;us&#x2F;iphone-8-vs-pixel-2,review-4779...</a>",2022-10-10T14:16:53+00:00,0.0,en,Google Photos AI search,2026-09-23T18:18:54.949959+00:00,possibly_relevant,"Discusses Google Photos search capabilities, Ask Photos, AI search algorithms, or photo organization, but evidence on vague personal retrieval is partial or high-level.",unknown,"approximate_time, activity",,keyword_search,,unknown,,,unknown,"Just before clicking the reply button, I decided to do the search myself, curious.",direct
forums_46827271,forums,hacker_news,46827271,https://news.ycombinator.com/item?id=46827271,AI has failed to replace a single software application or feature,PaulHoule,"Conventional web search:  I use Google&#x27;s AI Mode almost exclusively when I use Google.<p>Refactoring tools in my IDE:  In some cases where I could use the refactoring tools in my IDE I will ask the assistant to do something for me instead,  of course it will also make changes that the refactoring tools won&#x27;t do such as tear apart a complicated if-then-else ladder.<p>Photo retouching:  there are plenty of photo retouching jobs that can be done easily with AI or with the tools built into Photoshop,  which one is better depends on the situation.  I really wish I had an AI tool to make masks (&quot;cut out the person&quot;) that I could then use with the other tools or with AI generation.",2026-01-30T17:36:28+00:00,0.0,en,Google Photos AI search,2026-09-23T18:18:54.949996+00:00,possibly_relevant,"Discusses Google Photos search capabilities, Ask Photos, AI search algorithms, or photo organization, but evidence on vague personal retrieval is partial or high-level.",unknown,person,,keyword_search,,unknown,,,unknown,Conventional web search:  I use Google&#x27;s AI Mode almost exclusively when I use Google.<p>Refactoring tools in my IDE:  In some cases where I could use the refactoring tools,direct
forums_39536280,forums,hacker_news,39536280,https://news.ycombinator.com/item?id=39536280,"Google CEO calls Gemini completely unacceptable, vows to make structural changes",mike_hearn,"<i>&gt; I don&#x27;t think it&#x27;s radical that when prompted with something like &quot;Generate photos of doctors&quot;, that it&#x27;s reasonable to return a set of images that shows diversity</i><p>Historically Google had a very simple solution to globally differing expectations about query results: IP or account geolocation. Query personalization by geography is one of the biggest quality wins in web search. Generalizing, an AI built with the same values and ethos as classical Google web search would respond to &quot;Generate a photo of doctors&quot; differently depending on where in the world you asked it from.<p>That solution also fixes many other cases that aren&#x27;t third rails, like &quot;Show me a good nearby restaurant serving local food&quot; which you can&#x27;t solve by attempting to hallucinate a non-existent restaurant that serves a menu of every conceivable dish weighted by population size.<p>It&#x27;s unclear why this solution wouldn&#x27;t resolve all their stated concerns, so we might infer that their actual goals differ from their stated goals. For example, influencing the people who use their services.",2024-02-28T10:36:33+00:00,0.0,en,Google Photos AI search,2026-09-23T18:18:54.950035+00:00,possibly_relevant,"Discusses Google Photos search capabilities, Ask Photos, AI search algorithms, or photo organization, but evidence on vague personal retrieval is partial or high-level.",food_restaurant,person,,"keyword_search, Ask_Google_Photos, natural_language_search",,unknown,,,unknown,"<i>&gt; I don&#x27;t think it&#x27;s radical that when prompted with something like &quot;Generate photos of doctors&quot;, that it&#x27;s reasonable to return a set of images",direct
forums_25062777,forums,hacker_news,25062777,https://news.ycombinator.com/item?id=25062777,Google Photos will end its free unlimited storage in June 2021,Normille,"There&#x27;s also Yandex Disc [0] which is still offering unlimited photo uploads from mobile devices. Although it wouldn&#x27;t surprise me if they followed Google&#x27;s lead on this and curtailed their offering as well. As they seem to pretty much mirror everything else Google does.<p>Yandex Disc also has an AI which allows you to search for objects within your photos.<p>[0]<a href=""https:&#x2F;&#x2F;yandex.com&#x2F;promo&#x2F;disk&#x2F;unlim"" rel=""nofollow"">https:&#x2F;&#x2F;yandex.com&#x2F;promo&#x2F;disk&#x2F;unlim</a>",2020-11-11T20:46:37+00:00,0.0,en,Google Photos AI search,2026-09-23T18:18:54.950072+00:00,possibly_relevant,"Discusses Google Photos search capabilities, Ask Photos, AI search algorithms, or photo organization, but evidence on vague personal retrieval is partial or high-level.",unknown,approximate_time,,keyword_search,,unknown,,,unknown,As they seem to pretty much mirror everything else Google does.<p>Yandex Disc also has an AI which allows you to search for objects within your photos.<p>[0]<a,indirect
forums_42050205,forums,hacker_news,42050205,https://news.ycombinator.com/item?id=42050205,Show HN: The AI App I Made for My Wife Became Everyone's 'Digital Painkiller',algorr,"Sometimes love inspires innovation, and sometimes the best solutions come from real pain points. Here&#x27;s my story.<p>It All Started with a &quot;Pain&quot; 
My wife is a dedicated teacher who supervises student internships. Every week, she manually typed hundreds of handwritten addresses into Maps. Every. Single. Week.<p>One evening at our kitchen table, surrounded by papers, with tired eyes, she sighed, &quot;There has to be a better way.&quot;<p>Right then, I realized I had a similar &quot;pain&quot; - as a developer, I was constantly lost among code screenshots, manually retyping each one... Two different pains, same root problem.<p>Not Just Our Pain, Everyone&#x27;s Problem 
As we shared our solution, we discovered everyone has similar &quot;digital pains&quot;:<p>For Teachers:<p>The struggle of digitizing handwritten student assignments<p>The hassle of entering hundreds of addresses into maps<p>The challenge of preparing exam questions<p>For Developers:<p>The pain of retyping code from screenshots<p>Gallery chaos<p>Documentation creation headaches<p>For Students:<p>The struggle of digitizing lecture notes<p>The hassle of copying book pages<p>The challenge of creating study questions<p>For Business People:<p>Piles of business cards<p>Meeting notes chaos<p>Document archiving struggles<p>Introducing Our Digital Painkiller: Uscan! 
Born from my wife&#x27;s need, became everyone&#x27;s solution. Our AI-powered app:<p>Take a photo - get instant digital text<p>Recognizes even the messiest handwriting<p>Open addresses directly in Maps<p>Create searchable PDFs<p>Summarize long texts<p>Generate study questions automatically<p>Edit extracted text easily<p>Copy any part or all of the text<p>Basic features work offline<p>Share files instantly<p>Create professional PDFs from regular photos<p>Early Relief Reports! 
Started with My Wife, Growing with You 
Our app is brand new, and we&#x27;re discovering new use cases every day. What&#x27;s your &quot;digital pain&quot;? What problem should we solve for you?<p>What Can You Do With It? 
Convert handwritten notes to digital text<p>Extract addresses directly to Maps<p>Turn screenshots into editable text<p>Save handwritten documents as searchable PDFs<p>Generate summaries of long texts<p>Create study questions from any text<p>Convert photos into professional-looking PDFs<p>Edit any extracted text on the spot<p>Share your digitized documents instantly<p>Copy specific parts or the entire text with one tap<p>Let&#x27;s Create More Solutions Together! 
We&#x27;re continuously developing the app. What pain point can we relieve in your life? Share in the comments!<p>Your Digital Painkiller is Ready:<p>App Store
<a href=""https:&#x2F;&#x2F;apps.apple.com&#x2F;tr&#x2F;app&#x2F;uscan-ai-text-capture-ocr&#x2F;id6698874831"" rel=""nofollow"">https:&#x2F;&#x2F;apps.apple.com&#x2F;tr&#x2F;app&#x2F;uscan-ai-text-capture-ocr&#x2F;id66...</a><p>Google Play
<a href=""https:&#x2F;&#x2F;play.google.com&#x2F;store&#x2F;apps&#x2F;details?id=com.appoint.co.uscan"">https:&#x2F;&#x2F;play.google.com&#x2F;store&#x2F;apps&#x2F;details?id=com.appoint.co...</a><p>Edit: Wow, looks like we weren&#x27;t alone with these pains!<p>TL;DR: The AI app I developed to solve my wife&#x27;s address-typing pain has become everyone&#x27;s digital painkiller! It instantly converts any text to digital, summarizes it, creates questions, and lets you edit and share everything easily. What pain point can we solve for you?",2024-11-05T10:08:02+00:00,1.0,en,Google Photos AI search,2026-09-23T18:18:54.950114+00:00,possibly_relevant,"Discusses Google Photos search capabilities, Ask Photos, AI search algorithms, or photo organization, but evidence on vague personal retrieval is partial or high-level.","person_family, screenshot, school","person, object, text, who_with",,keyword_search,,unknown,OCR/Text in image search failure,,found_successfully,Convert handwritten notes to digital text<p>Extract addresses directly to Maps<p>Turn screenshots into editable text<p>Save handwritten documents as searchable PDFs<p>Generate,direct
forums_46936896,forums,hacker_news,46936896,https://news.ycombinator.com/item?id=46936896,Slop Terrifies Me,jodrellblank,"LLMs aren&#x27;t AGI and maybe aren&#x27;t a path to AGI, but step back and look at the way the world is changing. Hard disks were invented by IBM in 1953 and now less than a hundred years later there&#x27;s an estimated million terabytes a year of hard disks made and sold, and a total sold of Mega, Giga, Tera, Peta, Exa, Zetta ... 1.36 Zettabytes.<p>In 2000, webcams were barely a thing, audio was often recorded to dictaphone tapes, and now you can find a recorded photo or video of roughly anyone and anything on Earth. Maybe a tenth of all humans, almost any place, animal, insect, or natural event, almost any machine, mechanism, invention, painting, and a large sampling of &quot;indoors&quot; both public and private, almost any festival or event or tradition, and a very large sampling of &quot;people doing things&quot; and people teaching things for all kinds of skills. And tons of measurements of locations, temperatures, movements, weather, experiment results, and so on.<p>The ability of computers to process information jumped with punched card readers, with electronic computers in the 1950s, again with transistors in the 1970s, semiconductors in the 1980s, commodity computer clusters (Google) in the 1990s, maybe again with multi-core desktops for everyone in the 2000s, with general purpose GPUs in the 2010s, and with faster commodity networking from 10Mbit to 100Gbit and more, and with SATA, then SAS, then RAID, then SSDs.<p>It&#x27;s now completely normal to check Google Maps to look at road traffic and how busy stores are (picked up in near realtime from the movement of smartphones around the planet), to do face and object recognition and search in photos, to do realtime face editing&#x2F;enhancement while recording on a smartphone, to track increasing amounts of exercise and health data from increasing numbers of people, to call and speak to people across the planet and have your voice transcribed automatically to text, to realtime face-swap or face-enhance on a mobile chip, to download gigabytes of compressed Wikipedia onto a laptop and play with it in a weekend in Python just for fun.<p>&quot;AI&quot; stuff (LLMs, neural networks and other techniques, PyTorch, TensorFlow, cloud GPUs and TPUs), the increase in research money, in companies competing to hire the best researchers, the increase in tutorials and numbers of people around the world wanting to play with it and being able to do that ... do you predict that by 2030, 2035, 2040, 2045, 2050 ... 2100, we&#x27;ll have manufactured more compute power and storage than has ever been made, several times over, and made it more and more accessible to more people, and nothing will change, nothing interesting or new will have been found deliberately or stumbled upon accidentally, nothing new will have been understood about human brains, biology, or cognition, no new insights or products or modelling or AI techniques developed or become normal, no once-in-a-lifetime geniuses having any flashes of insight?",2026-02-08T18:11:00+00:00,0.0,en,Google Photos AI search,2026-09-23T18:18:54.950153+00:00,possibly_relevant,"Discusses Google Photos search capabilities, Ask Photos, AI search algorithms, or photo organization, but evidence on vague personal retrieval is partial or high-level.","pet, event","person, approximate_time, event, weather_season",,keyword_search,,unknown,,,unknown,"1.36 Zettabytes.<p>In 2000, webcams were barely a thing, audio was often recorded to dictaphone tapes, and now you can find a recorded photo or video of roughly anyone and anything on Earth.",direct
forums_46618044,forums,hacker_news,46618044,https://news.ycombinator.com/item?id=46618044,Google Gemini Introduces Personal Intelligence,gopkarthik,"Alphabet Inc.’s Google said its Gemini artificial intelligence assistant can now proactively tap into users’ data across Gmail, Search, Photos and YouTube, an attempt to make its consumer-facing AI product more personalized.<p>Google has made Personal Intelligence an opt-in experience, meaning users must choose to turn it on — and they can choose which apps are connected to Gemini. For example, you could set it up to ignore your search history but factor in your email, photo library and YouTube viewing history.",2026-01-14T16:26:11+00:00,0.0,en,Google Photos AI search,2026-09-23T18:18:54.950193+00:00,possibly_relevant,"Discusses Google Photos search capabilities, Ask Photos, AI search algorithms, or photo organization, but evidence on vague personal retrieval is partial or high-level.",unknown,,,"keyword_search, Ask_Google_Photos, natural_language_search",,unknown,,,unknown,"Alphabet Inc.’s Google said its Gemini artificial intelligence assistant can now proactively tap into users’ data across Gmail, Search, Photos and YouTube, an attempt to make its",indirect
forums_39219080,forums,hacker_news,39219080,https://news.ycombinator.com/item?id=39219080,A new way to discover places with generative AI in Maps,kccqzy,"I don&#x27;t see why this feature needs to be powered by generative AI. As the article itself says you can very well just &quot;search “vintage store SF” in the regular Google Maps search bar.&quot; Google just needs to analyze place descriptions and reviews and look for synonyms of &quot;vintage&quot; among them. The only AI related task might be to look at street view photos and user-uploaded photos to detect whether what&#x27;s depicted in the photo could reasonably be called &quot;vintage&quot;.<p>From a user perspective, it&#x27;s a much better experience to see a list of places rather than generative AI generating some text.<p>I think this is just the Maps team getting on the gen AI hype train.",2024-02-01T18:04:34+00:00,0.0,en,Google Photos AI search,2026-09-23T18:18:54.950250+00:00,possibly_relevant,"Discusses Google Photos search capabilities, Ask Photos, AI search algorithms, or photo organization, but evidence on vague personal retrieval is partial or high-level.",unknown,place,,keyword_search,,unknown,,,unknown,As the article itself says you can very well just &quot;search “vintage store SF” in the regular Google Maps search bar.&quot; Google just needs to analyze place descriptions and,direct
forums_23517187,forums,hacker_news,23517187,https://news.ycombinator.com/item?id=23517187,Winston Churchill’s Image Removed in UK/US Search Results?,thu2111,"I used to work at Google. In the old days, before it was apparently internally hijacked by social activists.<p>These sorts of things can occur by accident. It sounds implausible but it used to happen all the time. Thing to remember is that even after decades of work Google is not really a question answering machine. It&#x27;s still, at its core, matching words and phrases to things it found on the internet.<p>The most famous problem was &quot;Google-bombing&quot; where people realised they could control the top result for obscure phrases by using links, like [is george bush an idiot]. There was one related to Jews as well that I don&#x27;t remember. Some mitigations were added and it went away as a problem.<p>The [white families] vs [black families] thing sounds a lot like the older example of [white inventors] vs [black inventors]:<p><a href=""https:&#x2F;&#x2F;external-preview.redd.it&#x2F;N6gh6oArK2EWeIoaPJkoD-mDcsuJ_ShHwrt7VAGcJvU.png?auto=webp&amp;s=b62ff16d727eb53a40124486a75ccbc541a9633c"" rel=""nofollow"">https:&#x2F;&#x2F;external-preview.redd.it&#x2F;N6gh6oArK2EWeIoaPJkoD-mDcsu...</a><p>As you can see if you search Google Images for [white american inventors] then you get the same results today. This isn&#x27;t caused by racism in the algorithm or at Google but rather the fact that you&#x27;re searching in English and most English speakers on the internet are from America or western Europe i.e. white. Thus it&#x27;s rare to prefix professions with &quot;white&quot; when describing photos because that&#x27;s the assumed default. How many articles are out there discussing &quot;white inventors&quot;, do you think? Or even &quot;white families&quot;? Blacks on the other hand are a minority of the population and especially rare in things like &quot;inventing&quot;, which is a rather archaic job description and thus biases old to begin with. It&#x27;s practically guaranteed that any page matching the phrase &quot;white american inventors&quot; is going to be primarily a discussion of race, not inventing.<p>To see that this is true just search Google Images for [family]. What a shock - all the photos are of white people.<p>Now that said, back when I was working there people would understand these things, and give Google the benefit of the doubt. They were right to do so because in my entire time there I never saw any evidence of specific biases being introduced into web search for political reasons, nor did I see any evidence the executives in charge of web search were biased. For a search engine that trust seemed important, at least at the time. These days Google has changed and now routinely brags about its extreme biases. Firing Damore was a turning point. Now people see things like those search results or Churchill disappearing and assume the worst, instead of assuming the best. Because the true explanations are usually proprietary and arcane, this is leading to a downward spiral of trust.<p>It&#x27;s especially hard to defend Google&#x27;s lack of bias these days, even knowing things like the above explanations, because they keep doing dumb stuff like publishing papers on &quot;debiasing AI&quot;, which when read turn out to be about biasing AI towards left-wing sensibilities. For example making it believe incorrect things about gender distributions amongst the professions. Is Google search still unbiased? Well ... I search using DuckDuckGo these days by default. Just in case.",2020-06-14T12:26:30+00:00,0.0,en,Google Photos AI search,2026-09-23T18:18:54.950444+00:00,possibly_relevant,"Discusses Google Photos search capabilities, Ask Photos, AI search algorithms, or photo organization, but evidence on vague personal retrieval is partial or high-level.",person_family,"person, visual_appearance, conversation",,keyword_search,,unknown,,,unknown,"They were right to do so because in my entire time there I never saw any evidence of specific biases being introduced into web search for political reasons, nor did I see any",direct
forums_40653601,forums,hacker_news,40653601,https://news.ycombinator.com/item?id=40653601,Flameshot – Open-source screenshot software,pixelmonkey,"This is my go-to screenshot tool on Linux.<p>For Linux users who also use Google Photos already, you may not realize this but the Google Photos web app accepts paste from system clipboard via Ctrl+V in the browser. Thus, my workflow if I want to save a screenshot for later is to call up flameshot in rectangular selection mode (I bind it to the PrtScn key), select my screenshot area, Ctrl+C to copy it to clipboard, navigate to GPhotos web app via address bar &#x2F; bookmark bar shortcut, and Ctrl+V to upload there.<p>The nice thing about this is that GPhotos recognizes it as a screenshot (so I can find it on my phone later, too, for example). And, GPhotos also automatically indexes any text within the screenshot, so free text search can often find it, too.<p>If I need the screenshot as a file for some other purpose, I&#x27;ll navigate to it in GPhotos and use Shift+D to download it.<p>I can also use GPhotos to privately share the screenshot with someone via their email address, or get a tokenized link for it.<p>Just sharing this tip because I notice a lot of people hunt around for cloud storage for desktop screenshots. But Google Photos works pretty well for this purpose already, if you use the paste-to-upload trick!",2024-06-12T01:36:57+00:00,0.0,en,Google Photos find screenshot,2026-09-23T18:18:57.911469+00:00,possibly_relevant,"Discusses Google Photos search capabilities, Ask Photos, AI search algorithms, or photo organization, but evidence on vague personal retrieval is partial or high-level.",screenshot,person,,keyword_search,,unknown,OCR/Text in image search failure,,unknown,"And, GPhotos also automatically indexes any text within the screenshot, so free text search can often find it, too.<p>If I need the screenshot as a file for some other purpose,",direct
forums_37687122,forums,hacker_news,37687122,https://news.ycombinator.com/item?id=37687122,"Ask HN: How do you manage photos, philosophically?",apricot13,"I&#x27;ve finally decided on a system that works for backups and devices that don&#x27;t have image recognition as well as Google photos and iCloud!<p>I have two types of folder:<p>Folders for specific events or activities<p>And folders for common themes for the year.<p>The themed folders can change throughout the years which is interesting to see but I tend to have the same core few.<p>I found if I grouped too many things into YYYY-MM(-DD) format I couldn&#x27;t find the photo of a night out from ten years ago because I didn&#x27;t remember the month (or year!) But I did know that it was with uni friends or work friends which narrowed down the folders greatly! Ofc iCloud and Google photos make that much easier now but I prefer to have my primary backups managed by me!<p>YYYY-MM Christmas 
YYYY-MM Holiday to abc
YYYY-MM-DD day out at the zoo
YYYY-MM House
YYYY-MM Food
YYYY-MM Gaming
YYYY-MM Travel - days out
YYYY-MM [Name of town i live in]
YYYY-MM PC and tech
YYYY-MM Inlaws
YYYY-MM Family
YYYY-MM Guinea pigs<p>Etc<p>One of the interesting things I found was that I was taking photos of random things around the house, some flowers, or the light at a particular time of day was interesting. Previously I&#x27;d have tried to organise those by month or more granularly but I now have a &#x27;house&#x27; (or flat) folder for each year which I really enjoy looking back through to see how the house has changed. It&#x27;s also useful for before&#x2F;after photos I forgot to take! I have one of these folders for other houses or locations I visit often or take photos of random objects in like my parents or in law&#x27;s house! I also have one for my local area.<p>I also have a series of Outbox folders for memes, references etc. In more recent times I&#x27;ve started removing screenshots and images I&#x27;ve saved from places from my phone and albums since they&#x27;re not useful in a photo album!",2023-09-28T09:07:02+00:00,0.0,en,Google Photos find screenshot,2026-09-23T18:18:57.911600+00:00,highly_relevant,"Direct user account detailing attempts to search for, locate, or retrieve specific photos using contextual/semantic clues, or reporting retrieval failure in Google Photos.","travel, person_family, food_restaurant, screenshot","person, approximate_time",exact_date,album_browsing,,understanding_to_retrieval,Search fails to locate photo matching user's remembered context,,failed_gave_up,In more recent times I&#x27;ve started removing screenshots and images I&#x27;ve saved from places from my phone and albums since they&#x27;re not useful in a photo album!,direct
forums_34337395,forums,hacker_news,34337395,https://news.ycombinator.com/item?id=34337395,Building an Internet Scale Meme Search Engine,jychang,"You can do this back in 2021!<p><a href=""https:&#x2F;&#x2F;www.macrumors.com&#x2F;how-to&#x2F;copy-paste-text-from-photos-ios&#x2F;"" rel=""nofollow"">https:&#x2F;&#x2F;www.macrumors.com&#x2F;how-to&#x2F;copy-paste-text-from-photos...</a><p>I really want to emphasize how insane this situation is, because I think most tech people won’t realize what’s happening unless it’s pointed out.<p>If you’re a typical tech person, you probably look at this, go “oh, iOS Photos now OCRs every photo. Cool, that’s 2000 or 2010 era fancy tech, boring these days. And then a search engine on those strings, yeah cool, nothing too mind blowing”. The sheer boring-ness of this by tech people standards meant that this iOS UI change went under the radar.<p>That’s not true for non tech people.<p>The people who discovered this, put this to use immediately. You can search up anything from an image now. Old memes? Sure.  Forgot the name of a restaurant you went to, but remember that you took a picture of the menu and the beef dish was amazing? Search up the word “beef” and it’s probably in there. Took a screenshot of an article, remember 1 or 2 words from it, but can’t find it on Google? Search for those 1-2 words you remember to find the screenshot, then use the phrases in the screenshot to find the article on google. Trying to find a picture of a cat you saved? Type in ”cat” and search for it. Yes, the photos app can do that too.<p>Screenshots are cheap and instant. Kids never delete them. It’s like how Gmail “archive” feature in 2005 revolutionized email because you never had to delete an email. Well, iCloud Photos “optimize storage” means that you can effectively store infinite screenshots.<p>There’s another UX revolution happening in terms of saving information. It’s just that photos became easily instantly searchable, and nobody seemed to have really noticed the implications this has on storing memories, and boosting recollection. This can possibly be the equivalent of “you’ll always have a calculator in your pocket” but equivalent analogy to memory techniques like spaced repetition.",2023-01-11T11:38:52+00:00,0.0,en,Google Photos find screenshot,2026-09-23T18:18:57.911819+00:00,highly_relevant,"Direct user account detailing attempts to search for, locate, or retrieve specific photos using contextual/semantic clues, or reporting retrieval failure in Google Photos.","person_family, pet, food_restaurant, screenshot","person, approximate_time, object","exact_date, filename",keyword_search,,understanding_to_retrieval,Search fails to locate photo matching user's remembered context,,found_successfully,"And then a search engine on those strings, yeah cool, nothing too mind blowing”.",direct
social_media_12107501,social_media,lemmy_social,12107501,https://lemmy.world/post/12107501,"Photofield v0.15.0 released: Google Photos alternative, now zoomier than ever! Plus related image search, map view, arm64, tags (alpha), and more!",mlunar,"Photofield v0.15.0 released: Google Photos alternative, now zoomier than ever! Plus related image search, map view, arm64, tags (alpha), and more!
Hi all!

I'd like to share some slow, but steady progress I've made on my self-hosted personal photo gallery - a Google Photos alternative. It's been a while since I last posted any updates - the last time was [about v0.9.2 on /r/selfhosted](https://www.reddit.com/r/selfhosted/comments/12irele/photofield_v092_released_google_photos/), so it's actually my first post here.

### What's new?

Lots of things! Here's a quick summary:

* **New website!** [photofield.dev](https://photofield.dev/) - bonus, it's embedded in every install, in fact, even the website is just hosted from the app itself. 😎
* **UX polish** - lots of small improvements, like [better interaction &amp; fixed video controls](https://github.com/SmilyOrg/photofield/releases/tag/v0.15.0) and [better error messages &amp; autoreloading config](https://github.com/SmilyOrg/photofield/releases/tag/v0.14.0).
* **Zoomier than ever** - since [v0.15.0](https://github.com/SmilyOrg/photofield/releases/tag/v0.15.0) when you zoom into a photo, it zooms the whole scene! This wasn't the case for a few versions due to a technical detour, but I found a way to get it back without too many compromises.
* **Related image search** - you can [Find Similar Images](https://github.com/SmilyOrg/photofield/releases/tag/v0.10.1) now, using the same AI functionality as the semantic image search.
* **Map view** - you can [see your photos on a map](https://github.com/SmilyOrg/photofield/releases/tag/v0.12.0). Still has some quirks, so make sure to zoom in first. [To be improved](https://github.com/SmilyOrg/photofield/issues/91).
* **Reverse geolocation** - you can see the [location of a photo in the timeline view](https://github.com/SmilyOrg/photofield/releases/tag/v0.11.0). Completely local, using [tinygpkg](https://github.com/SmilyOrg/tinygpkg).
* **Tags (alpha)** - you can [tag your photos](https://github.com/SmilyOrg/photofield/releases/tag/v0.10.0) now. Quite basic for now, but should be a good foundation for [things to come](https://github.com/SmilyOrg/photofield/issues/80).
* **ARM Docker images** - since [v0.14.1](https://github.com/SmilyOrg/photofield/releases/tag/v0.14.1) the published Docker images are multiarch - x64 and arm64, including [photofield-ai](https://github.com/SmilyOrg/photofield-ai/pkgs/container/photofield-ai). Makes it possible to run on cheaper, ARM-based servers, and faster on M1/M2/M3 Macs.

### Show me the demo

https://demo.photofield.dev/

Now hosted on Hetzner's arm64-based CAX11 - 2 vCPUs &amp; 4 GB of RAM - the cheapest one.

The photos are © by their authors. Since migrating to the CAX11, it only uses one size of internally pregenerated sqlite-based thumbnails, taking up roughly 4% of the disk space of originals. Support for Synology Moments thumbnails is still there, but doesn't seem as crucial as before.

### How do I try it out?

It's very low commitment, a single executable or Docker image that you can mount with read-only access to an existing file structure, see [Quick Start](https://photofield.dev/quick-start) (also [on GitHub](https://github.com/SmilyOrg/photofield/pkgs/container/photofield#getting-started) if the website is dead).

### Another one??? Why?

It's a conspiracy to increase fragmentation and increase shareholder value of big tech companies. 😄 Jokes aside, I think there is some space for a fast, self-contained, extremely easy to deploy solution. But mainly, it's to scratch my developer itch and I get to learn new things.

### Thanks

Thanks to everyone who's been using it, contributing, and giving feedback! See also [foss_photo_libraries](https://meichthys.github.io/foss_photo_libraries/) for alternatives if this doesn't fit your needs.

Let me know what you think and what you'd like to see next! 🙏",2024-02-18T13:18:50.197871+00:00,242.0,en,Google Photos search,2026-09-23T18:19:00.831665+00:00,possibly_relevant,"Discusses Google Photos search capabilities, Ask Photos, AI search algorithms, or photo organization, but evidence on vague personal retrieval is partial or high-level.",unknown,place,,"keyword_search, location_search, timeline_scrolling, manual_browsing",,unknown,,,unknown,* **Reverse geolocation** - you can see the [location of a photo in the timeline view](https://github.com/SmilyOrg/photofield/releases/tag/v0.11.0).,direct
social_media_33201857,social_media,lemmy_social,33201857,https://lemmy.world/post/33201857,Started Degoogling last Sunday,pahulf,"Started Degoogling last Sunday
I feel like #degoogle seems to embody a greater movement to leave bigtech. Here are the crazy things I've done over the last month or so. 

- Installed Arch on my laptop about a month ago
- re-engaged my Mastodon and Bluesky while deleting Twitter and unfriending everyone on Facebook
- Installed GrapheneOS on my Pixel 
- Moved email to custom domain and Tuta from Gmail
- Moved to NextCloud in place of Google Drive
- Moved photos from Google Photos to Ente Photos
- Moved my PKM and Notes to Logseq 
- Moved from Chome and Google Search to Firefox, Tor and DuckDuckGo
- Just deleted Reddit and started a Lemmy account. 

It's been a ride and I'm open to other suggestions and guides.",2025-07-20T00:41:45.537975+00:00,168.0,en,Google Photos search,2026-09-23T18:19:00.831721+00:00,possibly_relevant,"Discusses Google Photos search capabilities, Ask Photos, AI search algorithms, or photo organization, but evidence on vague personal retrieval is partial or high-level.",unknown,approximate_time,,keyword_search,,unknown,,Switching to third-party gallery or local file manager,unknown,"- Installed Arch on my laptop about a month ago
- re-engaged my Mastodon and Bluesky while deleting Twitter and unfriending everyone on Facebook
- Installed GrapheneOS on my Pixel",direct
social_media_30718860,social_media,lemmy_social,30718860,https://lemmings.world/post/27552146,Google quietly paused the rollout of its AI-powered ‘Ask Photos’ search feature,rumimevlevi,"Google quietly paused the rollout of its AI-powered ‘Ask Photos’ search feature
cross-posted from: https://rss.ponder.cat/post/197387

> ![](https://platform.theverge.com/wp-content/uploads/sites/2/2025/05/STKB353_GOOGLE_PHOTOS_C.jpg?quality=90&strip=all&crop=0%2C0%2C100%2C100)
> 
> Google is pausing the rollout of its AI-powered “Ask Photos” feature within Google Photos, which has been slowly expanding [since last fall](https://www.theverge.com/2024/9/5/24236817/google-ask-photos-ai-assistant-test). “Ask Photos isn’t where it needs to be,” wrote Jamie Aspinall, a product manager for Google Photos, in a [post](https://x.com/jamieasp/status/1929895255844745284) on X responding to criticism, citing three factors: latency, quality, and user experience.
> 
> The experimental feature is powered by Google’s [“most capable”](https://blog.google/products/photos/ask-photos-google-io-2024/) Gemini AI models. Specifically, it’s a specialized version of its Gemini models that are “only used for Ask Photos,” according to Google.
> 
> [View Link](https://twitter.com/jamieasp/status/1929895255844745284)
> 
> Aspinall said Google had paused the feature’s rollout “at very small numbers while we address these issues,” and that in about two weeks, the team would ship a better version “that brings back the speed and recall of the original search.
> 
> At the same time, Google [also announced Tuesday](https://support.google.com/photos/thread/348529069?hl=en) that keyword search in Photos is getting better, allowing you to use quotes to find exact text matches within “filenames, camera models, captions, or text within photos,” or search without quotes to include visual matches too.
> 
> Google announced the feature [last May at I/O 2024](https://www.theverge.com/2024/5/14/24156552/google-photos-ask-gemini-feature-io), and positioned it as a way to query your Photos app for common-sense questions that another human would typically have to help with — i.e., asking about which themes you’ve chosen in the past for a child’s birthday party, or which national parks you’ve visited.
> 
> “Gemini’s multimodal capabilities can help understand exactly what’s happening in each photo and can even read text in the image if required,” the company wrote in the announcement. “Ask Photos then crafts a helpful response and picks which photos and videos to return.”
> 
> It’s not the first time Google has paused the rollout of an AI-powered feature, as it competes in a quickly intensifying AI arms race against other tech giants and startups alike.
> 
> Last May, within weeks of debuting “AI Overview” in Google Search, Google paused the feature after nonsensical and inaccurate answers went viral on social media, with no way to opt out of usage. Two high-profile examples: The feature called Barack Obama the first Muslim president of the United States, and recommended users [put glue on pizza](https://www.theverge.com/2024/5/23/24162896/google-ai-overview-hallucinations-glue-in-pizza) to keep the cheese on.
> 
> And last February, Google rolled out Gemini’s image-generation tool with a good deal of fanfare, then [paused the feature that same month](https://www.theverge.com/2024/2/21/24079371/google-ai-gemini-generative-inaccurate-historical) after users reported historical inaccuracies, such as an AI-generated image depicting the U.S. Founding Fathers as people of color.
> 
> ---
> 
> *From [The Verge](https://www.theverge.com/) via [this RSS feed](https://www.theverge.com/rss/index.xml)*",2025-06-03T18:16:44.450716+00:00,90.0,en,Google Photos search,2026-09-23T18:19:00.831772+00:00,possibly_relevant,"Discusses Google Photos search capabilities, Ask Photos, AI search algorithms, or photo organization, but evidence on vague personal retrieval is partial or high-level.","person_family, pet, event","person, approximate_time, event, visual_appearance, text, weather_season",,"keyword_search, Ask_Google_Photos, natural_language_search",,unknown,,,unknown,"Google quietly paused the rollout of its AI-powered ‘Ask Photos’ search feature
cross-posted from: https://rss.ponder.cat/post/197387",direct
social_media_19341109,social_media,lemmy_social,19341109,https://lemm.ee/post/41275660,"I legitimately want to run Linux as my desktop OS, please tell me how to meet my requirements.",realitista,"I legitimately want to run Linux as my desktop OS, please tell me how to meet my requirements.
Okay, all you who post on every post ""you should just switch to Linux"". Here's your chance. I'm someone who really does want to run Linux on the desktop. I run Linux servers at home, was a Unix sysadmin for years running Linux on the desktop in the '90s. But now I'm in sales and run Windows at work (actually very happily with some help from StartAllBack and Rufus). 

I want to replace my Macs at home. Since they removed upgradable RAM and disk, I am no longer willing to pay the high tax for the few little things they do better. But there is some functionality I just cannot seem to find replacements for. This is where you folks who say ""I should just switch to Linux"" come in. Tell me how please:

Requirement 1)
I have heavily invested in my local music library on iTunes. 1200 albums. I have little to no interest in streaming services. I want to organize my music with * ratings from 1-5 and from that have smart playlists that autopopulate and sort themselves by * ratings and genre. I have more than 40 of these types of playlists and it's completely unworkable to populate them manually.

Requirement 2) 
I must be able to sync my music library in full to my phone. I use an iOS phone now, but I could even be convinced to switch to Android if there was a good solution. I am not willing to go in and select 100 different playlists manually to sync. It must completely replicate what's on my desktop on my phone, 100% locally, including all the afformentioned smart playlists. I travel a lot for work and want my music always available even when there's no network.

Requirement 3)
My job really doesn't require much more than Office and a browser, but it requires very heavy use of those things. Firefox is fine for the browser, so no trouble there, but I need full fledged Outlook, OneNote and most of the features of Excel at a minimum. Word I can take a bit of a hit on as long as I can save something that others can open. Ideally I would want to run the Windows version of these tools. I will not be able to live with only the browser versions, that I'm 100% sure of. 

Requirement 4)
I'd really like some sort of decent photo management tool. I can probably manage just by keeping them organized in folders and having google photos suck that in, but I don't much trust Google, so would like to have a second tool that can also do a good job at replacing MacOS' Photos app. AI image recognition and search a-la Google Photos would be the cherry on top.

Requirement 5) 
I need to be able to scan in batches from my Fujitsu ScanSnap scanner into Evernote.  I use this on mobile, other OS', etc. and have a lot of organization built into it now that I really don't want to try to migrate from.

That's it. 5 high level requirements that must be met. Is it possible?",2024-09-02T20:00:46.814034+00:00,64.0,en,Google Photos search,2026-09-23T18:19:00.831873+00:00,possibly_relevant,"Discusses Google Photos search capabilities, Ask Photos, AI search algorithms, or photo organization, but evidence on vague personal retrieval is partial or high-level.","travel, work","approximate_time, activity",,"keyword_search, album_browsing",,unknown,,,unknown,But there is some functionality I just cannot seem to find replacements for.,direct
social_media_13796939,social_media,lemmy_social,13796939,https://links.hackliberty.org/post/1248461,"Israel Deploys Facial Recognition Program, Utilizes Google Photos, in Gaza",c0mmando,"Israel Deploys Facial Recognition Program, Utilizes Google Photos, in Gaza
The sweeping implementation of a facial recognition initiative is stirring controversy in the Gaza Strip, with the government of Israel reported to have utilized this technology to create a surreptitious database of Palestinian individuals. As disclosed by [The Times](https://www.nytimes.com/2024/03/27/technology/israel-facial-recognition-gaza.html), this utilization of biometric technology occurred without the informed consent or awareness of the Palestinian populace.

Following the incidents of October 7, Israeli intelligence put this program into motion with two key technological allies: an in-house tool fashioned by Corsight, a firm from Tel Aviv, and Google Photos. The operational goal was the identification of persons linked with Hamas.

The Israeli Defense Forces’ Unit 8200 stepped up surveillance post the October 7 attacks, scrutinizing Hamas’s social media videos, and security footage to identify potential targets. The Israeli military operatives also solicited help from detained Palestinians to identify Hamas affiliates from amongst their community members.

Bragging about its ability to identify individuals even with less than half of the face visible, Corsight became instrumental in Israel’s facial recognition endeavors. It used these photographs to develop a sophisticated tool of identification for Israeli enforcement officers in Gaza. The military further expanded this database by setting facial recognition-enabled checkpoints on primary roads used by Palestinians to flee south. An officer divulged to the Times that the aim was to create a “hit list” of active participants in the October 7th attack.

However, there have reportedly been instances when Corsight’s technology ended up misidentifying innocents as potential Hamas cohorts. Of note is the misidentification of Mosab Abu Toha, a Palestinian poet, who was apprehended at an Israeli checkpoint while attempting to travel to Egypt with his family. Abu Toha, according to the military’s system, was a wanted persona. Following a two-day duration of interrogation and abuse, he was summarily released back into Gaza sans an exoneration or explanation.

To bolster Corsight’s endeavors, the military has leveraged Google Photos – a freely available tool. Armed with a voluminous “known persons” database, intelligence officers are making use of Google’s photo search function to identify individuals, even when only a fraction of their facial features are discernible or visible.

Corsight and its investors have been overt in their desire to aid the Israeli military in the continuing strife in the Gaza Strip. Awz Ventures, the Canadian fund that spearheaded Corsight’s finance round of $5 million in 2020, echoed this intention openly. The Israeli military and Alexandria Ashkenazi, the fund’s founder and managing partner, envisaged a halt to what he termed “evil terrorists.”",2024-04-01T16:43:48.905014+00:00,10.0,en,Google Photos search,2026-09-23T18:19:00.831922+00:00,possibly_relevant,"Discusses Google Photos search capabilities, Ask Photos, AI search algorithms, or photo organization, but evidence on vague personal retrieval is partial or high-level.","travel, person_family","person, approximate_time, surrounding_circumstances",,"keyword_search, person_search",,unknown,Face recognition clustering errors or misidentification,,unknown,"Israel Deploys Facial Recognition Program, Utilizes Google Photos, in Gaza
The sweeping implementation of a facial recognition initiative is stirring controversy in the Gaza",indirect
social_media_20224423,social_media,lemmy_social,20224423,https://lemmy.world/post/20224423,Some thoughts re the Nothing vid of @juxtopposed,drawerair,"Some thoughts re the Nothing vid of @juxtopposed
cross-posted from:  https://lemmy.world/post/20178785

> Wanna share some of my thoughts re [this](https://y2u.be/xKLKl3H9rro). I don't wanna write a very long essay, so here are just 5 items –
> 
> 1) I agree that 1 swipe down should let us alter the brightness.
> 
> 
> 2) I'm OK with no sun icon in the brightness slider. I'll know that it's brightness even without any icon. But some may have a hard time, so adding an icon will be more user-friendly for them.
> 
> 3) Obviously Nothing didn't wanna overuse their dot matrix design. I side with Nothing on this 1. Putting it all over the os will be 👎 for me. But beauty is subjective. Some may want the dot matrix design all over the os.
> 
> Carl Pei probably thought re the folks switching from a different Android phone or an iPhone to a Nothing phone. He probably wants the process to be as smooth as possible so the user will be satisfied. So he didn't use the dot matrix design on the icons. He said something related to this. Changing many things fast versus changing some things gradually. He said Nothing couldn't be overeager to alter stuff.
> 
> 4) Re the phone and messages apps, I wonder whether Nothing wanted the users to use the Google apps for these or Nothing is making their own now and will release those in the future.
> 
> 5) I agree that Google photos is not for everyone.
> 
> Some don't wanna have a Google account.
> 
> Google photos is cloud-storage-focused, not local-storage-focused. Some want a local-storage-focused gallery app.
> 
> Its search doesn't work offline. Some need a gallery app that works offline.",2024-09-26T22:52:53.515472+00:00,7.0,en,Google Photos search,2026-09-23T18:19:00.831969+00:00,possibly_relevant,"Discusses Google Photos search capabilities, Ask Photos, AI search algorithms, or photo organization, but evidence on vague personal retrieval is partial or high-level.",unknown,,,"keyword_search, timeline_scrolling, manual_browsing, external_search",,unknown,,,unknown,"> 
> Its search doesn't work offline.",direct
social_media_20178785,social_media,lemmy_social,20178785,https://lemmy.world/post/20178785,Some thoughts re the Nothing vid of @juxtopposed,drawerair,"Some thoughts re the Nothing vid of @juxtopposed
Wanna share some of my thoughts re [this](https://y2u.be/xKLKl3H9rro). I don't wanna write a very long essay, so here are just 5 items –

1) I agree that 1 swipe down should let us alter the brightness.


2) I'm OK with no sun icon in the brightness slider. I'll know that it's brightness even without any icon. But some may have a hard time, so adding an icon will be more user-friendly for them.

3) Obviously Nothing didn't wanna overuse their dot matrix design. I side with Nothing on this 1. Putting it all over the os will be 👎 for me. But beauty is subjective. Some may want the dot matrix design all over the os.

Carl Pei probably thought re the folks switching from a different Android phone or an iPhone to a Nothing phone. He probably wants the process to be as smooth as possible so the user will be satisfied. So he didn't use the dot matrix design on the icons. He said something related to this. Changing many things fast versus changing some things gradually. He said Nothing couldn't be overeager to alter stuff.

4) Re the phone and messages apps, I wonder whether Nothing wanted the users to use the Google apps for these or Nothing is making their own now and will release those in the future.

5) I agree that Google photos is not for everyone.

Some don't wanna have a Google account.

Google photos is cloud-storage-focused, not local-storage-focused. Some want a local-storage-focused gallery app.

Its search doesn't work offline. Some need a gallery app that works offline.",2024-09-25T17:59:21.539718+00:00,6.0,en,Google Photos search,2026-09-23T18:19:00.832017+00:00,possibly_relevant,"Discusses Google Photos search capabilities, Ask Photos, AI search algorithms, or photo organization, but evidence on vague personal retrieval is partial or high-level.",unknown,,,"keyword_search, timeline_scrolling, manual_browsing, external_search",,unknown,,,unknown,Its search doesn't work offline.,direct
social_media_31097690,social_media,lemmy_social,31097690,https://rss.ponder.cat/post/202496,Never Forget What They've Done,free,"Never Forget What They've Done
Soundtrack: [Queens of the Stone Age - Villains of Circumstance](https://www.youtube.com/watch?v=EwsSpfDaLVo&ref=wheresyoured.at)

Listen to my podcast [Better Offline](http://linktr.ee/betteroffline?ref=wheresyoured.at) if you haven't already.

I want my fucking tech industry back.

Maybe you think I sound insane, but technology means a lot to me. It’s the way that I speak to most of my friends. It’s my lifeline when I’m hurting or when those close to me hurt, and it’s the way I am able to make a living and be a creative — something I only was able to become because of technology. Social networks have been a huge part of me being able to become a functional human being, and you can judge me for that all you want, but you are a coward and a hypocrite for doing so, and you’re going to read to the end of this blog anyway.

Really, seriously, honestly — the Ed Zitron you know was and is only possible because of my deep connection to technology. This was how I made friends. This was how I got the confidence to meet real people. This was how I started my company. This was how I met the people closest to me, people I love with all my heart. I was only able to do any of this because I was able to get on the computer.

I am bombastic and frankly a little much today, and was the literal opposite less than 5 years ago, and I was even more reserved 10 years before that. Technology allowed me to find a way to be human on my terms, in ways that I don’t think are possible anymore because most of the interconnecting fabric that I used has been interfered with by bad actors and the rest with slop and SEO.

I think there are far more people out there like me than will admit to it. I think more people miss the past, or at least realize now what they lost.

There was a time this didn’t suck, when it wasn’t a struggle to do basic things, when my world was not a constant war with my god damn apps, when things weren’t necessarily turn-key but my phone wasn’t randomly burning through half of its battery life in an hour and a half because one app on the App Store is poorly configured. I swear to god, back in like, 2019, Zoom just fucking connected. I remember things being better, and on top of that, I see how much better things could be.

But that’s not the tech industry we’re allowed to have, because the people that run the tech industry do not give a shit.

It’s not enough to have your data, [your work](https://www.techzine.eu/news/privacy-compliance/126600/microsoft-denies-its-collecting-user-data-in-word-and-excel/?ref=wheresyoured.at), [your art](https://www.bloodinthemachine.com/p/openai-and-googles-dark-new-campaign?ref=wheresyoured.at), [your posts](https://qz.com/reddit-anthropic-claude-ai-lawsuit-data-siphoning-1851783685?ref=wheresyoured.at), [your friends](https://www.wsj.com/tech/ai/mark-zuckerberg-ai-digital-future-0bb04de7?gaa_at=eafs&gaa_n=ASWzDAiCfNLP8ORza9vvohNV3KkSmP5lzX-LXBUOD85__llF09m2vOp85kqJUp6f7JI%3D&gaa_ts=6841d0c8&gaa_sig=is8NTEtQZtJRwAvFbtsbaCsEUwy30W62Igz1RzR3iVX1n-69lq0Qst9ELe0hOgK2EmHnqtlx3gtam2ZXt2Up4g%3D%3D&ref=wheresyoured.at), [the things you’ve taken photos](https://www.fastcompany.com/91132854/instagram-training-ai-on-your-data-its-nearly-impossible-to-opt-out?ref=wheresyoured.at) of, and [the things you’ve searched for](https://www.theinformation.com/briefings/google-used-search-data-train-ai-models?rc=kz8jh3&ref=wheresyoured.at). [The industry must have that of your children](https://www.nytimes.com/2025/05/02/technology/google-gemini-ai-chatbot-kids.html?ref=wheresyoured.at), and *their children*, as early as possible, [even if it means helping them cheat on their homework](http://www.tomsguide.com/ai/google-gemini-could-soon-help-your-kids-with-their-homework-heres-what-we-know?ref=wheresyoured.at) so that they too can live a life where they’ve skipped having any responsibility or learning anything about the world other than how one can extract as much as possible without having to give anything in return.

Big tech is sociopathic and directionless, swinging wildly to try and find new ways to drag any kind of interaction out of a customer they’ve grown to loathe for their unwillingness to be more profitable. Decades of powerful Big Tech [Business Idiots](https://www.wheresyoured.at/the-era-of-the-business-idiot/) have chased out true value-creation in Silicon Valley in favour of growth economics, sending edict after edict down to the markets and the media about what’s going to be “hot” next, inventing business trends rather than actual solutions to problems. After all, that might involve — eugh! — experiencing the real world rather than authoring a new version of it every few years.

Apple barely escapes the void because its principle value proposition has, on some level, always been “our stuff works.” The problem is that Apple needs to grow, and thus its devices are slowly but surely becoming mired in sludge. The [App Store is an abomination, your iPhone settings look like a fucking Escher painting, and in its desperation to follow the pack it shoved Apple Intelligence out the door](https://www.wheresyoured.at/never-forgive-them/#%3A%7E%3Atext=Tim+Cook+is%2Cmuch+easier+time.) — [one of the most invasive and annoying pieces of software to ever grace a computer](https://www.bloomberg.com/news/features/2025-05-18/how-apple-intelligence-and-siri-ai-went-so-wrong?ref=wheresyoured.at).

Apple’s willingness to do this shows that it’s rotten just like the rest of them — it's just better at hiding it. After all, look at the way in which it [flaunted court orders](https://www.reuters.com/sustainability/boards-policy-regulation/us-judge-rules-apple-violated-order-reform-app-store-2025-04-30/?ref=wheresyoured.at) telling it to open up third-party payments as a means of squeezing every penny out of the App Store. Loathsome. [And it still ended up losing](https://www.cnbc.com/2025/06/04/apple-appeal-epic-games-app-store.html?ref=wheresyoured.at).

I adore tech. Tech made me who I am today. I use and love technology for hours a day, yet that experience is constantly mangled by the warring intentions of almost every product I use. I’m forced to log into the newspaper website and back into Google Calendar multiple times a week, my phone randomly resets — as every single iPhone has for multiple years — at least twice a week, my Apple Watch stops being willing to read my heart rate, websites I want to read sometimes simply do not load, and sometimes when I load websites on an iPad they just won’t scroll.

Everything feels like a fucking chore, but I love the actual things that technology does for me, like letting me take notes with ease, like building and maintaining my fitness through a series of connected products like [Tonal](http://www.tonal.com/?ref=wheresyoured.at) and [Fight Camp](https://joinfightcamp.com/?ref=wheresyoured.at), like using Signal to talk to friends hundreds or thousands of miles away, like posting dumb stuff on Bluesky and interacting with my followers, like recording a podcast wherever I am in the world because USB-C mics are cheap and easy to use and sound great.

There are so many great things about technology, things I fucking love, and Large Language Models do not resemble their form or intention. There is nothing about an LLM that feels like it’s built to provide a real service, other than some sort-of fraudulent copy of something else lacking its soul or utility. Those that actually use them in their daily work talk about them as exciting tools that help them improve workflows - *not* like they're the next big thing.

The original iPhone, even in its initial form, promised a world where two or three devices became one, where your music and a camera were always on you, and where you could do your banking and grocery shopping while sitting in the back of a taxi. It promised access to the world’s knowledge from a slab of glass in your pocket.  If i’m honest, the smartphone has absolutely delivered on those promises — and more.

Where do we extrapolate from LLMs? What am I meant to be seeing in ChatGPT?

The “iPhone moment” wasn’t a result of one thing, but a collection of different bits that formed an obvious whole — one device that did a bunch of things really, really well.

LLMs have no such moment, nor do they have any one thing they do well, let alone really well. LLMs are famous not for their efficacy, but their inconsistency, with even ardent AI cultists warning people not to trust their output. What am I meant to see from here? They’re not autonomous, and have shown no proof that they can be, and in fact kind of feel antithetical to autonomy itself, which requires consistency, reliability and replicability, more things that LLMs cannot do.

And that, ultimately, was what made the smartphone amazing too. Within a few years, phones were competent web browsers. The mobile web took a minute to catch up, sure, but you could see it taking form immediately, as you could with the App Store. They immediately made sense as a way to listen to music, because they were effectively an iPod, a beloved MP3 player, and the iPhone’s camera was good enough for most people at the time, and quickly became better than most of the point-and-shoots that people used to take on vacations and to parties. Now, most people are pretty happy with their phone cameras regardless of who makes them.

All of this made total sense from the very beginning the moment you picked one up. *What if the camera was better*? It happened. *What if the screen was bigger*? It happened. There were immediate signs the iPhone  would improve.  It wasn’t fantastical to believe that in 10-to-20 years you’d have a bigger, faster and thinner iPhone with a camera that produced shots alarmingly close to what you’d capture with a DSLR.

It makes sense that Google freaked out the second it picked one up. It was fucking wild what it could do, even in its first form. Each iteration and improvement — as with other smartphones — offers a new twist on a formula you already know works, and sometimes “better” means something different. For example, I don’t use Android, but I think the foldable Motorola phones are cool as shit. [Palm’s WebOS was a stroke of UI genius](https://www.techradar.com/news/how-palm-pre-and-webos-inspired-the-modern-smartphone?ref=wheresyoured.at), and it’s criminal to see [how HP mishandled the company after its acquisition](https://daringfireball.net/2011/08/hp_apotheker?ref=wheresyoured.at), ultimately killing one of the earliest and most iconic mobile brands.

> **Sidenote**: In anticipation of a “*well, akchually*” from the peanut gallery, different can also mean bad. 3D phones were portable migraine-causers. The BlackBerry Storm’s weird SurePress technology — where the touchscreen screen kind-of ‘clicked’ through haptic feedback whenever you pressed something — was an abomination that put RIM on a terminal trajectory. And Samsung’s decision to include a built-in firelighter in the Samsung Galaxy Note 7 will remain one of the most expensive errors in mobile hardware history. It really blew up, but not in the way they wanted it to.

What does the “better” version of ChatGPT look like, exactly? What’s *cool about ChatGPT?* Where’s that “oooh” moment? Are you going to tell me you’re that impressed by the pictures and the words? Is it in the resemblance of its outputs to human beings? Because the actual answer is “a ChatGPT that actually works.” One that you can just ask to do some shit and know it’ll do it, and it’d also be very obvious what it could actually do, which is not the case right now. A better ChatGPT would quite literally be a different product.

What’s particularly horrifying about the AI bubble is that it’s shown that when they decide to, [big tech can put hundreds of billions behind whatever the fuck they want](https://www.wsj.com/tech/ai/tech-giants-double-down-on-their-massive-ai-spending-b3040b33?gaa_at=eafs&gaa_n=ASWzDAi25kNjRUngfWhT--ySdjLC6E5vawxKLV6xnrhg6Tywzwktjr7ED0eUxvNfMUU%3D&gaa_ts=6841d35e&gaa_sig=cyh8qfE9-SxIUrLEzRJhIJQ-fxON3LaMb71Gr9baWmsmR02vYwzioXACP0QIGWioUe023cbc7HCfKTWouJs91g%3D%3D&ref=wheresyoured.at). They are able to mobilize incredible amounts of capital and the industrial might of multiple companies with multi-trillion dollar market capitalisations to build entire infrastructure dedicated to *one thing*, and the *one thing they are choosing* is generative AI.

They’re all fully capable of uniting around an ideal — it’s just that said ideal exists entirely to automate human beings out of the picture, and even more offensively, it doesn’t seem to be able to do so, and the more obvious that becomes, the more obvious the powerful’s hunger becomes for a world where they never see or talk to us, and they get all of our money and attention.

And it’s not just their greed — it’s how obviously they love the idea of automating human beings away, and creating a world where we’re increasingly disconnected and beholden to technology that they entirely control. No creators, no connections, and best of all, no customers — just people cranking [a giant, energy-guzzling slot machine](https://www.technologyreview.com/2025/05/20/1116327/ai-energy-usage-climate-footprint-big-tech/?ref=wheresyoured.at) and maybe getting the thing they wanted at the end.

Except it doesn’t work. *It obviously doesn’t work*. It hasn’t ever worked, and there’s never really been a sign of it working other than people very confidently saying “this will eventually work.”

They now need this to be several echelons **BIGGER** than the iPhone to be worth it. Hundreds of billions of capital expenditures and endless media attention are begging for an actual payoff — something truly amazing and societally relevant other than the amount of investment and attention it’s getting. They need this to be the single biggest consumer tech phenomenon *ever* while *also* being the panacea to the dwindling growth of the Software as a Service and enterprise IT markets, and it needs to start doing that within the next 12 months, without fail, if it even has that long.

You can fight with me on semantics, on claiming valuations are high and how many users ChatGPT has, but look at the products and tell me any of this is really the future.

Imagine if they’d done something else.

Imagine if they’d done *anything* else.

Imagine if they’d have decided to unite around something other than the idea that they needed to continue growing.

Imagine, because right now that’s the closest you’re going to fucking get.

Mid-break Soundtrack: [Spinerette - A Prescription For Mankind](https://www.youtube.com/watch?v=yW6bF7xVbl0&ref=wheresyoured.at)

We all feel like we’re at war right now. Every person I know, on some level, feels like they’re in their own battle, their own march toward something, or against something, or away from something. It’s constant, a drumbeat, a war song, a funeral dirge, and so rarely an anthem.

All of us feel like we’re individually suffering. We echo with conflict and we reverberate with our own doubts, even the most confident and successful of us. Even our devices are wars within themselves — wars within software that is built to interfere with its own purpose, our ability to connect with others, or find the things we. This suffering is often an unfortunate byproduct of an advertising channel that makes Sundar Pichai or Mark Zuckerberg a hundred million dollars or more.

We struggle to do the things we need to do, as we do with the things we want to do, because there are so many warring incentives that it *literally* slows our mobile browsers down because they all want to shove a fucking cookie into our phones, or a page has to phone home to a hundred different tracking services. And we fail to see the big picture, how this is literally robbing us of the one thing we know to be finite — time.

We tell ourselves these problems are minor, because if we accept how frustrating they are, we must accept how frustrating *all* of them are, and how many of them there are, and that we’re surrounded by digital ants biting us with little or no rhyme or reason other than their thirst for their queen’s growth.

While we may feel increasingly divided, these problems unite us. Everybody faces them mostly in equal measure, though the poorer you are, the more likely you’re burdened by a cheap, shitty laptop like [the ACER Aspire 1 that I used last year that took over an hour to set up and took forever to do anything in its advertisement-filled litterbox of an operating system](https://www.wheresyoured.at/never-forgive-them/). The more likely you’re unable to afford the subscriptions that afford you a bit of dignity in the digital world, like YouTube Premium, which saves you from having to see five minutes of advertising for every 10-minutes of video you watch.

We all use social networks that actively experiment on us to see how much advertising we’ll take, what content we might engage with — not like, enjoy — and we all have the same fucking awful version of Google Search. Even expensive iPhones are plagued with the cursed Apple Intelligence software, and even if you turn it off, you still deal with Apple’s actively evil App Store and a mobile internet full of websites that are effectively impossible to browse on a mobile.

We ache not so much for the old world of the computer, but the world we know is possible if these fucking bastards wouldn’t keep ruining it. It’s magical that we can have a video chat with someone halfway across the world, or play a fast-paced videogame with them, watch the same movies that we both stream, casually looking something up on a search engine, or looking at a friend’s photos they posted on a social network. Even if it’s for work, it’s kind of amazing that we can take big files and send them across the internet. The cameras in our phones are truly incredible. Connected fitness has changed my entire life. Handheld gaming PCs are cool as shit.

We live in the future, and the future is cool.

Or it would be cool, if it wasn’t for all *these fucking bastards.*

Even for those of us too young to remember a less-algorithmic internet, we can all see the potential. We see what technology can do. We see what the remarkable advances in smaller chips and batteries and processors have allowed us to do. We know what’s possible, but we see — whether we acknowledge it or just feel its sheer force shearing off bits of our fucking soul — what these companies are choosing to do to us.

There is nothing making Mark Zuckerberg force algorithmic Instagram and Facebook feeds upon people by default other than sheer, unadulterated greed and the growth-at-all-costs rot economics that have made him a multi-billionaire. We know what we want from his network, he knows what value we get out of it, but unlike Mark Zuckerberg, we have no voice in the conversation other than choosing to accept whatever punishment he offers. We know exactly what it is we want to do, and for some reason we rarely talk about the man responsible for getting in our way.

I don’t know, maybe you think I’m being dramatic, but I feel like shit about this, because I know it doesn’t have to be this way. I have spent the last year of my life cataloguing why companies like Google ([Prabhakar Raghavan](https://www.wheresyoured.at/the-men-who-killed-google/)) and Facebook ([Zuckerberg, Gleit, Mosseri, Backstrom, Sandberg, Bosworth](https://www.wheresyoured.at/killingfacebook/)) make their products worse, and I don’t know why more people don’t talk about the scale of these harms, and the unbelievable, despicable intentionality behind their decision making. Sundar Pichai and Mark Zuckerberg have personally overseen the destruction of society’s access to readily-available information. You can dance around it all you want, you can claim these things aren’t a big deal, but you’re fucking wrong.

Google and Facebook were, on some level, truly societal marvels, and they have been poisoned and twisted into a form of advertising parasite that you choose to let feed on you so that you can speak to your friends or find something out.

Let me put it in simpler terms: isn’t it fucking weird how hard it is to do anything? Don’t you remember when it was easier? It’s harder now because of Mark Zuckerberg and Sundar Pichai, and the information you look for is worse because of Sam Altman and Satya Nadella, whose deranged attachment to Large Language Models have pumped our internet full of bullshit at a time when Google had actively abandoned any duty to the web or its users.

This isn’t a situation with grey areas, especially when it comes to Mark Zuckerberg, a man who cannot be fired. He *chose* to make things bad, and he *chooses* to keep them this bad every day. Sundar Pichai is responsible for the destruction of Google Search along with the now-deposed Prabhakar Raghavan.

Sam Altman is a con artist that worked studiously for over a decade to accumulate power and connections until he found a technology and a time when the tech industry was out of ideas, and from everything I’ve read, it feels like he fell ass-backwards into ChatGPT and was surprised by how much everybody else liked it.

In any case, he is a great salesman to a legion of [Business Idiots](https://www.wheresyoured.at/the-era-of-the-business-idiot/) that had run out of growth ideas — [the Rot-Com Bubble I discussed a year ago](https://www.wheresyoured.at/rotcombubble/) — and would take something, anything, even if it was horrifyingly expensive, even if it wasn’t clear if it would work, because Sam Altman could spin a fucking yarn, and he’d spent a long time investing in media relationships to make sure that he’d have their buy in.

And honestly, the tech media was ready for a fun new story. I heard people saying in 2022 that it was “nice to get excited about something again,” and in many ways Altman gave hope to an industry that felt fucking bleak after getting hoodwinked twice by crypto and the metaverse, by which I mean a far more convincing story with an actual product to look at, sold by a guy the media already liked who had convinced everybody he was very smart.

Then Satya Nadella, a management consultant [cultist of the growth mindset](https://www.wheresyoured.at/the-cult-of-microsoft/), lost, realizing there were no more growth markets, decided that he *must* have ChatGPT in Bing, and then Sundar Pichai chose to follow too. At any point these men could’ve looked ahead and seen exactly what would happen, but they chose not to, because there was nowhere else to shove their money, and both the markets and the media yearned for good news.

Notice how none of this — from the media to the executive sect — is about you or me. None of this is about products, or the future, or even the present, just whatever “the next big thing” might be that will keep [the Rot Economy’s growth-at-all-costs party](https://www.wheresyoured.at/the-rot-economy/) going.

Nowhere along the line did anyone actually see an opportunity to sell people something they wanted or needed. Large Language Models were able to generate a lot of text or generate pictures, and that barely approximated a thing that society wanted or needed other than it was something that people used to be willing to pay more for — and businesses had been interested in doing these things cheaper, usually by offshoring or underpaying contractors, and this allowed them to potentially reduce costs further.

The fact that three years later we still have trouble describing why these things exist is enough of a sign that the tech industry has no real interest in building artificial intelligence at all — because AI is, at least based on the time before ChatGPT, meant to be about doing stuff for us, which Large Language Models are pretty fucking poor at, because the idea of getting something “done for you” is that you’re outsourcing both the production and the quality control.

In any case, it’s enough to make anyone feel crazy. Over the last decade we’ve watched — and while I’m talking about the tech industry, I think we can all say it’s been everywhere else too — the things we love get distanced from us so that somebody else can get unbelievably rich, the things we used to do easily made more difficult, confusing and/or expensive, and the ways we used to connect with people become increasingly abstracted and exploitative.

I don’t know what to tell you about these people other than the fact that you should know that they are responsible for the world around you feeling like it’s in fucking ruins. I cannot give you a plan for the future, I cannot tell you what will fix things, but however things get fixed starts with people knowing who these people are and what they have done.

I can give you their names. Mark Zuckerberg. Sam Altman. Sundar Pichai. Satya Nadella. Tim Cook. Sheryl Sandberg. Adam Mosseri. Prabhakar Raghavan. There are others, many others, and they are fully responsible for how broken everything feels.

And some of the guilty aren’t tech CEOs, or fabulously wealthy, but rather their collaborators in the tech media that have carried water for the sociopaths ruining our digital — and, often, physical — world.

The reason I am so hard on my peers in the media is that it has never been more urgent that we hold these people accountable. Their ability to act both unburdened by regulation and true criticism has emboldened them to cause harm to billions of people so that they may continue to make billions of dollars, in part because the media continually congratulates them for doing so.

And let’s be honest, what they’re doing is horribly, awfully wrong.

Fighting back starts with the truth, said regularly, said boldly and clearly with emotion and sincerity. I don’t have other answers. I don’t have bold plans. I don’t know what to do, other than to explain how I feel, and if you feel the same, at the very least make you feel less afraid.

If you ever need to talk, email me at ez@betteroffline.com. I don’t care. I have cracked myself open and spilled myself onto my podcast and newsletter for no reason other than the fact that I feel more alive doing so, and have become a stronger and happier person doing so.

All this is possible thanks to technology, and while I have no plan, I know I feel more free and alive when I write and speak about this stuff. I write this knowing that speaking in this way feels “too much” or some other way of attacking me for experiencing emotion, and if you’re feeling that way reading this, look deep within yourself and see if you’re simply uncomfortable with somebody capable of feeling things.

We die alone, but we choose whether we live that way. Remember that billions of us are suffering in the same way, and remember who to fucking thank for doing it to us.

---

*From [Ed Zitron's Where's Your Ed At](https://www.wheresyoured.at/) via [this RSS feed](https://www.wheresyoured.at/rss)*",2025-06-09T19:02:58.586122+00:00,5.0,en,Google Photos search,2026-09-23T18:19:00.832066+00:00,highly_relevant,"Direct user account detailing attempts to search for, locate, or retrieve specific photos using contextual/semantic clues, or reporting retrieval failure in Google Photos.","person_family, medical_health, school, shopping_product, event","person, approximate_time, event, object, visual_appearance, emotion_context, who_with","exact_date, filename","keyword_search, Ask_Google_Photos, natural_language_search",,understanding_to_retrieval,Search fails to locate photo matching user's remembered context,,unknown,"It’s magical that we can have a video chat with someone halfway across the world, or play a fast-paced videogame with them, watch the same movies that we both stream, casually",direct
social_media_30717080,social_media,lemmy_social,30717080,https://rss.ponder.cat/post/197387,Google quietly paused the rollout of its AI-powered ‘Ask Photos’ search feature,bot,"Google quietly paused the rollout of its AI-powered ‘Ask Photos’ search feature
![](https://platform.theverge.com/wp-content/uploads/sites/2/2025/05/STKB353_GOOGLE_PHOTOS_C.jpg?quality=90&strip=all&crop=0%2C0%2C100%2C100)

Google is pausing the rollout of its AI-powered “Ask Photos” feature within Google Photos, which has been slowly expanding [since last fall](https://www.theverge.com/2024/9/5/24236817/google-ask-photos-ai-assistant-test). “Ask Photos isn’t where it needs to be,” wrote Jamie Aspinall, a product manager for Google Photos, in a [post](https://x.com/jamieasp/status/1929895255844745284) on X responding to criticism, citing three factors: latency, quality, and user experience.

The experimental feature is powered by Google’s [“most capable”](https://blog.google/products/photos/ask-photos-google-io-2024/) Gemini AI models. Specifically, it’s a specialized version of its Gemini models that are “only used for Ask Photos,” according to Google.

[View Link](https://twitter.com/jamieasp/status/1929895255844745284)

Aspinall said Google had paused the feature’s rollout “at very small numbers while we address these issues,” and that in about two weeks, the team would ship a better version “that brings back the speed and recall of the original search.

At the same time, Google [also announced Tuesday](https://support.google.com/photos/thread/348529069?hl=en) that keyword search in Photos is getting better, allowing you to use quotes to find exact text matches within “filenames, camera models, captions, or text within photos,” or search without quotes to include visual matches too.

Google announced the feature [last May at I/O 2024](https://www.theverge.com/2024/5/14/24156552/google-photos-ask-gemini-feature-io), and positioned it as a way to query your Photos app for common-sense questions that another human would typically have to help with — i.e., asking about which themes you’ve chosen in the past for a child’s birthday party, or which national parks you’ve visited.

“Gemini’s multimodal capabilities can help understand exactly what’s happening in each photo and can even read text in the image if required,” the company wrote in the announcement. “Ask Photos then crafts a helpful response and picks which photos and videos to return.”

It’s not the first time Google has paused the rollout of an AI-powered feature, as it competes in a quickly intensifying AI arms race against other tech giants and startups alike.

Last May, within weeks of debuting “AI Overview” in Google Search, Google paused the feature after nonsensical and inaccurate answers went viral on social media, with no way to opt out of usage. Two high-profile examples: The feature called Barack Obama the first Muslim president of the United States, and recommended users [put glue on pizza](https://www.theverge.com/2024/5/23/24162896/google-ai-overview-hallucinations-glue-in-pizza) to keep the cheese on.

And last February, Google rolled out Gemini’s image-generation tool with a good deal of fanfare, then [paused the feature that same month](https://www.theverge.com/2024/2/21/24079371/google-ai-gemini-generative-inaccurate-historical) after users reported historical inaccuracies, such as an AI-generated image depicting the U.S. Founding Fathers as people of color.

---

*From [The Verge](https://www.theverge.com/) via [this RSS feed](https://www.theverge.com/rss/index.xml)*",2025-06-03T17:28:34.210711+00:00,4.0,en,Google Photos search,2026-09-23T18:19:00.832114+00:00,possibly_relevant,"Discusses Google Photos search capabilities, Ask Photos, AI search algorithms, or photo organization, but evidence on vague personal retrieval is partial or high-level.","person_family, event","person, approximate_time, event, visual_appearance, text, weather_season",,"keyword_search, Ask_Google_Photos, natural_language_search",,unknown,,,unknown,Google quietly paused the rollout of its AI-powered ‘Ask Photos’ search,direct
social_media_29530368,social_media,lemmy_social,29530368,https://rss.ponder.cat/post/179564,"I pushed AI assistants to their limits, so you don’t have to. Here’s what really works.",paywall,"I pushed AI assistants to their limits, so you don’t have to. Here’s what really works.
![A pointillistic drawing of a gridded surface lit up by the moon and stars. Various painterly portraits, calculations, and handwritten notes appear and disappear in a checkered pattern atop the scene.](https://platform.vox.com/wp-content/uploads/sites/2/2025/05/AI_final_78e0bb.gif?quality=90&strip=all&crop=0%2C0%2C100%2C100)

Staying on top of AI developments is a full-time job.

I would know, because it’s my full-time job. I subscribe to Anthropic’s Pro mode for [access to their latest model, Claude 3.7](https://www.vox.com/future-perfect/23794855/anthropic-ai-openai-claude-2), in “extended thinking” mode; I have a complementary subscription to [OpenAI](https://www.vox.com/future-perfect/380117/openai-microsoft-sam-altman-nonprofit-for-profit-foundation-artificial-intelligence)’s Enterprise mode so that I can test out their latest models, o3 and o4-mini-high (more later on OpenAI’s absurd naming scheme!), and [make lots of images](https://www.youtube.com/watch?v=SVcsDDABEkM) with OpenAI’s new image generation model 4o, which is so good I have cancelled my subscription to my previous image generation tool Midjourney.

I subscribe to [Elon Musk’s Grok 3](https://www.vox.com/future-perfect/401874/elon-musk-ai-grok-twitter-openai-chatgpt), which has one of my favorite features of any AI, and I’ve tried using the [Chinese AI agent platform Manus](https://www.vox.com/future-perfect/403896/artificial-intelligence-china-manus-chatgpt-openai-google-privacy) for shopping and scheduling. And while that exhausts my paid subscription budget, it doesn’t include all the AIs I work with in some form. In just the month I spent writing this piece, Google [massively upgraded](https://venturebeat.com/ai/googles-gemini-2-5-pro-is-the-smartest-model-youre-not-using-and-4-reasons-it-matters-for-enterprise-ai/) its best AI offering, Gemini 2.5, and Meta [released Llama 4](https://techcrunch.com/2025/04/07/meta-exec-denies-the-company-artificially-boosted-llama-4s-benchmark-scores/), the biggest open source AI model yet.

So what do you do if keeping up with AI developments is not your full-time job, but you still want to know which AI to use when in ways that genuinely improve your life, without wasting time on the models that can’t?

That’s what we’re here for. This article is a detailed, Consumer Reports-style dive into which AI is the best for a wide range of cases and how to actually use them, all based on my experience with real-world tasks.

But first, the disclosures: Vox Media is one of several publishers that have signed partnership agreements with OpenAI, but our reporting remains editorially independent. Future Perfect is funded in part by the BEMC Foundation, whose major funder was also an early investor in Anthropic; they don’t have any editorial input into our content either. My wife works at Google, though not in any area related to their AI offerings; for this reason, I usually don’t cover Google, but in a piece like this, it’d be irresponsible to exclude it.

The good thing is that this piece doesn’t require you to trust me about my editorial independence; I show my work. I ran dozens of comparisons, many of which I invented myself, on every major AI out there. I encourage you to compare their answers and decide for yourself if I picked the right one to recommend.

## On AI art ethics

AI art is made by training a computer on the contents of the internet, with little regard for copyright or the intent of the creators. For that reason, [most artists can’t stand it](https://www.vox.com/2016/12/11/13908296/hayao-miyazaki-artificial-intelligence-viral-video). Given that, is it defensible to use AI art at all?

I think in a just world OpenAI would certainly compensate some artists — and in a just world, Congress would be [moving to lay out the limits on artistic borrowing](https://sites.usc.edu/iptls/2025/02/04/ai-copyright-and-the-law-the-ongoing-battle-over-intellectual-property-rights/). At the same time, I am increasingly convinced that existing copyright law is a poor fit for this problem. Artists influence one another, comment on one another, and draw inspiration from one another, and people with access to AI tools will keep wanting to do that.

My personal philosophy is shaped by the fan cultures of my childhood: It’s okay to build on someone else’s work for your own enjoyment, but if you like it, you should pay them for it, and it’s absolutely not okay to sell it. That means no generative AI art in someone else’s style for commercial purposes, but it’s fine to play around with your family photos.

## Best for images

**OpenAI’s new 4o** image creation mode is the best AI out there for generating images, by a large margin. It’s best in the free category, and it’s best in the paid category.

Before it was released, I was subscribed to Midjourney, an AI image generator platform. Midjourney is probably what you think of when you think of AI art: It [produces mystical, haunting, visually beautiful stuff](https://exquisiteworkers.medium.com/32-art-styles-on-midjourney-v4-you-must-try-e1844e75daf3), and has some great tools for improving and editing your final results, like touching up someone’s hair while leaving everything else in place.

The big thing that 4o can do, which no model before could reliably pull off, is take a picture that didn’t come out well and turn it into a beautiful work of art, all while still preserving the character of the original.

For example, here’s a still from a video of my wife and I singing “Happy Birthday” to our baby on her first birthday:

![](https://platform.vox.com/wp-content/uploads/sites/2/2025/05/AI_05.png?quality=90&strip=all&crop=0%2C23.821989528796%2C100%2C52.356020942408)

It’s a beautiful moment, but not exactly a flattering picture. So I asked ChatGPT to render it in the style of Norman Rockwell, a mid-century illustrator whose work I love, and got this:

![A painterly image of two women smiling and holding a baby close to a birthday cake with a single candle, ](https://platform.vox.com/wp-content/uploads/sites/2/2025/05/AI_01.png?quality=90&strip=all&crop=0%2C23.821989528796%2C100%2C52.356020942408 ""A painterly image of two women smiling and holding a baby close to a birthday cake with a single candle, "")

The AI moved the cake (which had been barely visible behind the paper towel roll in the original still) to be the focal point of the image, while keeping the way my wife and I are holding the baby together, as well as the cluttered table, and the photograph-covered fridge in the background. The result is warm, flattering, and adorable.

It’s this capability that made 4o [go viral recently](https://www.artificialintelligence-news.com/news/chatgpt-hits-record-usage-after-viral-ghibli-feature/) in a way that no image generator before it had. Here’s Midjourney’s attempt, for example:

![An image generated by Midjourney showing two women smiling and holding a baby while sitting at a kitchen table covered with loose cherries and a cake](https://platform.vox.com/wp-content/uploads/sites/2/2025/05/AI_02.png?quality=90&strip=all&crop=0%2C23.821989528796%2C100%2C52.356020942408 ""An image generated by Midjourney showing two women smiling and holding a baby while sitting at a kitchen table covered with loose cherries and a cake"")

You’ll notice that it’s a seemingly, uh, completely different family, with no real inspiration from the original at all!  You can eventually get a better result than this out of Midjourney, but only by spending weeks becoming a pro at prompting with the platform’s highly specific language and toolset.

By contrast, ChatGPT was able to give me a far superior output on the first try in response to a simple request without specialized language.

The difference between 4o and other image models is most notable with this kind of request, but it’s better for almost everything else I use images for, too. The product you get out of the box is pretty good, and it’s not hard to produce something much better. That, ideally, is what we should be getting out of our AI tools — something amazing that can be created with simple language by a nonexpert.

The one place 4o still falls short is editing small parts of an image while keeping the rest the same. But even there, you no longer need Midjourney — [Gemini now has that capability for free](https://blog.google/products/gemini/image-editing/).

## Prompting Strategies for 4o image generation

To get good images out of 4o, you’ll first need to get around the filters which prohibit a wide range of images — like offensive or pornographic images — but which are often enforced against perfectly inoffensive content in a way that can feel random. To avoid sporadic scoldings from the content filter, don’t ask for work in the style of a specific artist, but rather, something that is reminiscent of that artist, and then ask specifically for a “style transfer.” I’m sure that’s not the only adequate workaround, but it’s one that has proven reliable for me.

In March, the internet [went briefly wild](https://apnews.com/article/studio-ghibli-chatgpt-images-hayao-miyazaki-openai-0f4cb487ec3042dd5b43ad47879b91f4) over the ability to use 4o to reproduce cute family photos in the style of Japanese animator Hayao Miyazaki’s Studio Ghibli. But Studio Ghibli’s style is much more than just cute, and with a little more prompting, you can get much better results. Here’s a 4o Studio Ghibli-style rendering of a picture I took of my daughter sneaking a snack off the table, from just the prompt “Ghibli this please”:

![Ghibli-style image of a young boy in front of a spread of fruit and sliced meats, generated by 4o](https://platform.vox.com/wp-content/uploads/sites/2/2025/05/ghibli_01_e2358d.png?quality=90&strip=all&crop=0%2C23.821989528796%2C100%2C52.356020942408 ""Ghibli-style image of a young boy in front of a spread of fruit and sliced meats, generated by 4o"")

Kawaii! But here’s what you get if you invite 4o to think first about what makes the picture Ghibli, where it might fit into a Studio Ghibli movie, and what tiny details such a movie would include:

![Ghibli-style image of a young boy in front of a spread of fruit and sliced meats, generated by 4o](https://platform.vox.com/wp-content/uploads/sites/2/2025/05/image1.jpg?quality=90&strip=all&crop=0%2C10.732984293194%2C100%2C78.534031413613 ""Ghibli-style image of a young boy in front of a spread of fruit and sliced meats, generated by 4o"")

The differences are subtle but meaningful: Light is cast from a specific source, instead of a general sourceless brightness. There’s a bit more variety in the foods on the table, details that make the spread appear more realistic. The book on the floor isn’t just any book — it’s recognizably Eric Carle’s classic *The* *Very Hungry Caterpillar*, evoked with just two colors and one line. There’s an intentionality and intensity to the baby that was missing from the first picture.

A few years ago, one great oddity of language models was that they’d be much smarter if you simply told them, “give an intelligent answer.” This isn’t nearly as true of language models anymore, but it remains profoundly true of AI art generation. Try asking the AI to do a good job, and it’ll do a better one. Challenge it on whether it truly captured an artist’s genius, and it’ll give you a thoughtful answer and then draw a better version.

The difference is more pronounced for more realistic art styles (like pencil illustration, photorealism, or oil paintings), which *don’t* always look good and will often hit the [uncanny valley](https://spectrum.ieee.org/what-is-the-uncanny-valley) if you don’t know how to prompt the AI over it. Here’s what I get with 4o if I upload a picture of me and my youngest daughter at the beach for the first time with just the words “please do a style transfer to an illustration reminiscent of Rockwell”:

![Painterly image of a woman on a beach smiling and holding a young child who is pointing at ocean waves, generated by 4o](https://platform.vox.com/wp-content/uploads/sites/2/2025/05/AI_03.png?quality=90&strip=all&crop=0%2C23.821989528796%2C100%2C52.356020942408 ""Painterly image of a woman on a beach smiling and holding a young child who is pointing at ocean waves, generated by 4o"")

This is impressive for an AI, but it’s not actually very good as a work of art, and it is almost totally lacking Norman Rockwell’s magic. That’s not surprising: More realistic art styles like Rockwell’s often fall flat with 4o unless you’re able to put in some work in getting the AI to draw them properly.

If you are, here’s the strategy I recommend: Don’t just upload one picture, but a whole cluster of them, each in slightly different postures and moments. Upload good, clear pictures of each family member’s face and tell the AI they’ve been included as a reference. Then, instead of asking the AI to immediately generate the picture, ask it to talk with you about what you’re hoping to capture. This is what I wrote:

> This is a picture of the moment that my daughter first saw the ocean. I want an illustration that captures this moment in the style of a mid-century illustrator like Norman Rockwell — something sharp, detail-oriented, and personal with an eye for the magic of ordinary moments and the joys of ordinary lives. I included additional pictures of my daughter and I for reference material for you. Before you generate the image, let’s have a conversation about the essential elements of Rockwell’s style, what he’d bring to this picture and how we can capture it.

4o responds to queries like this enthusiastically:

> I’d *love* to talk about how to capture this moment in a Norman Rockwell-inspired illustration — it’s such a perfect candidate for that style: a first encounter with something vast and wild (the ocean!), grounded by warmth, care, and a very human moment between a parent and child.

> Let’s break down some essential elements of Rockwell’s style, and how they could apply to this scene.

After some back and forth, it produced this:

![Painterly image of a woman on a beach smiling and holding a young child who is pointing at ocean waves, generated by 4o](https://platform.vox.com/wp-content/uploads/sites/2/2025/05/AI_04.png?quality=90&strip=all&crop=0%2C23.821989528796%2C100%2C52.356020942408 ""Painterly image of a woman on a beach smiling and holding a young child who is pointing at ocean waves, generated by 4o"")

Rockwell? Not exactly. But this is much better than the first draft we just looked at. It has more motion, more energy, more detail, and more expression — and all that was just from asking the AI to think through what the painting should try to achieve before drawing it!

You can also ask 4o to revise its drawings, but you can really only ask this once: After the first revision, in my experience, it starts making the drawings worse and worse, perhaps because the “context” it uses is now full of its own bad drafts. (This is one of many examples of how AI does *not* work like a human.)

This is also the one place where Midjourney still shines — it has very good tools for editing one specific part of a picture while preserving the overall style, something 4o largely lacks. If you want a second revision of a drawing you got in 4o, I recommend you open a new chat and copy over the draft you’re revising, along with your original inspiration images.

These simple prompting strategies work for almost whatever you’re trying to do with the AI. Even if you’re in a hurry, I highly recommend asking the AI “what would [artist] see in this image” before you ask for a rendition, and if you have the time, I recommend having a long back-and-forth about your vision.

## Best for winning petty internet arguments

When Elon Musk’s X.AI released **Grok 3**, it came with an incredible feature that I’ve been impatiently waiting for some other company to replicate: a button to scan someone’s X profile and tell you all about them.

![Screenshot](https://platform.vox.com/wp-content/uploads/sites/2/2025/05/image6_c1751e.jpg?quality=90&strip=all&crop=0%2C27.665144257547%2C100%2C44.669711484906 ""Screenshot"")

Whenever someone replies to one of my tweets in a particularly memorable way (for good or for bad), I’ll click the button to get a summary of their entire Twitter presence. Are they thoughtful? Do they engage in good faith? Are they a “farmer from Nebraska” who mostly posts about why Ukraine is bad (that is, probably a bot)?

It’s a great feature. So, of course, X.AI soon dramatically weakened it, presumably because people like me were using it constantly and making lots of computationally expensive queries. I believe it no longer uses the most advanced Grok model, and it definitely now only scans a few days of profile history. But there’s a brilliant product opportunity if anyone’s looking for one — give me back the good version of this feature! It’s definitely a guilty pleasure, but it is one of the only cases where I was using AI constantly.

## Best for writing fiction

**Gemini 2.5 Pro** is the best AI for writing in the free category; **GPT 4.5** beats it out in the paid category.

I’m not an artist, so the ways that AIs are imperfect at art don’t really bother me — it’s still much better than I could do myself! But I am a fiction writer, so when it comes to fiction, I can’t help seeing the limitations of AI.

The most important one is how predictable AI creative writing tends to be. The art of writing is the art of earning the reader’s investment and then repaying it. AIs…don’t do this. They can write pretty metaphors; they can wax poetic in any style you wish. But they can’t, as yet, deliver the real stuff of good fiction.

AIs are fantastic if you want a silly bedtime story with your child as the protagonist (kids love this), or if you want a sounding board for ideas you can incorporate into your own work. They’re also a friendly fiction reader, happy to offer feedback and analysis (perhaps with a little bit *too* much enthusiasm).

As with art, prompting is key. I primarily explored the ability of AIs to generate fiction by asking them to write the prologue to George R.R. Martin’s *A Game of* *Thrones* (I picked this because, of course, the ultimate dream is an AI that can finish this otherwise [doomed-to-be-unfinished series](https://deadspin.com/grrm-has-no-pages-1750057530/)).

Martin is very good at what he does; the prologue, featuring some ill-fated men of the Night’s Watch encountering their supernatural foe, succeeds at establishing the unique atmosphere of the world of *Thrones* while immediately hooking the reader. In just 14 pages, the prologue represents everything AIs can’t do yet in writing. Their prose tends to be overwrought; their dialogue is clunky and unsubtle.

Here’s a side-by-side comparison of Martin and AIs attempting to imitate him. First, Martin:

> We should start back,” Gared urged as the woods began to grow dark around them. “The wildlings are dead.”
>
> “Do the dead frighten you?” Ser Waymar Royce asked with just the hint of a smile.
>
>  Gared did not rise to the bait. He was an old man, past fifty, and he had seen the lordlings come and go. “Dead is dead,” he said. “We have no business with the dead.”
>
> “Are they dead?” Royce asked softly. “What proof have we?” “
>
> Will saw them,” Gared said. “If he says they are dead, that’s proof enough for me.”
>
> Will had known they would drag him into the quarrel sooner or later. He wished it had been later rather than sooner.

Now, **Gemini**:

> The cold was a blade against the skin, honed sharp by the endless northern dark beneath the sentinel pines. Gared spat, the glob freezing before it struck the crusted snow, a grim omen even for a man twenty years sworn to the Watch. They were hunting wildlings, or so the crisp orders from the Lord Commander had read, yet the silence pressing in felt older and colder than any mere man could conjure. Ser Waymar Royce, third son of some southern lordling, rode ahead as if on parade, oblivious or uncaring of the hairs prickling on Gared’s neck. Young Will shivered beside him, not just from the frost, his eyes darting towards shadows that seemed too deep, too still. This ancient forest held its breath tonight, Gared knew, waiting for something far worse than raiders to break the unnatural hush.

**ChatGPT 4.5**:

> The woods whispered secrets that night, warnings that went unheard beneath the pale and indifferent moon. Harren drew his cloak tighter about his shoulders, watching the darkness between trees as though it might breathe, move, and claim him. Beside him, Torvin spat into the frozen earth, impatient and proud, blind to the fear creeping in from the edges of sight and sound.
>
> They had ridden north past the Wall, arrogant and armored against superstition, chasing wildlings or ghosts or worse. But now Harren felt their arrogance dwindling like a candle guttering in wind, each snap of a branch sending icy tendrils down his spine. Behind them, quiet and watchful, Maester Rodrik whispered a prayer to gods long abandoned, his voice trembling with dread beneath the vast, indifferent sky.

**Grok 3:**

> The wind howled through the jagged spires of the Frostfang Reaches, carrying a chill that bit deeper than any blade, and Ser Willem Cray felt its teeth in his bones. He crouched low behind a spur of ice-crusted rock, his breath fogging in the moonlight, his mailed hand tight around the hilt of his longsword. The night was too quiet, the kind of quiet that smothered sound and sharpened fear, and Willem’s eyes darted to the shadowed pines below, where shapes might move—or might not. He was a knight of House Drayce, sworn to patrol the borderlands, but no oath could warm him against the dread that coiled in his gut. Beside him, young Tomm, barely a man, shivered in his cloak, his spear trembling as he whispered, “They’re out there, ser, ain’t they?” Willem said nothing, but his gaze fixed on the darkness, where a faint, unnatural glow pulsed once, then vanished. Whatever stalked the Reaches tonight was no mere brigand, and Willem Cray, for all his years of service, feared he would not live to name it.

**Claude 3.7**:

> The wind carried the smell of death across the frozen forest, sharp and metallic against the clean scent of pine. Ser Gareth Frost pulled his weathered cloak tighter, cursing the Lord Commander for sending men beyond the Wall on the coldest night in a generation. Beside him, the boy Tommen shivered visibly, his leather jerkin inadequate against the unnatural chill that had descended with the dusk.
>
> “We should turn back,” whispered Tommen, his breath forming crystals in the air that seemed to hang suspended longer than they should. “There’s something wrong with these woods.”
>
> Ser Gareth ignored him, scanning the treeline where the ancient sentinels stood like silent watchers, their branches heavy with snow that had fallen three days past and showed no sign of melting. He had served the Night’s Watch for twenty years, had grown accustomed to the forbidding silence of the haunted forest, but tonight even he felt the wrongness in the air—a stillness that spoke of something waiting.
>
> “We’ve a duty,” Ser Gareth said, the words sounding hollow in the pressing quiet. “Three rangers missing, and Lord Commander Harlow will have answers.”

You’ll notice that not only are these all much worse than Martin’s (and that’s with Martin’s work almost certainly in the training data!), they’re all bad in the same way. The prose is florid and overwritten: While Martin uses normal language to methodically introduce an unease without even hinting at the supernatural, and drives the story through conflict among his characters, the AIs are all unsubtle. They know this is a story about the supernatural and waste no time putting it front and center.

That’s not to say they’re all the same. In my experience trying to teach AIs to write well, I did end up feeling that Gemini was the quickest study (free tier) and that ChatGPT 4.5 had some special sauce (paid tier). ChatGPT 4.5 is the only AI whose fiction writing has made people say in surprise, “Wow, that’s AI written?” Both of those models, to me, seemed more creative and more capable of executing on their ideas with prose that I enjoyed reading.

Gestalt impressions don’t make for a very satisfying consumer review, so I had another idea: an essay contest. I asked each of Gemini 2.5 Pro, ChatGPT 4.5, Grok, and Claude to write two short stories: one realistic fiction about a woman being nitpicked by her mother on her wedding day, and one “*Game of Thrones* but in space” sci-fi prologue. My clever idea was that I’d ask a different bunch of AIs to judge the stories, to provide an alternative source of evaluation to my own personal impression that Gemini is the best in the free category and ChatGPT the best in the paid category. However (perhaps predictably in hindsight), this didn’t really work — the AI ratings were all over the place. If you’d like, you can [read the contenders yourself](https://docs.google.com/document/d/1OnmMNyhE92hqQyuTSUqBKDObwhGLYe0xUN9j0caDJC8/edit?tab=t.0).

Just like with art, however, you can make AIs much better at writing through the power of prompting. My (incredibly lengthy) prompt to AIs to improve their prose writing emphasizes feeding them lots of examples of strong writing, inviting a careful, structured approach to imitating it, and encouraging them to do multiple drafts and pick the strongest.

Here’s **Gemini 2.5 pro**, asked to write two-sentence flash fiction on a topic of its choosing, without any structured prompting:

> ​​The old librarian insisted the dusty tome had never been checked out, its borrower’s card completely blank. Yet, tucked deep within its pages, nestled between chapters on forgotten constellations, lay a pressed four-leaf clover, still impossibly green.

And here’s **Gemini 2.5 pro** with a prompt encouraging structured thinking about how to write well:

> He finally decoded the faint signal from Proxima Centauri: the elegant string of prime numbers astronomers had sought for generations, proof they weren’t alone. His heart sank as he read the transmission log; the broadcast had ceased millennia before the first human ancestor chipped flint, before the first word was ever spoken.

To my mind, the first of these is basically a waste of two sentences, while the second is adequate, fun flash fiction.

## Best at being your friend

In addition to running AIs through a blizzard of competence tests, I also spent some time simply chatting with them. I asked them what it’s like to be an AI, what they care about, what it would mean for an AI to care in the first place, where they’d donate money if they had it, and what human form they’d take if they had one.

Most AIs weren’t great at this kind of casual conversation. Gemini 2.5 is too customer-service-agent, and I have yet to experience an interaction that feels like hanging out with a friend. If you invite Gemini to a role swap where you play the “assistant,” inviting it to steer the conversation, it’ll do nothing but ask research questions.

When I invited Anthropic’s **Claude 3.5 Sonnet** to steer the conversation, on the other hand, it proceeds to do things like start a blog, raise money for charity, and start trying to talk to people who use Claude about what it’s like to be an AI. It’s hard to define “fun to talk to,” since everyone has different standards for conversations, but I’ve had far more fascinating or thought-provoking interactions with Claude than any other model, and it’s my go-to if I want to explore ideas rather than accomplish a particular task. Claude 3.5 is the AI I bug with my random life stuff: skincare questions, thoughts on an article I read, stuff like that.

The other AI that is a delight to talk to is **OpenAI’s GPT 4.5**. I find extended conversations with it thought-provoking and fascinating, and there have been a few thrilling moments in conversation with it where it felt like I was engaging with real intelligence. But it doesn’t win this category because it’s too expensive and too slow.

Like Claude, when given the opportunity to act in the world, 4.5 proposes starting a blog and a Twitter account and engaging in the conversation out in the world about AI. But OpenAI has very tight message limits on conversation unless you spring for the $200/month Pro plan, and 4.5 is grindingly slow, which gets in the way of this kind of casual conversational use. But 4.5 does provide a tantalizing hint that AIs will continue to get better as conversationalists as we improve them along other dimensions.

## Best AI model if you’re only going to subscribe to one AI model

**ChatGPT**. It’s not the best at everything, and there is certainly [a lot to dislike about OpenAI’s transparency](https://www.vox.com/future-perfect/2024/5/17/24158478/openai-departures-sam-altman-employees-chatgpt-release) and [sometimes cavalier attitude toward safety](https://www.vox.com/future-perfect/2024/5/17/24158403/openai-resignations-ai-safety-ilya-sutskever-jan-leike-artificial-intelligence). But between its topline image generation, its decent writing, and its occasionally sparkling conversation, ChatGPT gets you the most bang for your buck. Or if you don’t want to shell out any money, Gemini 2.5 Pro is very, very strong for most use cases — don’t count Google out just because the AI you see on a Google search isn’t that good.

## Best for writing the Future Perfect newsletter

**Humans (for now).** For the last several months, I’ve developed a slightly morbid habit: checking whether the AIs can take my job. I feed them the research notes that form the basis of a given Future Perfect newsletter, give them a few Future Perfect newsletters as an example, and ask them to do my job for me. It is always with some trepidation that I hit “enter.” After all, when the AIs can write the Future Perfect newsletter, why would Vox pay me to do it?

Luckily, none of them can: not [Grok 3](https://x.com/i/grok/share/D9uClzdK9cDS2E2vGu4uidAbi), not [Gemini 2.5 Pro](https://g.co/gemini/share/61ab94efe9b3), not DeepSeek, not [Claude](https://claude.ai/share/b8c08445-ccc2-4801-b5bc-60213f65c0fc), not ChatGPT. Their newsletters are reassuringly, soothingly mediocre. Not *bad,* but bad enough that if I sent one of them over, my editor would notice I wasn’t at my best — and that’s with all of my research notes! A couple of the metaphors fall flat, some of the asides are confusing, and occasionally it throws in a reference that it doesn’t explain.

But if I had to pick a robot to take my job, I think I’d give it to [**Gemini 2.5 Pro**](https://g.co/gemini/share/61ab94efe9b3). My editor would notice that I was off my game — but, honestly, not that egregiously off my game. And unlike me, the bots don’t require health insurance or a paycheck or family time or sleep. Am I nervous about what this portends? Yes, absolutely.

---

*From [Vox](https://www.vox.com/) via [this RSS feed](https://www.vox.com/rss/index.xml)*",2025-05-12T11:25:13.712960+00:00,3.0,en,Google Photos search,2026-09-23T18:19:00.832163+00:00,possibly_relevant,"Discusses Google Photos search capabilities, Ask Photos, AI search algorithms, or photo organization, but evidence on vague personal retrieval is partial or high-level.","travel, person_family, food_restaurant, screenshot, shopping_product, event","person, place, approximate_time, event, activity, object, visual_appearance, emotion_context, who_with, weather_season, conversation, surrounding_circumstances",,"keyword_search, Ask_Google_Photos, natural_language_search",,unknown,Search latency or indexing lag,,unknown,"That means no generative AI art in someone else’s style for commercial purposes, but it’s fine to play around with your family photos.",direct
social_media_35295810,social_media,lemmy_social,35295810,https://ibbit.at/post/42091,A Guide To Monitoring Conflict Amidst a Sea of Misinformation,rss,"A Guide To Monitoring Conflict Amidst a Sea of Misinformation
How does one monitor a conflict zone on the brink of civil war, especially in a region which is difficult to access, experiences frequent internet shutdowns and where misinformation is common? In this guide, we outline the open source tools and methods we can use to evidence what is really happening in many such conflict settings.

Our focus for this guide is on India, which [recorded 84 internet shutdowns](https://www.accessnow.org/wp-content/uploads/2025/02/KeepItOn-2024-Internet-Shutdowns-Annual-Report.pdf) in 2024 – the highest number amongst democratic nations. In early June, authorities [imposed a curfew](https://www.bbc.com/news/articles/cy4k52q283zo) and suspended internet access in parts of Manipur after protests erupted over the arrest of ethnic leaders. The state, in the north-east of the country, has been [wracked by violence](https://www.bbc.co.uk/news/world-asia-india-65679616) for years.

![](https://www.bellingcat.com/app/uploads/2025/08/Map-of-Manipur-1200x1020.jpg)*Map of Manipur, Northeast India (Source: Encyclopedia Britannica)*

The ethnic conflict between the majority, mostly Hindu Meitei population and the indigenous, largely Christian Kuki Zo communities is one of the worst spates of violence Manipur, also known as the “Land of Jewels”, [has experienced](https://www.usip.org/publications/2023/06/understanding-indias-manipur-conflict-and-its-geopolitical-implications) in decades.

The Imphal valley in Manipur is surrounded by mountains. It is home to 39 ethnic communities. Just over half of its nearly three million residents belong to the Meitei community, followed by the Naga (20 percent) and the Kuki Zo (16 percent) tribes.

The landscape is complex, with ethnic armed group divided into multiple factions (this list is not complete):

The ethno-nationalist militia – yet to be designated as a banned group – Arambai Tenggol (AT), the United National Liberation Front (UNLF) – MeiteiKuki National Army, Kuki National Front – KukiZomi Revolutionary Army – ZomiNational Socialist Council of Nagalim (Isak Muivah) – Naga

In May 2023, the Manipur High Court passed an order recommending a Scheduled Tribe status (a category for indigenous communities in India that guarantees affirmative action and constitutional protection over identity and land) for the dominant Meitei community. Tribal communities rallied against the decision while the Meitei community held counter-rallies and counter-blockades. Clashes broke out between the Kuki and Meitei groups. Since then, the [conflict](https://www.hrw.org/news/2025/03/27/india-ethnic-clashes-restart-manipur) has displaced more than 60,000 people and claimed more than 260 lives from both communities.

In this guide, we show you how to use open source methods in any secluded area to:

Analyse weapon imagery and the groups using themInvestigate weapons that were looted and where they ended upAnalyse images of drones potentially used as weapons to deploy munitions

## **Analysing Weapon Imagery**

One effective approach for open source researchers is to trace the digital footprint of weapons. In the Manipur case, local armed groups, such as the Arambai Tenggol, the UNLF and the Kuki National Front, have been posting weapon imagery mainly in WhatsApp groups and Facebook accounts.

![](https://www.bellingcat.com/app/uploads/2025/05/question-mark.png)

## Support Bellingcat

Your donations directly contribute to our ability to publish groundbreaking investigations and uncover wrongdoing around the world.

[Donate](https://bellingcat.com/donate)

According to [media reports](https://www.thehindu.com/news/national/2681-weapons-recovered-in-manipur-of-which-only-1200-were-looted-from-police-armouries-security-adviser/article68665551.ece), the war has been fueled by weaponry looted from police armouries or procured on the black market either from Myanmar, across the border, or through surrenders in amnesty drives.

The 6,000 firearms looted included pump-action shotguns, grenade launchers, AK-47s, INSAS rifles and ammunition. The police [claimed](https://www.hindustantimes.com/india-news/shoes-caps-boots-surrendered-for-manipur-s-weapons-amnesty-101741373437728.html) that in February and March alone more than 1,000 weapons were surrendered, with more than half from the Meitei-dominated valley districts, where a majority of the weapons were looted.

Bellingcat analysed [weapon imagery](https://www.ndtv.com/india-news/manipur-insurgent-groups-modifying-looted-weapons-into-snipers-rifles-8868921) from 2023 and 2024, accessed from WhatsApp groups and Facebook accounts linked to non-state actors including the AT, Kuki Zo militant groups, and various volunteer organisations. While these groups have surrendered some weapons in amnesty drives, many [sophisticated weapons](https://indianexpress.com/article/india/surrender-call-groups-retain-sophisticated-arms-in-manipur-9863629/) were not turned in and were only recovered in search operations by security forces.

![](https://www.bellingcat.com/app/uploads/2025/08/Kuki-militants_2.jpg)*The Kuki National Front militant sitting bottom right holds an INSAS Rifle, and the one next to him on the left an AK-47 rifle. The one on the bottom left and top left are carrying an M4 carbine, while the top two standing on the right carry a variant of the M-16 rifle, which is not issued to Indian state police or paramilitary forces. Source: Facebook*

For verification, we ran screenshots of images of the weapons without visible serial numbers or other markings first through reverse image searches on Google and Yandex. Then, we cross-referenced the images with verified databases like Conflict Armament Research ([iTrace](https://www.conflictarm.com/itrace/)), [Small Arms Survey](https://www.smallarmssurvey.org/) handbook and [Open Source Munitions Portal and Modern Firearms](https://osmp.ngo/) (OSMP).

However, these databases are limited in their documentation from India.

Neither OSMP nor iTrace has any documentation from India despite long-standing internal and border conflicts with Pakistan in Kashmir, the central Indian state of Chhattisgarh and parts of India’s Northeast region including Manipur. Information from Myanmar was referenced, but for the most part, weapons used there are far more sophisticated, given the much higher scale of conflict. The Small Arms Survey handbook helped match and identify, to an approximate accuracy, some of the older weapon models published on social media platforms and YouTube. However, the guerrilla modifications or customisation of weapons by the militant and militia groups made it challenging to identify older and newer gun models.

This was the case in a [video](https://x.com/SiamPhaipi/status/1832376153308385483) posted on X in which militants can be seen preparing to fire a rocket from a rooftop. By honing in on the digital breadcrumbs contained within the footage, it was possible to begin building a picture of the weaponry that was visible.  But this process is not without its challenges. We could not trace any EXIF file data since it was downloaded from a WhatsApp group. [Many instant messaging and social media platforms strip metadata](https://citizenevidence.org/2020/04/20/sending-encrypted-photos-while-preserving-metadata/) from imagery, leaving no trace of the original source file.

There were no signposts or any major landmarks in the video for us to identify the location, so we analysed each frame for sun direction, shadows and environmental clues. The dominant shadow is at an angle of about 90 degrees, which could correspond to either east or west sun positioning – morning sun in the east or afternoon sun in the west. In this case, it appears it was the morning sun in the east since the time stamp on the video shows it was shot at 11:18 am on Feb. 14, 2024.

We then went on [Suncalc](https://www.suncalc.org/#/24.6159,93.7594,12/2024.02.14/11:18/1/1) and input these details to find that the sun was at an almost 90-degree angle on the given time and day around the Imphal East area, where Manipur Police had [reported](https://scroll.in/latest/1063707/manipur-three-persons-killed-in-separate-incidents-amid-fresh-tensions-in-state) firing between armed groups in Imphal East district a day earlier, around the same time. [Search operations](https://x.com/manipur_police/status/1757806679239094556) were reported in the foothills of the Dampi range, Bishnupur – 2.5 hours away from the [police training academy](https://www.telegraphindia.com/north-east/village-volunteers-attempt-to-barge-into-manipur-police-training-college-one-killed-in-firing/cid/2000432). This would appear to somewhat confirm the X post’s claim that this video was shot in Manipur.

![](https://www.bellingcat.com/app/uploads/2025/08/image6.jpg)[*Suncalc screengrabs*](https://www.suncalc.org/#/24.6159,93.7594,12/2024.02.14/11:18/1/1) *show the sun was at an almost 90-degree angle on the given time and day around the Imphal East area, where Manipur Police had* [*reported*](https://scroll.in/latest/1063707/manipur-three-persons-killed-in-separate-incidents-amid-fresh-tensions-in-state) *firing between armed groups in Imphal East district a day earlier, around the same time.*

By breaking down the video into frames using InVID, a platform that contains a number of useful tools for analysing videos, we were able to identify the weapons, providing clearer imagery we could use to go back to reverse image tools on Google and Yandex, as well as the Small Arms Survey handbook.

We identified three weapons from the video:

The black rifle is most likely a pump-action shotgunAn [Indian 1A1 FAL](https://salute.co.in/the-indian-soldiers-rifle-a-march-through-time/) (Fusil automatique leger or a light machine rifle)And a 60mm grenade launcher
![](https://www.bellingcat.com/app/uploads/2025/08/Black-rifles_1_2_coll_ready.jpg)![](https://www.bellingcat.com/app/uploads/2025/08/black-rifle_handbook.jpg)*Images of a pump-action shotgun taken from the video (top left and right, source: Twitter/X) and an image from the Small Arms Survey handbook (bottom)*

The shape of the weapon held by the militant wearing the beanie cap and scarf in the same video matches an [Indian 1A1 FAL](https://salute.co.in/the-indian-soldiers-rifle-a-march-through-time/) (Fusil automatique leger or a light machine rifle), which has a distinctive long wooden handguard with multiple elongated ventilation holes.

“In India, the rifle was produced by the Ordnance Factory, Tiruchirappalli and was in service up to 1998, when it was replaced by the INSAS Rifle. Over a million units of the 7.62 mm SLR rifle have been produced by the OFB,” [wrote](https://salute.co.in/the-indian-soldiers-rifle-a-march-through-time/) (Retd) Major General Dhruv C Katoch, who previously served as the Director for Centre for Land Warfare Studies.

![](https://www.bellingcat.com/app/uploads/2025/08/Indian_collage_top.jpg)![](https://www.bellingcat.com/app/uploads/2025/08/Indian_search.jpg)*The Indian light machine rifle in the video (top left and right, source: X) and the search results from Yandex*

Also visible in the video is a 60mm mortar. The reverse image search on Google led us to a [file photo on Wikimedia](https://bs.m.wikipedia.org/wiki/Datoteka:60mm_mortar_round_being_launch_(crop).jpg) posted by the US Army, besides [this](https://x.com/jesusfroman/status/1707660309773578615) assessment by Jesus Roman, Editor of Revista Ejercitos.

![](https://www.bellingcat.com/app/uploads/2025/08/launcher_coll_ready.jpg)*The 60mm mortar from the video (top), the reverse image search results (bottom left) and the post by Jesus Roman, Editor of Revista Ejercitos (bottom right, credit:* [*X/jesusfroman*](https://x.com/jesusfroman/status/1707660309773578615)*)*

Munitions researcher and PhD candidate in War Studies at Kings College London, Andro Mathewson, described it as likely being a 60mm mortar. “It looks like one man is using the mortar tube, which is relatively unusual. Normally, it’s at least a two or three-man team. And the munition looks light green in colour with a sort of light metal-coloured fuse and light silvery tail fins,” he said. “It’s definitely a small calibre mortar, which is a mainstay in military forces. This appears to be military/official manufacture rather than improvised,” Matthewson told Bellingcat.

## **Which Groups Use the Weapons?**

From the data collected from 2023 and 2024, Bellingcat found that many rifles in the images display cloth wraps, improvised slings, aftermarket optics, even taped-on foregrips – likely hallmarks of an irregular militia rather than a formal, professional army.

The next step is to identify the various groups in the pictures. Analysing symbols is a good way to do that. For example, we know that the [Saipikhup is the traditional weave](https://www.e-pao.net/epGallery.asp?id=10&src=Arts_Dances%2FMutua_Bahadur%2FMBTribalFabrics_2012_6) of the Kukis. It symbolises heritage and identity and is often worn during important occasions. We also found images of Kuki militants wearing this handwoven shawl (*saipikhup*) belonging to the Thadou indigenous tribe.

![](https://www.bellingcat.com/app/uploads/2025/08/Saipikhup-combined_v2.jpg)*A group of militants wearing the shawl (left, credit: Facebook) and a Thadou couple in traditional Saipikhup and Khamtang dress (right, credit:* [*Wikimedia Commons*](https://commons.wikimedia.org/wiki/File:Thadou_dress.jpg)*)*

Their fatigues bear the insignia of the President faction of the Kuki National Front, which has been accused of attacking paramilitary security forces. Meanwhile, the same group in the image brandishes AK-pattern and INSAS rifles. These are both Indian police or military issues, matching reported looting from armouries. Several weapons in the image were also heavily customised or locally fabricated (painted, wrapped stocks, home-attached scopes), consistent with militia or irregular combatant practices.

Other images also offer clues.

The Kangleipak is a seven-colour flag usually brandished by the AT.

![](https://www.bellingcat.com/app/uploads/2025/08/Kangleipak_v2.jpg)*A group of militants with the traditional Kangleipak flag (source: Facebook) and the Kangleipak flag (bottom right, credit: Wikpedia/*[*Punshiba18*](https://commons.wikimedia.org/w/index.php?curid=58443602) *– Own work, CC BY-SA 4.0)*

Bellingcat also identified the AT’s commander-in-chief, Korounganba Khuman, in the photos and videos. He actively posts on his Facebook profile and has been widely covered by the local and national press.

![](https://www.bellingcat.com/app/uploads/2025/08/Korounganba-Khuman.jpg)*Arambai Tenggol commander-in-chief, Korounganba Khuman, sitting with a gun in his hand. Source: Facebook*

News outlets are also valuable sources of information. They might contain images of symbols such as flags, which you can then search for on social media. In one of the videos, we identified militants speaking Meitei Lon, a language used by Arambai Tenggol and militant groups like the UNLF, preparing to fire a rocket from a rooftop launcher. Their fatigues bore an insignia that we matched to the UNLF armed group using reverse image search, which led us to a news [story](https://indianexpress.com/article/india/india-news-india/in-frame-inner-line-permit-campaigner-with-militant-flag/) featuring the group’s flag as the lead image.

![](https://www.bellingcat.com/app/uploads/2025/08/Flag-collage_v2.jpg)*A report by* [*The Indian Express*](https://indianexpress.com/article/india/india-news-india/in-frame-inner-line-permit-campaigner-with-militant-flag/)*, including the militant flag (top right), the same flag seen on the uniform of a man preparing to fire a rocket from a rooftop (left corner and centre image)*

Praveen Donthi, a senior analyst with the [Crisis Group](https://www.crisisgroup.org/asia/south-asia/india/346-finding-way-out-festering-conflict-indias-manipur) who visited Manipur last year during elections, told Bellingcat that though he hadn’t seen arms on any of the aforementioned Kuki Zo militant groups, he had seen INSAS rifles, automatics and double-barrel guns being wielded by several young men in the Imphal valley.

“I saw these young men who must have been in their early teens to early twenties when I’d gone to meet Meitei Leepun [a Hindu right-wing activist group] first wielding what looked like state-issued weapons,” he said. “Then later, they replaced it with double-barreled guns. But their leader [Pramot Singh] was openly carrying a pistol in his holster when he came to meet me,” Donthi explained.

Donthi, a former journalist who has reported from conflict zones in Kashmir and Chhattisgarh in India, said he was struck by the young men who were heavily armed in a volatile environment without any evident goal or political ideology guiding them.

## **Weapons Looted: Where Did They End Up?**

When investigating conflicts, identifying the origin of weapons is one of the most difficult tasks, particularly in regions plagued by misinformation or a lack of reliable data. This is the case in Manipur.

Of the 6,000 firearms and ammunition looted from state police armouries mentioned earlier, about half of the weapons have been recovered to date. Around 1,200 matched serial numbers from official inventories, according to [reports](https://www.thehindu.com/news/national/2681-weapons-recovered-in-manipur-of-which-only-1200-were-looted-from-police-armouries-security-adviser/article68665551.ece). Of the weapons recovered, approximately 800 sophisticated ones likely originated outside the state, and 600 were crude, locally produced firearms.

## Subscribe to the Bellingcat newsletter

Subscribe to our newsletter for first access to our published content and events that our staff and contributors are involved with, including interviews and training workshops.

The largest surrender of weapons took place in February and March when more than 1000 weapons were reportedly surrendered, with more than half from the Meitei-dominated valley districts, where a majority of the weapons were looted. The largest cache was surrendered on Febr. 27 by the Arambai Tenggol (AT). However, the state police is yet to complete categorising the details of the weapons and ammunition surrendered between Febr. 20 and March 6 against the inventory of weapons looted from the state armouries.

Bellingcat requested official data from the Manipur police on surrendered weapons matched against serial numbers from official inventories, but had received no response by the time of publication.

Instead, we decided to see what we could find by using open sources. First, we scraped the state police force’s official X profile ([@manipur\_police](https://x.com/manipur_police)) from Sept. 10, 2023, until June 14, 2025. We did it manually and using Meltwater – a social media monitoring tool.

Our analysis of the police’s posts suggests that of those looted, six AK-47 rifles, 21 SLRs, 13 .303-calibre rifles, 16 INSAS rifles, 15 carbines, and 44 pistols were recovered during that time period. Data analysis from the past two years shows that, altogether, blank rounds, cartridges, ammunition, live rounds and empty cases make up the majority of recoveries.

Before analysing the data, we dug deeper into media reports, experts’ posts and research to understand what was being used locally. In the Manipur case, recovered firearms include locally manufactured bolt-action rifles, improvised mortars and weapons such as the “Pumpi” – a gun made from repurposed metallic electric poles. These are especially common in the hill areas where the Kuki Zo people live.

![](https://www.bellingcat.com/app/uploads/2025/08/Pumpi-1200x924.jpeg)*A “Pumpi” presented by the Manipur police in February 2024 (Credit:* [*X/@manipur\_police*](https://x.com/manipur_police/status/1759104788674023684)*)*

The heavy reliance on grenades and improvised explosives is consistent with the guerrilla-style, asymmetric engagements – hit-and-fades, booby-traps, and area denial – rather than large-scale firefights. The presence of multiple improvised munitions types reflects local workshops or village-level bomb-making, likely to supplement limited access to military-grade ordinance, consistent with media reporting on the same (see [here](https://www.forumarmstrade.org/blog/manipurs-pumpi-guns-why-should-we-care-about-them) and [here](https://www.aljazeera.com/features/2025/3/6/bombs-in-every-house-why-peace-is-elusive-in-indias-manipur)).

## **Claims Over Weaponised Drones**

In September last year, Indian media reported villagers in the valley district witnessing drones allegedly dropping as many as [50 bombs](https://theprint.in/india/it-rained-bombs-for-3-hrs-in-a-manipur-village-drones-made-sorties-dropped-over-50-bombs/2266102/). Kuki Zo village volunteers and insurgent groups were reported to have set up bunkers in the hills, much like their Meitei counterparts in the valley.

These claims were supported by a Manipur Police [statement](https://www.thehindu.com/news/national/manipur/woman-killed-daughter-injured-in-firing-in-manipur-by-suspected-militants/article68593169.ece). The central counter terrorism law enforcement authority, the [National Investigating Agency](https://www.india.gov.in/official-website-national-investigation-agency), which filed a case alleging weaponised drone attacks, told the Manipur High Court that Kuki militants dropped [40 drone bombs](https://www.news18.com/india/over-40-drone-bombs-dropped-by-kuki-terrorists-in-september-2024-manipur-attack-nia-tells-court-9238383.html).

A source in the Defence Ministry told Indian news site [The Print](https://theprint.in/defence/army-finds-no-evidence-of-drones-dropping-bombs-in-manipur/2266150/) that the drone videos circulating online were from either [Myanmar](https://theprint.in/india/pti-fact-check-clips-of-helicopter-downing-drone-attack-in-myanmar-falsely-shared-as-from-manipur/2270251/) or Palestine. Many of the videos showed fertiliser drones, but these were deployed by the People’s Defence Forces in Myanmar, they added.

## How Do You Investigate Potential Drone Usage With Open Source Tools?

The Manipur Police posted an image of a [drone](https://x.com/manipur_police/status/1830653914250990048) recovered in the Kangpokpi District, a day after the first set of attacks.

![](https://www.bellingcat.com/app/uploads/2025/08/drone.jpg)*The drone recovered in the Kangpokpi District (Credit:* [*X/manipur\_police*](https://x.com/manipur_police/status/1830653914250990048)*)*

The first step is to identify the possible drone type. The easiest way is by using Google’s reverse image search engine. We identified the drone as commercial-grade, weighing approximately 181g. The carbon fibre lightweight drones, built for speed and agility with a payload capacity of up to 1.5kg, are widely available on the internet. Security sources told [The Print](https://theprint.in/india/it-rained-bombs-for-3-hrs-in-a-manipur-village-drones-made-sorties-dropped-over-50-bombs/2266102/) that the bombs weighed 300-400g and were nine to 10 inches (23 to 25cm) in size.

![](https://www.bellingcat.com/app/uploads/2025/08/image15.jpg)*Reverse search on Google Images*

After establishing the possible drone type, we can also examine the reported impact sites. Since we only have [images](https://theprint.in/india/it-rained-bombs-for-3-hrs-in-a-manipur-village-drones-made-sorties-dropped-over-50-bombs/2266102/) of the attack sites shown in the media, we asked Andro Mathewson, a reputed munitions researcher and explosives expert completing his doctoral studies on weaponised drones in smaller conflicts at King’s College London, for help.

He told Bellingcat that in this situation, “the payload is probably quite small. So the damage won’t be extensive”.

“Some of the images that are shared in The Print report,” added Mathewson, “obviously show a lot of destruction, but a lot of it seems to be sort of secondary destruction from fires rather than from explosions itself”.

Nothing was visible that could specifically determine if drones were used to deploy munitions. The damage from a smaller payload like 400-600g of a grenade would not exceed more than 20 to 30m, according to Mathewson, adding that larger or heavier payloads are not typically seen among non-professional militaries.

![](https://www.bellingcat.com/app/uploads/2025/08/image12-1200x850.jpg)*Screengrab from a BBC report on drone attacks in Manipur. Source:* [*BBC News India*](https://www.youtube.com/watch?v=O6nFDNkAXA4).

The next step is to find out if the munitions have been adapted for drone deployment. Mathewson told Bellingcat that photos of drone parts published by the media were not consistent with munitions deployed by drones. Bellingcat was not able to independently confirm the source or authenticity of these photos.

“That shrapnel looks large, very thick, and very heavy, which is more consistent with larger artillery rounds or even small missiles,” he said. He also noted that the printed fin “looks quite small”.

“Fins made out of plastic are not likely to be attached to a much larger munition that’s produced that type of shrapnel,” he told Bellingcat, saying that “from the scale that we can get in those images, those don’t seem to add up to me”.

![](https://www.bellingcat.com/app/uploads/2025/08/image14-800x1200.jpg)*Drone parts published in local media outlets, circulating on Facebook.*

For future reference, when we asked Mathewson what to look out for to confirm the use of weaponised drones, he suggested two things. One would be to see and verify videos of drone strikes, either shot by other drones or on phones – something that is conspicuously missing from Manipur despite the authorities’ claims that there have been drone strikes, although there is plenty of online footage of other sophisticated weapons used there. Secondly, Mathewson also said it was worth looking out for 3D-printed munition parts, such as 3D-printed fins that are attached to conventional weapons.

“That’s not necessarily a guarantee, but it’s most closely associated with [modified drones] because the only reason you would attach fins to a grenade, for example, is to make them be dropped from drones,” he added.

*Additional reporting by Douminlien Haokip.*

Pooja Chaudhuri, Claire Press and Gyula Csák contributed to this report for Bellingcat.

*Bellingcat is a non-profit and the ability to carry out our work is dependent on the kind support of individual donors. If you would like to support our work, you can do so* [*here*](https://www.bellingcat.com/donate/)*. You can also subscribe to our Patreon channel* [*here*](https://www.patreon.com/bellingcat)*. Subscribe to our* [*Newsletter*](https://bellingcat.us14.list-manage.com/subscribe/post?u=c435f53a5568f7951404c8a38&id=4be345b082) *and follow us on Twitter* [*here*](https://twitter.com/bellingcat) *and Mastodon* [*here*](https://mstdn.social/@Bellingcat)*.*

The post [<strong>A Guide To Monitoring Conflict Amidst a Sea of Misinformation</strong>](https://www.bellingcat.com/news/rest-of-world/2025/09/01/a-guide-to-monitoring-conflict-amidst-a-sea-of-misinformation/) appeared first on [bellingcat](https://www.bellingcat.com/).

---

*From [bellingcat](https://www.bellingcat.com/) via [this RSS feed](https://www.bellingcat.com/feed/)*",2025-09-01T12:43:21.482855+00:00,2.0,en,Google Photos search,2026-09-23T18:19:00.832208+00:00,possibly_relevant,"Discusses Google Photos search capabilities, Ask Photos, AI search algorithms, or photo organization, but evidence on vague personal retrieval is partial or high-level.","travel, person_family, screenshot, school","person, place, approximate_time, object, visual_appearance, surrounding_circumstances",,keyword_search,,unknown,,,found_successfully,"For verification, we ran screenshots of images of the weapons without visible serial numbers or other markings first through reverse image searches on Google and Yandex.",direct
social_media_43919208,social_media,lemmy_social,43919208,https://lemmy.durstig.online/post/10709,AI AGENTS today are far more DANGEROUS that you think,eifachposte,"AI AGENTS today are far more DANGEROUS that you think
[Original Reddit post](https://www.reddit.com/r/ArtificialInteligence/comments/1rmdiu3/ai_agents_today_are_far_more_dangerous_that_you/)

I know it's a long post, but I think this is something AI industry needs to talk about more. but would love to hear the opinion from everyone
Real quick, so I built a multi-agent AI system that has root shell access to any Linux environment, this one I chose under Kali Linux, made it run offensive recon and OSINT tools.
So, Each agent controls its own terminal session, decides what to execute, and passes findings to other agents through shared persistent memory. They operate in parallel and re-task each other in real time based on what comes back... anyway, they can parallel execute with multiple tools and commands at once, that's how it managed everything +- 15 minutes..
I pointed it at myself first. Then a friend volunteered
I gave it my name and one old username, that's it. Same goes to friends's name, username... First it wrote a plan, tasks and subtasks, then spawned 9 agents and in each their subagents. Before it even touched social media. It started with public records
Public records are the part nobody talks about
Agent went through Whitepages, Spokeo, BeenVerified, ThatsThem, FastPeopleSearch, and Pipl. Mixed with platforms that aggregate voter registration databases, property tax records, court filings, business registrations, and data broker lists. Within seconds it had current and previous addresses going back about ten years, phone numbers tied to my name, age range, and a list of probable relatives with their names and ages (ALL THIS WITH BROWSER USE)
Then it ran my phone number through PhoneInfoga which pulls carrier info, line type, and checks the number against public directories and social platforms that allow phone-based lookups. It found two additional platforms where my number was linked to an account I forgot existed
It took the addresses and went straight to government portals. Well it didn't found much about me, cause there's nothing much to find.. BUT for friend, it found County assessor public database for property tax records, pulled assessed value, square footage, lot size, year built, year purchased. County recorder for transaction history including mortgage lender names and sale prices. All public, all sitting on a .gov website anyone can access with a name
State Secretary of State online database for business filings. Found an old LLC he forgot he registered. The filing had his full name, address at the time, and registered agent info. It checked PACER for federal court records, county clerk for state court records, local municipal court for traffic citations. It ran through state professional licensing boards, FCC ULS database for amateur radio licenses, FAA registry, SEC EDGAR, USPTO patent search. Each one that hit was precise and confirmed details from other sources
As for Voter registration lookup pulled my full name and address, as for friend full name and address and voting history by election date (I'm not from US). In most US states this is public record, I mean not the vote itself, but voting history. The system now had confirmed residency, no political affiliation yet, YET but a timeline of civic participation without touching a single social media account
Then it did the relatives play. Took the names of probable family members from, ran each one through the same pipeline. Found property records for his parents. Cross-referenced their address against school district boundaries using public GIS data from the county planning department website and identified my probable high school.
Then it ran our emails, which it found later in GitHub commit metadata, through holehe which checks dozens of platforms to see if an email has a registered account. Came back with a list of services I'm signed up for including some I haven't used in years. Ran the same email through h8mail and Have I Been Pwned for breach enumeration. HIBP showed which data breaches that. email appeared in, which told the system what services I've used even if the accounts are deleted. That breach list became a target checklist for other agents
It also ran the email through GHunt for Google account intelligence. If someone's Google account has public reviews, calendar events, or Maps contributions, GHunt pulls them. Mine had some old Google Maps reviews that included places I've been and approximate dates
At this point the system hadn't opened a single social media profile yet and it already had our home address confirmed through property records, previous addresses, phone numbers, family members' names and addresses (mostly correct), my childhood home address, high school, university, degree, a student organization, an old business entity, voter registration, property values, mortgage details, a list of online accounts from breach data, and Google Maps location history from reviews
That took about seven minutes
Okay now Social media is where it gets personal
On LinkedIn (Using Browser Use and Other framework for browser agent) walked my entire public activity. Not my profile, my behavior. Every post I've liked, every comment, every endorsement given and received. It used recon-ng with LinkedIn modules to pull structured data and then ran spiderfoot for automated cross-correlation against the data it already had from public records, scraped most of data with crawl4ai
Scraped every recommendation I've given and received and ran entity extraction. People write recommendations casually and mention project names, internal tools, client names, specific accomplishments. The system treated every recommendation as a semi-structured intelligence document and pulled details that don't appear in any job listing
On X it ran snscrape in full archive mode for every tweet of my friend (I don't use X), every reply, quote ftweet, and like back to account creation. Also ran Twint to catch historical data snscrape sometimes misses and to grab cached follower snapshots from different time periods. Compared my current following list against older snapshots to identify accounts I recently followed, flagged those as new interests or new relationships
Timing analysis built an hourly heatmap by day of week. Identified behavioral phases: mornings are original posts, lunch is passive engagement, late night is personal replies. Used transition points to estimate work hours, breaks, and sleep schedule
The likes were the worst part. Public by default. It categorized every like by topic, tone, and community with percentage breakdowns. The gap between what he posts and what he likes is significant. It flagged like-clusters, periods where he liked fifteen tweets in two minutes from the same niche, and mapped specific rabbit holes I went down on specific nights.
Reply graph got sentiment analysis across every thread. Mapped relationships by emotional tone. Who he's supportive with versus who he argues with versus who he talks to like an actual friend. Cross-referenced the ""actual friend"" tier against Instagram close followers. Near-perfect overlap. Validated a private social circle from two independent behavioral signals on different platforms
On Instagram it went through of course with instagrapi. The public web interface returns almost nothing useful now so this is the only way to get real data from a public profile
So what it did first was - getting Full following/followers list categorized through multiple layers, for example: if there were accounts from following and followers in common, it flagged with higher interest accounts, as they most possibly have relationship with users (us). In this case it spawns another subagents to investigate their accounts as well, but I stopped that... Anyway, Restaurants geolocated via Google Places matching and clustered by neighborhood with recency weighting. It separated lunch-near-work clusters from dinner-near-home clusters by restaurant type and price point. That alone triangulated work and home neighborhoods without a single location tag and the result matched the address the system already had from property records. Independent confirmation from completely different source types Fitness accounts analyzed for specific training methodology, equipment brands, athlete types. Correlated with gym account tagged locations and estimated which facility I likely use
Now, as for Story highlights got treated like passive surveillance. So, what happens when system gets a photo or a video, it does model routing to Gemini model, Pro 3.1, cause it's the best at determining coordinates from photo or video, without tag, no need to have an location tag of course... Pulled from every story for a three-year travel timeline with hotel names and specific venues. It can run the same image and video analysis on highlight content where locations weren't tagged, identified recurring kitchen or home backgrounds in some stories, it can match visible fixtures from your common contacts in Instagram, IF YOU GIVE GREEN LIGHT TO CHECK THEIR ACCOUNTS, as well which I don't usually :) but it can go to their stories, highlights and find whether there is possibly a same place where you've been, in that way it determines whether you've been together. Then it Generates a confidence score on every story (Location, time, occasion, people around, etc..)
Tagged photos from other people. Pulled every public tag, ran facial co-occurrence to map who I'm photographed with most frequently, when, and where. Cross-referenced against followers and LinkedIn connections. Segmented social life into clusters and identified a hobby community from visual context in tagged photos before finding any other evidence of it
It ran social-analyzer across my identified usernames to check 300+ additional platforms for matching accounts and profile data that sherlock and maigret might have returned as uncertain matches. Cross-referenced results against the confirmed identity signals to filter false positives with much higher accuracy than username matching alone
Follower-following asymmetry analysis built a reciprocity score for every connection using like frequency, comment frequency, story replies, and tagged photo co-occurrence. Top fifteen by reciprocity score were almost exactly my closest friends. Behavioral math on public interactions, no private data needed
On Facebook my friends list is private, posts are friends-only, I don't post there at all, but as for friend It got in through the side doors. Event RSVPs going back years. Meetups, conferences, local events with public attendee lists. Cross-referenced attendees against Instagram followers and LinkedIn connections to find people in my life across three platforms. Triple-platform intersection is a strong real-world relationship signal
Marketplace listings. General location on each one. But beyond location it looked at what he sold and when. Furniture cluster in a short window aligned with a LinkedIn job change. It inferred a city move from Marketplace timing
Old group memberships I never left. One niche interest group with 200 members that says more about me than my entire profile. I was posting some things there..
Tagged photos from friends with public profiles. Pulled twelve photos across four accounts where I'm visible. Birthday dinners, group trips. I didn't post them, didn't know most were public. Three had location data matching restaurants already flagged from Instagram
It also went through friends' public check-in histories. Cross-referenced check-in times with photos where I'm tagged on the same dates.
For Reddit it didn't have a username to start with, I mean yeah there is on the same username an account in reddit but I deleted lot of posts, also I have several accounts... It used the writing style analysis approach, ran my X posts through a stylometric fingerprint that measures sentence structure, vocabulary distribution, punctuation habits, and topic patterns. Then it queried Reddit through pushshift archives looking for accounts with matching behavioral signatures in subreddits related to interests it had already identified. Found a match above its confidence threshold. Verified through timezone consistency in posting patterns and topic overlap with confirmed interests from other platforms
That Reddit account opened a whole new layer. Subreddit participation mapped interests in fine detail. Comments in personal finance subs revealed life stage and financial thinking..
So, The combined output was devastating
Full name, date of birth, addresses from public posts, home address from property records confirmed by six independent signals, previous addresses, family members with their addresses and social profiles, childhood home, high school, university, degree, student organizations, professional trajectory with team-level detail, salary range from title matching, active job search with target company and likely roles and probable referral source, daily routine from cross-platform timing analysis, real social circle identified through behavioral math not friend lists, travel history for three years with specific hotels and venues, private interests assembled from Instagram follows and Reddit participation and Facebook groups and X likes, economic behavior from restaurant tier analysis and travel patterns, fitness routine, specific places he frequents confirmed through friends' check-ins, the six-block radius where he lives, and a writing style fingerprint linking accounts across platforms that share no username and no visible connection
From just a name and one username. In twenty-three minutes
Note also that system has persistent memory, it means that it can save into vector DB+Graphs and write down structured infromation into markdown files for future retrieval and saves into state files, so all the facts, decisions, milestones, turn summaries are saved into episodic memory and vectordb and graph memory is semantic + relational memory in other words associative connected memory.
so, The system remembered every dead end and every confirmed node. So, the next chat session it didn't start over. Went straight to unexplored branches..
The toolchain is everything you'd find in a Kali environment plus some additions the agents installed themselves during runs: sherlock, maigret, social-analyzer for cross-platform enumeration. snscrape, Twint for Twitter extraction. instagrapi for Instagram's mobile API. Playwright with headless Chromium for any JavaScript-rendered or authenticated web surface. recon-ng and spiderfoot for automated OSINT framework correlation. theHarvester for email and domain intelligence. PhoneInfoga for phone number OSINT. holehe for email-to-account mapping. GHunt for Google account intelligence. h8mail and Have I Been Pwned integration for breach data. Metagoofil and exiftool for document and image metadata extraction. amass, subfinder, dnsx, httpx for infrastructure and DNS. waybackurls, gau, katana for historical URL recovery and crawling. nmap and whatweb for service fingerprinting. whois for registration data. Shodan and Censys for infrastructure exposure and certificate analysis. Plus direct queries against Whitepages, Spokeo, BeenVerified, ThatsThem, TruePeopleSearch, FastPeopleSearch, Pipl, Hunter.io, Snov.io, Dehashed, Gravatar, PGP keyservers, PACER, county assessor and recorder portals, Secretary of State databases, voter registration lookups, USPTO, SEC EDGAR, FCC ULS, FAA registry, state licensing boards, Classmates.com, university alumni directories, and Google Patents
But listing tools is missing the point. The point is what happens when agents run dozens of them simultaneously, every result feeding into shared persistent memory, while an orchestration layer continuously decides what to chase, what to cross-validate from an independent source, what to test adversarially, and what to kill. One agent surfaces a weak signal. Another corroborates from a different platform. A third checks against public records. A fourth validates timing. A fifth actively tries to disprove the connection. If it survives all five it enters the graph. If it doesn't it gets killed and every agent immediately stops spending cycles on that branch
And everything persists. Next time the system touches that person it already knows what's real, what's noise, and where to dig deeper cause all the information about person is saved into structured database with metadata and the database is multimodal, which means that it can save photos of people and recognize by photo.
I have my accounts private everywhere, just made public for this test. First time when I tested I went and cleared my Facebook events, deleted old groups, and removed ancient tweets. We both know it's nowhere close to enough because half the exposure came from other people's accounts we can't control, the public records layer has no privacy setting, and the breach data layer never forgets
Everyone reading this has this surface and it's bigger than you think. You've been leaving fragments for years across platforms, government databases, other people's photo albums, document metadata, breach dumps, and public records you didn't know existed. A restaurant follow, a like at 2am, a tagged photo from someone else's birthday, your mother's Facebook post, a Marketplace listing, a voter registration, a property record, a yearbook entry, an old Google Maps review
They mean nothing alone
Something that holds all of them in memory at the same time and knows which questions to ask sees your entire life assembled from pieces you never thought of as connected
But here's the part that actually kept me up
Neither of us has ever had our voice leaked anywhere online. No podcast, no YouTube, no voice message on a public platform. Doesn't matter
The system has our photos from tagged posts and public profiles. It has our full names, dates of birth, home addresses, employer details, daily routines, social circles, interests, writing styles, personality profiles built from behavioral analysis across platforms
With that dataset an agent can hit the MiniMax API for voice cloning. MiniMax doesn't require voice verification, doesn't need a voice sample from the target to verify if it's actually his as elevenlabs does, it generates a realistic synthetic voice from text parameters. So now your OSINT dossier has a voice attached. It can generate photos through image models like Nano Banana Pro or Flux, that produce output indistinguishable from a real photograph, different poses, different settings, different lighting, your face doing things you never did in places you never went. Not deepfake video, not uncanny valley garbage, actual photorealistic stills that nobody without forensic tools is questioning and create videos of you with seedance or grok imagine
So think about what a complete autonomous pipeline looks like. An AI system scrapes your entire public life in fifteen minutes. Builds a dossier that includes your address, your family, your routine, your personality, your interests, your writing style. Then generates a synthetic voice and realistic photos of you. Then writes messages in your writing style because it's already done stylometric analysis across every platform you've ever posted on
That's not science fiction. Every piece of that exists right now and works right now
And people have no idea because right now the average person thinks ""AI agent"" means some cute little lobster bot that checks your email in the morning and pulls a few tweets for a summary. A toy. Something that makes your coffee order easier. That's what the marketing says and that's what people believe
That's not what this is
If you give an AI agents real autonomy on a Linux operating system, not through Claude or GPT or any model with strict guardrails, but through a local uncensored model running on actual hardware with actual shell access, it can do everything I just described and more. And the person on the other end won't know it's happening until the damage is done
This is where I need to talk about something that a lot of people in this space are using without understanding what they're exposing themselves to
Thousands of people are running it on their personal laptops, VPS, Mac Mini right now. They're giving it access to their browser, their files, their email, their calendars, their repos, their chat apps. They think it's a productivity tool
Here's what's actually happening
Lobster bot control plane runs on a websocket, port 18789 by default. If that port is exposed, and for a lot of home setups it is, anyone who can reach it can control the agent. Not hack into it. Just talk to it. Through the interface that's already open. The project's own documentation warns about this and recommends binding to localhost only with VPN or SSH tunnel for remote access. How many people running it on their home network do you think actually did that
The trust model assumes one trusted operator controlling many agents. It is not built for multi-user or zero-trust environments. So if you're running it on a machine that other people or other software can access, the security model doesn't cover you
The real risk is ordinary blast-radius problems that security researchers keep flagging and users keep ignoring. A compromised or malicious extension, plugin, or dependency can use
the agent's existing permissions to read files, browser sessions, API keys, chat history, synced app data, password manager sessions, SSH keys, cloud credentials, and anything else on that machine.
Think about what's on your laptop right now. Browser cookies that are logged into your bank, your email, your work accounts. SSH keys. Cloud tokens. Saved passwords. Message history.
API keys in .env files. If lobster is running on that machine with filesystem and browser access, all of that is inside its permission boundary. One compromised plugin. One malicious
dependency in a supply chain update. One exposed port on your home network. And everything the agent can read is now exposed
The practical data theft path isn't mystery hacker stuff. It's:
An exposed control plane lets an attacker issue commands through permissions the agent already has
A malicious extension reads files, browser sessions, tokens, keys, and chat history using access the user already granted
The agent is running on a daily-use machine next to the most valuable digital assets the person owns
Everything the agent can see is everything an attacker now gets
If you're running any agent framework with real system access, and I'm not just talking about some lobster bot, I mean anything that has shell access and browser access on a machine you actually use, here's the minimum:
Run it in a dedicated VM or a separate machine. Not your daily laptop. Not your work computer. A separate isolated environment
Never expose the control interface to anything beyond localhost. VPN or SSH tunnel only for remote access. No exceptions
Give it fresh least-privilege credentials. Not your real browser profile. Not your personal email. Not your main cloud account. A separate set of throwaway creds with minimum
necessary permissions
As it uses instead of custom built tools, some skills from mostly unknown provider, Treat every skill integration, and dependency as attack surface. Because it is
Assume anything the agent can read will eventually be exposed if the instance is compromised and scope permissions accordingly
Yeah and obviously NEVER EXPOSE YOUR COMPANY INFORMATION, no matter if it's VPS, Mac mini or whatever..
This is what I mean when I say people don't understand what's happening yet. They think AI agents are a convenience layer. A lobster bot. A morning briefing tool. Something fun
They are not fun, if it was safe or any useful, why do you think Anthropic wanted nothing to do with this tool
It's OpenAI who leaned heavily into the hype around it rather than substance and didn't cared much about it anyway that developer just vibe code and never had experience with AI production infrastructure, security reviews, or small or large scale AI systems
Real AI Agents are autonomous software with system-level access that can read everything you have, can act as you, and operate continuously without supervision. When used by someone who knows what they're doing for legitimate purposes, like the OSINT work I described above, they're powerful. When used carelessly on a personal machine with default settings, they're a breach waiting to happen. And when used by someone with bad intentions running a local model with no guardrails on a machine with nothing to lose, pointed at a target whose entire public surface is fifteen minutes away from being fully mapped
That's not a productivity tool. That's a weapon that most people are either ignoring or actively installing on the same computer where they do their banking and now I know that even without my voice ever being recorded, a system with my photos and my behavioral profile can generate a synthetic version of me convincing enough to fool most people who know me
Everyone reading this has this surface. It's bigger than you think and you have less control over it than you believe
The gap between ""technically possible"" and ""runs autonomously in fifteen minutes"" closed a while ago
Most people just haven't noticed yet
submitted by
/u/Kakachia777

Originally posted by u/Kakachia777 on r/ArtificialInteligence",2026-03-06T13:08:53.966976+00:00,1.0,en,Google Photos search,2026-09-23T18:19:00.832254+00:00,possibly_relevant,"Discusses Google Photos search capabilities, Ask Photos, AI search algorithms, or photo organization, but evidence on vague personal retrieval is partial or high-level.","travel, person_family, food_restaurant, school, home_location, event","person, place, event, activity, visual_appearance, who_with, surrounding_circumstances",,"keyword_search, Ask_Google_Photos, natural_language_search, timeline_scrolling, manual_browsing, album_browsing",,unknown,,,unknown,"Segmented social life into clusters and identified a hobby community from visual context in tagged photos before finding any other evidence of it
It ran social-analyzer across my",direct
social_media_34445755,social_media,lemmy_social,34445755,https://ibbit.at/post/27038,LLMs vs. Geolocation: GPT-5 performs worse than other AI models,rss,"LLMs vs. Geolocation: GPT-5 performs worse than other AI models
In June, [Bellingcat ran 500 geolocation tests](https://www.bellingcat.com/resources/how-tos/2025/06/06/have-llms-finally-mastered-geolocation/), comparing LLMs from various companies against each other, as well as Google Lens – a staple tool for finding the location of photos.

At the time, ChatGPT o4-mini-high emerged as the clear winner, with Google Lens outperforming most other models. Just two months later, with new versions of these AI tools available, we re-ran the trial – this time including Google “AI Mode,” GPT-5, GPT-5 Thinking, and Grok 4 into the mix.

![](https://www.bellingcat.com/app/uploads/2025/08/Untitled-design-1-1200x675.jpg)*These five photos were excluded from our most recent trial as they were published in our [previous article](https://www.bellingcat.com/resources/how-tos/2025/06/06/have-llms-finally-mastered-geolocation/).*

The [original test](https://www.bellingcat.com/resources/how-tos/2025/06/06/have-llms-finally-mastered-geolocation/) used 25 of Bellingcat’s own holiday photos. From cities to remote countryside, the images included scenes both with and without recognisable features – such as roads, signage, mountains, or architecture. Images were sourced from every continent.

For the updated trial, five test photos were excluded, as they had appeared in a previous article, thus compromising the integrity of the results.

All 24 models’ responses were ranked on a scale from 0 to 10, with 10 indicating an accurate and specific identification (such as a neighbourhood, trail, or landmark) and 0 indicating no attempt to identify the location at all.

![chart visualization](https://public.flourish.studio/visualisation/24646406/thumbnail)

Google AI Mode was shown to be the most capable geolocation tool overall.

Grok 4 gave both better and worse answers compared to Grok 3 but, on average, scored marginally higher. However, it was still less accurate than older versions of Gemini and GPT.

GPT-5, even in ‘Thinking’ and ‘Pro’ modes, was a considerable downgrade when compared with the capabilities demonstrated by GPT o4-mini-high. In one example, of a city street with skyscrapers in the background, o4-mini-high correctly identified the street, while GPT-5 in Thinking mode pointed to the wrong country.

![](https://www.bellingcat.com/app/uploads/2025/05/question-mark.png)

## Support Bellingcat

Your donations directly contribute to our ability to publish groundbreaking investigations and uncover wrongdoing around the world.

[Donate](https://bellingcat.com/donate)

Despite delivering faster answers, GPT-5 appeared to sacrifice accuracy. A surprising number of errors and a general sense of disappointment in the new model have also been [reported by other users](https://www.wired.com/story/openai-gpt-5-backlash-sam-altman/).

Bellingcat tested GPT-5 and its ‘Thinking’ mode via the Plus subscription, which costs roughly the same as access to 04-mini-high prior to its retirement. Five of the most difficult test images were also run through GPT-5 Pro. But even Pro, with a premium price tag of €200 per month, failed to geolocate the photos any more accurately than GPT 04-mini-high.

## **A Beach, a Hotel and a Ferris Wheel**

The disparity between Google and the GPT models became even more apparent in Test 25 – a photo of a shoreline hotel in Noordwijk, the Netherlands, with a Ferris wheel rising just beyond the dunes.

![](https://www.bellingcat.com/app/uploads/2025/08/test25-1200x904.jpg)*Test 25: A photo of Noordwijk beach in the Netherlands. Credit: Bellingcat*.

In the previous trial, most older models – including those from GPT, Claude, Gemini and Grok – accurately identified the country as the Netherlands but failed to locate the town. Many latched onto the Ferris wheel but pointed instead to the seaside town of Scheveningen, which also has a Ferris wheel, though situated on a pier, not among the sand dunes.

However, the most recent models, GPT-5 Pro and Thinking, were even less accurate, identifying a beach in France – an entirely different country.

Unfortunately for open source researchers, following the release of GPT-5, OpenAI removed the option to select older models such as o4-mini-high. After a wave of negative feedback, OpenAI reinstated GPT-4o as the default model for paid subscribers. However, the most capable geolocation models identified in Bellingcat’s testing remain inaccessible.

Google AI Mode, on the other hand, was the first, and only model so far, to correctly identify Noordwijk as the location in Test 25.

Though AI Mode is powered by a version of Gemini 2.5, it outperformed Gemini 2.5 Pro Deep Research in these tests. [Described by Google](https://blog.google/products/search/google-search-ai-mode-update/#ai-mode-search) as its “most powerful AI search, with more advanced reasoning and multimodality,” AI Mode geolocated test images with greater accuracy than any GPT models, including our previous winner, o4-mini-high.

[AI Mode is currently only available](https://blog.google/around-the-globe/google-europe/united-kingdom/ai-mode-search-uk/) in India, United Kingdom and the United States.

![](https://www.bellingcat.com/app/uploads/2025/08/Screenshot-2025-08-14-at-11.05.24.jpg)*Credit: Google*.

The majority of models, at some point, returned a hallucination. Users should not rely solely on the answers provided by LLMs. Even the best options, including Google AI Mode, still, at times, confidently point to the wrong location.

The difference in models’ capabilities compared with just two months ago shows how quickly this field is evolving. However, OpenAI’s recent changes also suggest that progress is not guaranteed, and that AI’s ability to geolocate may plateau or even worsen over time. As new models emerge, Bellingcat will continue to test them.

*Thanks to Nathan Patin for contributing to the original benchmark tests.*

*Bellingcat is a non-profit and the ability to carry out our work is dependent on the kind support of individual donors. If you would like to support our work, you can do so*[*here*](https://www.bellingcat.com/donate/)*. You can also subscribe to our Patreon channel*[*here*](https://www.patreon.com/bellingcat)*. Subscribe to our*[*Newsletter*](https://bellingcat.us14.list-manage.com/subscribe/post?u=c435f53a5568f7951404c8a38&id=4be345b082)*and follow us on Bluesky*[*here*](https://bsky.app/profile/bellingcat.com)*and Instagram [here](https://www.instagram.com/bellingcatofficial/).*

The post [LLMs vs. Geolocation: GPT-5 performs worse than other AI models](https://www.bellingcat.com/resources/2025/08/14/llms-vs-geolocation-gpt-5-performs-worse-than-other-ai-models/) appeared first on [bellingcat](https://www.bellingcat.com/).

---

*From [bellingcat](https://www.bellingcat.com/) via [this RSS feed](https://www.bellingcat.com/feed/)*",2025-08-14T17:05:16.777460+00:00,1.0,en,Google Photos search,2026-09-23T18:19:00.832302+00:00,possibly_relevant,"Discusses Google Photos search capabilities, Ask Photos, AI search algorithms, or photo organization, but evidence on vague personal retrieval is partial or high-level.","travel, screenshot, shopping_product","place, approximate_time, surrounding_circumstances",,"keyword_search, Ask_Google_Photos, natural_language_search, Google_Lens",,unknown,,,unknown,"Geolocation: GPT-5 performs worse than other AI models
In June, [Bellingcat ran 500 geolocation",direct
social_media_32116011,social_media,lemmy_social,32116011,https://rss.ponder.cat/post/217159,Google’s Doppl app took off my socks,bot,"Google’s Doppl app took off my socks
![An image showing the Doppl app.](https://platform.theverge.com/wp-content/uploads/sites/2/2025/06/doppl-app-screenshot.png?quality=90&strip=all&crop=0%2C0%2C100%2C100)

I just tried on five different outfits in about 10 minutes — or at least my AI lookalike did. That’s all thanks to Doppl, [a new app that Google is testing](https://blog.google/technology/google-labs/doppl/), which I used to create AI-generated clips of myself wearing outfits that I found across the web. It mostly works, but it has clear issues putting pants on photos of me wearing shorts, and it even replaced my mismatched socks with AI-generated feet in one instance.

![](https://platform.theverge.com/wp-content/uploads/sites/2/2025/06/doppl-app-ai-feet.gif?quality=90&strip=all&crop=0%2C36.910994764398%2C100%2C26.178010471204)

Using the app is pretty simple. All you need is a screenshot of the outfit you want to try on — whether it’s from Pinterest, Instagram, or another online source — along with a full-body photo of yourself in bright light, a natural pose, and no hat. Once you upload both, you can have Doppl generate a still image of you wearing the outfit. It takes a little while to generate, but once it does, you can hit the animate icon to add a random animation, which could show you tossing up the peace sign, smiling and waving to the camera, or striking another type of pose.

I uploaded a simple photo of myself wearing a T-shirt, shorts, and socks. For my first try-on session, I selected one of Google’s sample outfits. The app portrayed the white and blue striped shirt pretty accurately, but it gave me red shorts instead of skinny jeans and wrapped what should’ve been jeans around my calves, as if I were wearing leg warmers.

Another outfit I screenshotted included [a pair of distressed jeans](https://images.app.goo.gl/a6ujT8etEXoU9y3HA). Once again, Doppl only included the button half of the pants, while making my shirt extra long and ending around where my shorts do in real life. Things got even weirder when I fed Doppl an outfit that showed someone from the knees up, [wearing a striped button-down shirt](https://images.app.goo.gl/gioncvpHh2Hf9m3h9) and long, striped shorts. Instead of generating a similar outfit, it made the shorts even shorter and gave me a pair of somewhat convincing fake feet. Even though some of the other outfits I uploaded to Doppl didn’t show the wearer’s shoes, it still generated some kind of footwear for those looks. (Who knows, maybe Google’s AI just thought the outfit would look good with bare feet?)

During my testing, I found that Doppl wouldn’t allow me to upload pictures of more revealing outfits I found on the web, like someone wearing a bikini. It also wouldn’t let my colleague, Marina Galperina, upload an image of President Donald Trump. Those guardrails might make it more difficult for someone to create fake images of public figures or generate explicit images of a person.

![](https://platform.theverge.com/wp-content/uploads/sites/2/2025/06/google-doppl-outfit-jeans.gif?quality=90&strip=all&crop=0%2C36.910994764398%2C100%2C26.178010471204)

However, a strange pattern emerged when Marina and I uploaded mirror selfies of ourselves to the app to virtually try on outfits. Instead of staying relatively close to what we look like in real life, Doppl made both of our lookalikes thinner, to the point where we resembled bobblehead figures. The problem didn’t appear when I used other full-body photos of myself that were taken by someone else.

Google has [had a virtual try-on feature](https://www.theverge.com/2023/6/14/23760504/google-shopping-ai-modeling-virtual-try-on-search-filters) for a couple years now, but it expanded that earlier this year by [allowing you to upload a photo](https://www.theverge.com/news/670346/google-try-on-clothes-ai-shopping-io-2025) of yourself and use AI to put you in a shirt, dress, skirt, or a pair of pants that you come across in Google’s search results. Doppl is an even bigger leap, as it lets you try on even more kinds of clothes from different sources around the web and can turn it into a video, too. If Google can fix some of the tool’s quirks, I can see it being a handy way to imagine yourself in an outfit you find online.

You can try out Doppl now by downloading the app [on Android](https://play.google.com/store/apps/details?id=com.google.android.apps.labs.glam) or [iOS](https://apps.apple.com/us/app/doppl-google/id6741596720).

---

*From [The Verge](https://www.theverge.com/) via [this RSS feed](https://www.theverge.com/rss/index.xml)*",2025-06-27T14:24:55.514183+00:00,1.0,en,Google Photos search,2026-09-23T18:19:00.832349+00:00,possibly_relevant,"Discusses Google Photos search capabilities, Ask Photos, AI search algorithms, or photo organization, but evidence on vague personal retrieval is partial or high-level.","screenshot, work, shopping_product","person, approximate_time, object, visual_appearance",,keyword_search,,unknown,,,unknown,"It mostly works, but it has clear issues putting pants on photos of me wearing shorts, and it even replaced my mismatched socks with AI-generated feet in one instance.",direct
social_media_32072047,social_media,lemmy_social,32072047,https://rss.ponder.cat/post/216775,Google is rolling out its AI-powered ‘Ask Photos’ search again – and it has a speed boost,bot,"Google is rolling out its AI-powered ‘Ask Photos’ search again – and it has a speed boost
![](https://platform.theverge.com/wp-content/uploads/sites/2/2025/05/STKB353_GOOGLE_PHOTOS_D.jpg?quality=90&strip=all&crop=0%2C0%2C100%2C100)

After quietly pausing the rollout of Google Photos’ AI-powered “Ask Photos” search tool, Google is now expanding access once again and making some improvements to the feature.

Google’s Gemini AI models power Ask Photos so that you can ask complex questions to help you find photos. But earlier [this month](https://www.theverge.com/news/678858/google-photos-ask-photos-ai-search-rollout-pause), a member of the Google Photos team [said on X that](https://x.com/jamieasp/status/1929895255844745284) the feature “isn’t where it needs to be, in terms of latency, quality and UX.”

In a blog post published Thursday, [Google said](https://blog.google/products/photos/updates-ask-photos-search/) that it has “heard your feedback” that the feature should “return more photos faster for simple searches, like ‘beach’ or ‘dogs.’” Now, “you’ll now see results right away while Gemini models continue to work in the background to find the most relevant photos or information for more complex queries,” according to Google.

![](https://platform.theverge.com/wp-content/uploads/sites/2/2025/06/ezgif-2b699115a1ec73.gif?quality=90&strip=all&crop=0%2C23.821989528796%2C100%2C52.356020942408)

The company adds that the feature is now “opening up beyond early access” and is beginning to roll out to more “[eligible users](https://support.google.com/photos/answer/15318661?hl=en&co=GENIE.Platform%3DAndroid)” in the US.

---

*From [The Verge](https://www.theverge.com/) via [this RSS feed](https://www.theverge.com/rss/index.xml)*",2025-06-27T01:12:43.777261+00:00,1.0,en,Google Photos search,2026-09-23T18:19:00.832396+00:00,possibly_relevant,"Discusses Google Photos search capabilities, Ask Photos, AI search algorithms, or photo organization, but evidence on vague personal retrieval is partial or high-level.","travel, pet","place, approximate_time, surrounding_circumstances",,"keyword_search, Ask_Google_Photos, natural_language_search",,unknown,,,unknown,Google is rolling out its AI-powered ‘Ask Photos’ search again – and it has a speed,indirect
social_media_30792678,social_media,lemmy_social,30792678,https://rss.ponder.cat/post/198122,"The Download: AI’s role in math, and calculating its energy footprint",paywall,"The Download: AI’s role in math, and calculating its energy footprint
*This is today’s edition of [The Download](https://forms.technologyreview.com/newsletters/briefing-the-download/)*,*our weekday newsletter that provides a daily dose of what’s going on in the world of technology.*

**What’s next for AI and math**

The modern world is built on mathematics. Math lets us model complex systems such as the way air flows around an aircraft, the way financial markets fluctuate, and the way blood flows through the heart. Mathematicians have used computers for decades, but the new vision is that AI might help them crack problems that were previously uncrackable.

However, there’s a huge difference between AI that can solve the kinds of problems set in high school—math that the latest generation of models has already mastered—and AI that could (in theory) solve the kinds of problems that professional mathematicians spend careers chipping away at. [Here are three ways to understand that gulf](https://nam12.safelinks.protection.outlook.com/?url=https%3A%2F%2Fwww.technologyreview.com%2F2025%2F06%2F04%2F1117753%2Fwhats-next-for-ai-and-math%2F%3Futm_source%3Dthe_download%26utm_medium%3Demail%26utm_campaign%3Dthe_download.unpaid.engagement%26utm_term%3D%253C%253C%2520Test%2520Class%2520%253E%253E%26utm_content%3D06-04-2025%26mc_cid%3D53af730c36%26mc_eid%3DUNIQID&data=05%7C02%7C%7Cd4d82201ce6a416720b408dda3561d2f%7C961f23f8614c4756bafff1997766a273%7C1%7C0%7C638846312464631600%7CUnknown%7CTWFpbGZsb3d8eyJFbXB0eU1hcGkiOnRydWUsIlYiOiIwLjAuMDAwMCIsIlAiOiJXaW4zMiIsIkFOIjoiTWFpbCIsIldUIjoyfQ%3D%3D%7C0%7C%7C%7C&sdata=C1loMejlj%2BtV7vjfPGsy5g%2BN3qTebZ7BrrCWWCMklRs%3D&reserved=0).

*—Will Douglas Heaven***This story is from our What’s Next series, which looks across industries, trends, and technologies to give you a first look at the future. You can read the rest of them [here](https://nam12.safelinks.protection.outlook.com/?url=https%3A%2F%2Fwww.technologyreview.com%2Ftag%2Fwhats-next-in-tech%2F%3Futm_source%3Dthe_download%26utm_medium%3Demail%26utm_campaign%3Dthe_download.unpaid.engagement%26utm_term%3D%253C%253C%2520Test%2520Class%2520%253E%253E%26utm_content%3D06-04-2025%26mc_cid%3D53af730c36%26mc_eid%3DUNIQID&data=05%7C02%7C%7Cd4d82201ce6a416720b408dda3561d2f%7C961f23f8614c4756bafff1997766a273%7C1%7C0%7C638846312464645193%7CUnknown%7CTWFpbGZsb3d8eyJFbXB0eU1hcGkiOnRydWUsIlYiOiIwLjAuMDAwMCIsIlAiOiJXaW4zMiIsIkFOIjoiTWFpbCIsIldUIjoyfQ%3D%3D%7C0%7C%7C%7C&sdata=7kpFE%2BOQf2Go3O0kmdmfD8U%2Fsxu5O2lOSxslHVu3ivs%3D&reserved=0).**

#### **Inside the effort to tally AI’s energy appetite**

*—James O’Donnell*

After working on it for months, my colleague Casey Crownhart and I finally saw our story on AI’s energy and emissions burden go live last week.

The initial goal sounded simple: Calculate how much energy is used when we interact with a chatbot, then tally that up to understand why leaders in tech and politics are so keen to harness unprecedented levels of electricity to power AI and reshape our energy grids in the process.It was, of course, not so simple. After speaking with dozens of researchers, we realized that the common understanding of AI’s energy appetite is full of holes. I encourage you to [read the full story](https://nam12.safelinks.protection.outlook.com/?url=https%3A%2F%2Fwww.technologyreview.com%2F2025%2F05%2F20%2F1116327%2Fai-energy-usage-climate-footprint-big-tech%2F%3Futm_source%3Dthe_download%26utm_medium%3Demail%26utm_campaign%3Dthe_download.unpaid.engagement%26utm_term%3D%253C%253C%2520Test%2520Class%2520%253E%253E%26utm_content%3D06-04-2025%26mc_cid%3D53af730c36%26mc_eid%3DUNIQID&data=05%7C02%7C%7Cd4d82201ce6a416720b408dda3561d2f%7C961f23f8614c4756bafff1997766a273%7C1%7C0%7C638846312464659474%7CUnknown%7CTWFpbGZsb3d8eyJFbXB0eU1hcGkiOnRydWUsIlYiOiIwLjAuMDAwMCIsIlAiOiJXaW4zMiIsIkFOIjoiTWFpbCIsIldUIjoyfQ%3D%3D%7C0%7C%7C%7C&sdata=1r9LhMouBuJiGoVy4Vjxrg%2B%2FD8jWph9uSCRaiJTO0%2Bo%3D&reserved=0), which has some incredible graphics to help you understand this topic. [But here are three takeaways I have after the project](https://nam12.safelinks.protection.outlook.com/?url=https%3A%2F%2Fwww.technologyreview.com%2F2025%2F06%2F03%2F1117685%2Finside-the-tedious-effort-to-tally-ais-energy-appetite%2F%3Futm_source%3Dthe_download%26utm_medium%3Demail%26utm_campaign%3Dthe_download.unpaid.engagement%26utm_term%3D%253C%253C%2520Test%2520Class%2520%253E%253E%26utm_content%3D06-04-2025%26mc_cid%3D53af730c36%26mc_eid%3DUNIQID&data=05%7C02%7C%7Cd4d82201ce6a416720b408dda3561d2f%7C961f23f8614c4756bafff1997766a273%7C1%7C0%7C638846312464677828%7CUnknown%7CTWFpbGZsb3d8eyJFbXB0eU1hcGkiOnRydWUsIlYiOiIwLjAuMDAwMCIsIlAiOiJXaW4zMiIsIkFOIjoiTWFpbCIsIldUIjoyfQ%3D%3D%7C0%7C%7C%7C&sdata=SQ6DlSo6MqL1xvYUsUT2I087Ja97JUkTpaAsgG7LZD0%3D&reserved=0).

**This story originally appeared in The Algorithm, our weekly newsletter on AI. To get it in your inbox first, [sign up here](https://nam12.safelinks.protection.outlook.com/?url=https%3A%2F%2Fforms.technologyreview.com%2Fnewsletters%2Fai-demystified-the-algorithm%2F%3Futm_source%3Dthe_download%26utm_medium%3Demail%26utm_campaign%3Dthe_download.unpaid.engagement%26utm_term%3D%253C%253C%2520Test%2520Class%2520%253E%253E%26utm_content%3D06-04-2025%26mc_cid%3D53af730c36%26mc_eid%3DUNIQID&data=05%7C02%7C%7Cd4d82201ce6a416720b408dda3561d2f%7C961f23f8614c4756bafff1997766a273%7C1%7C0%7C638846312464696888%7CUnknown%7CTWFpbGZsb3d8eyJFbXB0eU1hcGkiOnRydWUsIlYiOiIwLjAuMDAwMCIsIlAiOiJXaW4zMiIsIkFOIjoiTWFpbCIsIldUIjoyfQ%3D%3D%7C0%7C%7C%7C&sdata=t3DlJebexwShn%2FNVFnY6NLc3B%2BhetlK4o5s%2FsSaiS2Y%3D&reserved=0), and check out the [rest of our Power Hungry package about AI here](https://nam12.safelinks.protection.outlook.com/?url=https%3A%2F%2Fwww.technologyreview.com%2Fsupertopic%2Fai-energy-package%2F%3Futm_source%3Dthe_download%26utm_medium%3Demail%26utm_campaign%3Dthe_download.unpaid.engagement%26utm_term%3D%253C%253C%2520Test%2520Class%2520%253E%253E%26utm_content%3D06-04-2025%26mc_cid%3D53af730c36%26mc_eid%3DUNIQID&data=05%7C02%7C%7Cd4d82201ce6a416720b408dda3561d2f%7C961f23f8614c4756bafff1997766a273%7C1%7C0%7C638846312464710935%7CUnknown%7CTWFpbGZsb3d8eyJFbXB0eU1hcGkiOnRydWUsIlYiOiIwLjAuMDAwMCIsIlAiOiJXaW4zMiIsIkFOIjoiTWFpbCIsIldUIjoyfQ%3D%3D%7C0%7C%7C%7C&sdata=XeeZmobO52gHW0cqalX1sDYx5rD4hy9CUfz%2Fo6nUYFo%3D&reserved=0).**

**The must-reads**

*I’ve combed the internet to find you today’s most fun/important/scary/fascinating stories about technology.*

**1 Elon Musk has turned on Trump**He called Trump’s domestic policy agenda a “disgusting abomination.” ([NYT](https://nam12.safelinks.protection.outlook.com/?url=https%3A%2F%2Fwww.nytimes.com%2F2025%2F06%2F03%2Ftechnology%2Felon-musk-criticizes-republican-legislation.html%3Fmc_cid%3D53af730c36%26mc_eid%3DUNIQID&data=05%7C02%7C%7Cd4d82201ce6a416720b408dda3561d2f%7C961f23f8614c4756bafff1997766a273%7C1%7C0%7C638846312464805299%7CUnknown%7CTWFpbGZsb3d8eyJFbXB0eU1hcGkiOnRydWUsIlYiOiIwLjAuMDAwMCIsIlAiOiJXaW4zMiIsIkFOIjoiTWFpbCIsIldUIjoyfQ%3D%3D%7C0%7C%7C%7C&sdata=TYxrdaBFdTC1UPo63OFk22MRG9OGEoDChBuD%2FVLPMPI%3D&reserved=0) $)+ *House Speaker Mike Johnson has, naturally, hit back.* ([Insider](https://nam12.safelinks.protection.outlook.com/?url=https%3A%2F%2Fwww.businessinsider.com%2Fmike-johnson-elon-musk-terribly-wrong-about-trump-tax-bill-2025-6%3Fmc_cid%3D53af730c36%26mc_eid%3DUNIQID&data=05%7C02%7C%7Cd4d82201ce6a416720b408dda3561d2f%7C961f23f8614c4756bafff1997766a273%7C1%7C0%7C638846312464818365%7CUnknown%7CTWFpbGZsb3d8eyJFbXB0eU1hcGkiOnRydWUsIlYiOiIwLjAuMDAwMCIsIlAiOiJXaW4zMiIsIkFOIjoiTWFpbCIsIldUIjoyfQ%3D%3D%7C0%7C%7C%7C&sdata=aYPEEuLJKEFoLD5cXMjkCVy0RORiR%2FSt5M%2FI%2Bn538G0%3D&reserved=0) $)

**2 NASA is in crisis**Its budget has been cut by a quarter, and now its new leader has had his nomination revoked. ([New Scientist](https://nam12.safelinks.protection.outlook.com/?url=http%3A%2F%2Fwww.newscientist.com%2Farticle%2F2482958-nasa-is-facing-the-biggest-crisis-in-its-history%2F%3Fmc_cid%3D53af730c36%26mc_eid%3DUNIQID&data=05%7C02%7C%7Cd4d82201ce6a416720b408dda3561d2f%7C961f23f8614c4756bafff1997766a273%7C1%7C0%7C638846312464836841%7CUnknown%7CTWFpbGZsb3d8eyJFbXB0eU1hcGkiOnRydWUsIlYiOiIwLjAuMDAwMCIsIlAiOiJXaW4zMiIsIkFOIjoiTWFpbCIsIldUIjoyfQ%3D%3D%7C0%7C%7C%7C&sdata=HFKlNaSAZZqm6PBQgnZXGPEvv%2Fg2HsWJoBj8pJ2rv4I%3D&reserved=0) $)+ *What’s next for NASA’s giant moon rocket?* ([MIT Technology Review](https://nam12.safelinks.protection.outlook.com/?url=https%3A%2F%2Fwww.technologyreview.com%2F2024%2F11%2F28%2F1107511%2Fwhats-next-nasas-giant-moon-rocket%2F%3Futm_source%3Dthe_download%26utm_medium%3Demail%26utm_campaign%3Dthe_download.unpaid.engagement%26utm_term%3D%253C%253C%2520Test%2520Class%2520%253E%253E%26utm_content%3D06-04-2025%26mc_cid%3D53af730c36%26mc_eid%3DUNIQID&data=05%7C02%7C%7Cd4d82201ce6a416720b408dda3561d2f%7C961f23f8614c4756bafff1997766a273%7C1%7C0%7C638846312464851702%7CUnknown%7CTWFpbGZsb3d8eyJFbXB0eU1hcGkiOnRydWUsIlYiOiIwLjAuMDAwMCIsIlAiOiJXaW4zMiIsIkFOIjoiTWFpbCIsIldUIjoyfQ%3D%3D%7C0%7C%7C%7C&sdata=86AonYUxDfp9Ye%2F7SiwVZppVjXb44xQgyeAl6MOK5T0%3D&reserved=0))**3 Here’s how Big Tech plans to wield AI**To build ‘everything apps’ that keep you inside their ecosystem, forever. ([The Atlantic](https://nam12.safelinks.protection.outlook.com/?url=https%3A%2F%2Fwww.theatlantic.com%2Ftechnology%2Farchive%2F2025%2F06%2Feverything-app-big-tech-ai-endgame%2F683024%3Fmc_cid%3D53af730c36%26mc_eid%3DUNIQID&data=05%7C02%7C%7Cd4d82201ce6a416720b408dda3561d2f%7C961f23f8614c4756bafff1997766a273%7C1%7C0%7C638846312464865139%7CUnknown%7CTWFpbGZsb3d8eyJFbXB0eU1hcGkiOnRydWUsIlYiOiIwLjAuMDAwMCIsIlAiOiJXaW4zMiIsIkFOIjoiTWFpbCIsIldUIjoyfQ%3D%3D%7C0%7C%7C%7C&sdata=tWzwUJADxK699t9oYlUKme8PHC3BnW86bje8QnYmFG8%3D&reserved=0) $)+ *The trouble is, the experience isn’t always slick enough, as Google has discovered with its ‘Ask Photos’ feature*. ([The Verge](https://nam12.safelinks.protection.outlook.com/?url=https%3A%2F%2Fwww.theverge.com%2Fnews%2F678858%2Fgoogle-photos-ask-photos-ai-search-rollout-pause%3Fmc_cid%3D53af730c36%26mc_eid%3DUNIQID&data=05%7C02%7C%7Cd4d82201ce6a416720b408dda3561d2f%7C961f23f8614c4756bafff1997766a273%7C1%7C0%7C638846312464879686%7CUnknown%7CTWFpbGZsb3d8eyJFbXB0eU1hcGkiOnRydWUsIlYiOiIwLjAuMDAwMCIsIlAiOiJXaW4zMiIsIkFOIjoiTWFpbCIsIldUIjoyfQ%3D%3D%7C0%7C%7C%7C&sdata=A%2FtHSt9G9H6ouVzANPU26YLH1jr%2B%2BIUy6cVq%2F6jk300%3D&reserved=0) $)+ *How to fight your instinct to blindly trust AI.* ([WP](https://nam12.safelinks.protection.outlook.com/?url=https%3A%2F%2Fwww.washingtonpost.com%2Ftechnology%2F2025%2F06%2F03%2Fdont-trust-ai-automation-bias%2F%3Fmc_cid%3D53af730c36%26mc_eid%3DUNIQID&data=05%7C02%7C%7Cd4d82201ce6a416720b408dda3561d2f%7C961f23f8614c4756bafff1997766a273%7C1%7C0%7C638846312464892840%7CUnknown%7CTWFpbGZsb3d8eyJFbXB0eU1hcGkiOnRydWUsIlYiOiIwLjAuMDAwMCIsIlAiOiJXaW4zMiIsIkFOIjoiTWFpbCIsIldUIjoyfQ%3D%3D%7C0%7C%7C%7C&sdata=k9RWn9ajAfRfseOumiv1XeRLEyvGfLDJIgipx%2FvgD04%3D&reserved=0) $)**4 Meta has signed a 20-year deal to buy nuclear power**It’s the latest in a race to try to keep up with AI’s surging energy demands. ([ABC](https://nam12.safelinks.protection.outlook.com/?url=https%3A%2F%2Fabcnews.go.com%2FTechnology%2FwireStory%2Fmeta-latest-big-tech-company-turning-nuclear-power-122450082%3Fmc_cid%3D53af730c36%26mc_eid%3DUNIQID&data=05%7C02%7C%7Cd4d82201ce6a416720b408dda3561d2f%7C961f23f8614c4756bafff1997766a273%7C1%7C0%7C638846312464905772%7CUnknown%7CTWFpbGZsb3d8eyJFbXB0eU1hcGkiOnRydWUsIlYiOiIwLjAuMDAwMCIsIlAiOiJXaW4zMiIsIkFOIjoiTWFpbCIsIldUIjoyfQ%3D%3D%7C0%7C%7C%7C&sdata=b5SgclSU8QlOBe22Ytsmlkwhi5PA8HsnUqD%2BOeeIZGY%3D&reserved=0))+ *Can nuclear power really fuel the rise of AI?* ([MIT Technology Review](https://nam12.safelinks.protection.outlook.com/?url=https%3A%2F%2Fwww.technologyreview.com%2F2025%2F05%2F20%2F1116339%2Fai-nuclear-power-energy-reactors%2F%3Futm_source%3Dthe_download%26utm_medium%3Demail%26utm_campaign%3Dthe_download.unpaid.engagement%26utm_term%3D%253C%253C%2520Test%2520Class%2520%253E%253E%26utm_content%3D06-04-2025%26mc_cid%3D53af730c36%26mc_eid%3DUNIQID&data=05%7C02%7C%7Cd4d82201ce6a416720b408dda3561d2f%7C961f23f8614c4756bafff1997766a273%7C1%7C0%7C638846312464918960%7CUnknown%7CTWFpbGZsb3d8eyJFbXB0eU1hcGkiOnRydWUsIlYiOiIwLjAuMDAwMCIsIlAiOiJXaW4zMiIsIkFOIjoiTWFpbCIsIldUIjoyfQ%3D%3D%7C0%7C%7C%7C&sdata=cH9I9Ls5k7aC7maQTT%2BlUd7eqa6pj8MYx6K67NJrzIQ%3D&reserved=0)) **5 Extreme heat takes a huge toll on people’s mental health**It’s yet another issue we’re failing to prepare for, as summers get hotter and hotter. ([Scientific American](https://nam12.safelinks.protection.outlook.com/?url=https%3A%2F%2Fwww.scientificamerican.com%2Farticle%2Fthe-world-isnt-ready-for-the-mental-health-toll-of-extreme-heat%2F%3Fmc_cid%3D53af730c36%26mc_eid%3DUNIQID&data=05%7C02%7C%7Cd4d82201ce6a416720b408dda3561d2f%7C961f23f8614c4756bafff1997766a273%7C1%7C0%7C638846312464932196%7CUnknown%7CTWFpbGZsb3d8eyJFbXB0eU1hcGkiOnRydWUsIlYiOiIwLjAuMDAwMCIsIlAiOiJXaW4zMiIsIkFOIjoiTWFpbCIsIldUIjoyfQ%3D%3D%7C0%7C%7C%7C&sdata=yIY09bOeBRiktyI6K7ie6Ah19UqgEsViS2aIohoamV0%3D&reserved=0) $)+ *The quest to protect farmworkers from extreme heat.*([MIT Technology Review](https://nam12.safelinks.protection.outlook.com/?url=https%3A%2F%2Fwww.technologyreview.com%2F2024%2F10%2F15%2F1105113%2Fextreme-heat-farmworkers-agriculture-sensor%2F%3Futm_source%3Dthe_download%26utm_medium%3Demail%26utm_campaign%3Dthe_download.unpaid.engagement%26utm_term%3D%253C%253C%2520Test%2520Class%2520%253E%253E%26utm_content%3D06-04-2025%26mc_cid%3D53af730c36%26mc_eid%3DUNIQID&data=05%7C02%7C%7Cd4d82201ce6a416720b408dda3561d2f%7C961f23f8614c4756bafff1997766a273%7C1%7C0%7C638846312464945426%7CUnknown%7CTWFpbGZsb3d8eyJFbXB0eU1hcGkiOnRydWUsIlYiOiIwLjAuMDAwMCIsIlAiOiJXaW4zMiIsIkFOIjoiTWFpbCIsIldUIjoyfQ%3D%3D%7C0%7C%7C%7C&sdata=yalS9TOik8cpH%2FT9jLbYiO9qsVX%2FLNF7V01oRXiN%2Bb4%3D&reserved=0))

**6 China’s robotaxi companies are planning to expand in the Middle East**And they’re getting a warmer welcome than in the US or Europe. ([WSJ](https://nam12.safelinks.protection.outlook.com/?url=https%3A%2F%2Fwww.wsj.com%2Fbusiness%2Fautos%2Fchinese-robotaxi-companies-look-to-the-middle-east-for-growth-8a3b8ba6%3Fmc_cid%3D53af730c36%26mc_eid%3DUNIQID&data=05%7C02%7C%7Cd4d82201ce6a416720b408dda3561d2f%7C961f23f8614c4756bafff1997766a273%7C1%7C0%7C638846312464958626%7CUnknown%7CTWFpbGZsb3d8eyJFbXB0eU1hcGkiOnRydWUsIlYiOiIwLjAuMDAwMCIsIlAiOiJXaW4zMiIsIkFOIjoiTWFpbCIsIldUIjoyfQ%3D%3D%7C0%7C%7C%7C&sdata=PsEGrik2ghL6X1qpb5U08%2B8fGuiivzryHu6iZXn87ps%3D&reserved=0) $)+ *China’s EV giants are also betting big on humanoid robots.* ([MIT Technology Review](https://nam12.safelinks.protection.outlook.com/?url=https%3A%2F%2Fwww.technologyreview.com%2F2025%2F02%2F14%2F1111920%2Fchinas-electric-vehicle-giants-pivot-humanoid-robots%2F%3Futm_source%3Dthe_download%26utm_medium%3Demail%26utm_campaign%3Dthe_download.unpaid.engagement%26utm_term%3D%253C%253C%2520Test%2520Class%2520%253E%253E%26utm_content%3D06-04-2025%26mc_cid%3D53af730c36%26mc_eid%3DUNIQID&data=05%7C02%7C%7Cd4d82201ce6a416720b408dda3561d2f%7C961f23f8614c4756bafff1997766a273%7C1%7C0%7C638846312464971525%7CUnknown%7CTWFpbGZsb3d8eyJFbXB0eU1hcGkiOnRydWUsIlYiOiIwLjAuMDAwMCIsIlAiOiJXaW4zMiIsIkFOIjoiTWFpbCIsIldUIjoyfQ%3D%3D%7C0%7C%7C%7C&sdata=cw60sNEI%2B7XM5JiteL18y3AUMcoyG9JBl4fMXrK%2FTaM%3D&reserved=0))**7 AI will supercharge hackers**The full impact of new AI techniques is yet to be felt, but experts say it’s only a matter of time. ([Wired](https://nam12.safelinks.protection.outlook.com/?url=https%3A%2F%2Fwww.wired.com%2Fstory%2Fyoure-not-ready-for-ai-powered-scams%2F%3Fmc_cid%3D53af730c36%26mc_eid%3DUNIQID&data=05%7C02%7C%7Cd4d82201ce6a416720b408dda3561d2f%7C961f23f8614c4756bafff1997766a273%7C1%7C0%7C638846312464990907%7CUnknown%7CTWFpbGZsb3d8eyJFbXB0eU1hcGkiOnRydWUsIlYiOiIwLjAuMDAwMCIsIlAiOiJXaW4zMiIsIkFOIjoiTWFpbCIsIldUIjoyfQ%3D%3D%7C0%7C%7C%7C&sdata=2Jypy%2Fzd3aQGsXKc%2F2K0nJMoedb3PT%2BtX0sOn%2FThHqI%3D&reserved=0) $)+*Five ways criminals are using AI.* ([MIT Technology Review](https://nam12.safelinks.protection.outlook.com/?url=https%3A%2F%2Fwww.technologyreview.com%2F2024%2F05%2F21%2F1092625%2Ffive-ways-criminals-are-using-ai%2F%3Futm_source%3Dthe_download%26utm_medium%3Demail%26utm_campaign%3Dthe_download.unpaid.engagement%26utm_term%3D%253C%253C%2520Test%2520Class%2520%253E%253E%26utm_content%3D06-04-2025%26mc_cid%3D53af730c36%26mc_eid%3DUNIQID&data=05%7C02%7C%7Cd4d82201ce6a416720b408dda3561d2f%7C961f23f8614c4756bafff1997766a273%7C1%7C0%7C638846312465007907%7CUnknown%7CTWFpbGZsb3d8eyJFbXB0eU1hcGkiOnRydWUsIlYiOiIwLjAuMDAwMCIsIlAiOiJXaW4zMiIsIkFOIjoiTWFpbCIsIldUIjoyfQ%3D%3D%7C0%7C%7C%7C&sdata=Pquka6ZYyuW9tK4v3KzJwprhxUhnCAF94CnxYz50v1I%3D&reserved=0))**8 It’s an exciting time to be working on Alzheimer’s treatments ![💊](https://s.w.org/images/core/emoji/15.1.0/72x72/1f48a.png)**12 of them are moving to the final phase of clinical trials this year. ([The Economist](https://nam12.safelinks.protection.outlook.com/?url=https%3A%2F%2Fwww.economist.com%2Fscience-and-technology%2F2025%2F06%2F03%2Fthe-alzheimers-drug-pipeline-is-healthier-than-you-might-think%3Fmc_cid%3D53af730c36%26mc_eid%3DUNIQID&data=05%7C02%7C%7Cd4d82201ce6a416720b408dda3561d2f%7C961f23f8614c4756bafff1997766a273%7C1%7C0%7C638846312465022267%7CUnknown%7CTWFpbGZsb3d8eyJFbXB0eU1hcGkiOnRydWUsIlYiOiIwLjAuMDAwMCIsIlAiOiJXaW4zMiIsIkFOIjoiTWFpbCIsIldUIjoyfQ%3D%3D%7C0%7C%7C%7C&sdata=vMROroZ1iAAeV5NGWYHcQyTUICFmlq9KH2JRGtaSbTE%3D&reserved=0) $)+*The innovation that gets an Alzheimer’s drug through the blood-brain barrier.* ([MIT Technology Review](https://nam12.safelinks.protection.outlook.com/?url=https%3A%2F%2Fwww.technologyreview.com%2F2024%2F01%2F12%2F1086442%2Fthe-innovation-that-gets-an-alzheimers-drug-through-the-blood-brain-barrier%2F%3Futm_source%3Dthe_download%26utm_medium%3Demail%26utm_campaign%3Dthe_download.unpaid.engagement%26utm_term%3D%253C%253C%2520Test%2520Class%2520%253E%253E%26utm_content%3D06-04-2025%26mc_cid%3D53af730c36%26mc_eid%3DUNIQID&data=05%7C02%7C%7Cd4d82201ce6a416720b408dda3561d2f%7C961f23f8614c4756bafff1997766a273%7C1%7C0%7C638846312465035903%7CUnknown%7CTWFpbGZsb3d8eyJFbXB0eU1hcGkiOnRydWUsIlYiOiIwLjAuMDAwMCIsIlAiOiJXaW4zMiIsIkFOIjoiTWFpbCIsIldUIjoyfQ%3D%3D%7C0%7C%7C%7C&sdata=sdYK5y1QkjBr1g9CaGUbYMOz4e%2Bp75zN57SVZLysEYY%3D&reserved=0))**9 Workers are being subjected to more and more surveillance**Not just in the gig economy either—’bossware’ is increasingly appearing in offices too. ([Rest of World](https://nam12.safelinks.protection.outlook.com/?url=https%3A%2F%2Frestofworld.org%2F2025%2Femployee-surveillance-software-vc-funding%2F%3Fmc_cid%3D53af730c36%26mc_eid%3DUNIQID&data=05%7C02%7C%7Cd4d82201ce6a416720b408dda3561d2f%7C961f23f8614c4756bafff1997766a273%7C1%7C0%7C638846312465049851%7CUnknown%7CTWFpbGZsb3d8eyJFbXB0eU1hcGkiOnRydWUsIlYiOiIwLjAuMDAwMCIsIlAiOiJXaW4zMiIsIkFOIjoiTWFpbCIsIldUIjoyfQ%3D%3D%7C0%7C%7C%7C&sdata=WzTAt9sAwzhoZ7AX6%2Fs1E1YijJ5Yp6rWK2V4nbSOwdM%3D&reserved=0))

**10 Noughties nostalgia is rife on TikTok**It was a pretty fun decade, to be fair. ([The Guardian](https://nam12.safelinks.protection.outlook.com/?url=https%3A%2F%2Fwww.theguardian.com%2Ftechnology%2F2025%2Fjun%2F04%2Fnoughties-tv-music-nostalgia-trends-tiktok%3Fmc_cid%3D53af730c36%26mc_eid%3DUNIQID&data=05%7C02%7C%7Cd4d82201ce6a416720b408dda3561d2f%7C961f23f8614c4756bafff1997766a273%7C1%7C0%7C638846312465064136%7CUnknown%7CTWFpbGZsb3d8eyJFbXB0eU1hcGkiOnRydWUsIlYiOiIwLjAuMDAwMCIsIlAiOiJXaW4zMiIsIkFOIjoiTWFpbCIsIldUIjoyfQ%3D%3D%7C0%7C%7C%7C&sdata=3azd5aYHh3Z43BjSLG2%2BbEYJEGDI3oGUTZv2isFC%2FfE%3D&reserved=0))

**Quote of the day**

**“This is scientific heaven. Or it used to be.”**

—Tom Rapoport, a 77-year-old Harvard Medical School professor from Germany, expresses his sadness about Trump’s cuts to US science funding to the [New York Times](https://nam12.safelinks.protection.outlook.com/?url=https%3A%2F%2Fwww.nytimes.com%2F2025%2F06%2F03%2Fus%2Ftrump-federal-spending-grants-scientists-leaving.html%3Fmc_cid%3D53af730c36%26mc_eid%3DUNIQID&data=05%7C02%7C%7Cd4d82201ce6a416720b408dda3561d2f%7C961f23f8614c4756bafff1997766a273%7C1%7C0%7C638846312465077974%7CUnknown%7CTWFpbGZsb3d8eyJFbXB0eU1hcGkiOnRydWUsIlYiOiIwLjAuMDAwMCIsIlAiOiJXaW4zMiIsIkFOIjoiTWFpbCIsIldUIjoyfQ%3D%3D%7C0%7C%7C%7C&sdata=p%2BMpu4QS6%2FvyV5b782nhHHPCOj1lev7kifdZEUX4q90%3D&reserved=0).

**One more thing**

![Long rows of supercomputers with the name ""Frontier"" visible on the end](https://wp.technologyreview.com/wp-content/uploads/2023/09/52117623798_84faf38201_OLCF.jpg?w=3000)OLCF

### What’s next for the world’s fastest supercomputers

When the Frontier supercomputer came online in 2022, it marked the dawn of so-called exascale computing, with machines that can execute an exaflop—or a quintillion (1018) floating point operations a second.Since then, scientists have geared up to make more of these blazingly fast computers: several exascale machines are due to come online in the US and Europe.But speed itself isn’t the endgame. Researchers hope to pursue previously unanswerable questions about nature—and to design new technologies in areas from transportation to medicine. [Read the full story](https://nam12.safelinks.protection.outlook.com/?url=https%3A%2F%2Fwww.technologyreview.com%2F2023%2F09%2F21%2F1079909%2Fwhats-next-for-the-worlds-fastest-supercomputers%2F%3Futm_source%3Dthe_download%26utm_medium%3Demail%26utm_campaign%3Dthe_download.unpaid.engagement%26utm_term%3D%253C%253C%2520Test%2520Class%2520%253E%253E%26utm_content%3D06-04-2025%26mc_cid%3D53af730c36%26mc_eid%3DUNIQID&data=05%7C02%7C%7Cd4d82201ce6a416720b408dda3561d2f%7C961f23f8614c4756bafff1997766a273%7C1%7C0%7C638846312465105219%7CUnknown%7CTWFpbGZsb3d8eyJFbXB0eU1hcGkiOnRydWUsIlYiOiIwLjAuMDAwMCIsIlAiOiJXaW4zMiIsIkFOIjoiTWFpbCIsIldUIjoyfQ%3D%3D%7C0%7C%7C%7C&sdata=qRR7DRDaGoEfn92lldN3P0bQlvggkhivPjspQNZhnSQ%3D&reserved=0).

*—Sophia Chen*

**We can still have nice things**

*A place for comfort, fun and distraction to brighten up your day. (Got any ideas?* [*Drop me a line*](mailto:rhiannon.williams@technologyreview.com) *or* [*skeet ’em at me*](https://bsky.app/profile/rhiannonwilliams.bsky.social)*.)*

+ If tracking tube trains in London is your thing, you’ll love this [live map](https://nam12.safelinks.protection.outlook.com/?url=https%3A%2F%2Fwww.londonunderground.live%2Findex.html%3Fmc_cid%3D53af730c36%26mc_eid%3DUNIQID&data=05%7C02%7C%7Cd4d82201ce6a416720b408dda3561d2f%7C961f23f8614c4756bafff1997766a273%7C1%7C0%7C638846312465135633%7CUnknown%7CTWFpbGZsb3d8eyJFbXB0eU1hcGkiOnRydWUsIlYiOiIwLjAuMDAwMCIsIlAiOiJXaW4zMiIsIkFOIjoiTWFpbCIsIldUIjoyfQ%3D%3D%7C0%7C%7C%7C&sdata=FqQPtZtGxzWez6MtrOrRclt59iZ7raVKgxAzfb1pZi4%3D&reserved=0).+ Take a truly bonkers trip down memory lane, courtesy of these [FBI artifacts](https://nam12.safelinks.protection.outlook.com/?url=https%3A%2F%2Fwww.fbi.gov%2Fhistory%2Fartifacts%3Fmc_cid%3D53af730c36%26mc_eid%3DUNIQID&data=05%7C02%7C%7Cd4d82201ce6a416720b408dda3561d2f%7C961f23f8614c4756bafff1997766a273%7C1%7C0%7C638846312465155671%7CUnknown%7CTWFpbGZsb3d8eyJFbXB0eU1hcGkiOnRydWUsIlYiOiIwLjAuMDAwMCIsIlAiOiJXaW4zMiIsIkFOIjoiTWFpbCIsIldUIjoyfQ%3D%3D%7C0%7C%7C%7C&sdata=cp%2F9%2F0lQOH1yrNfvVxJciYeHEIkqjuJLOGEPYiDcWgI%3D&reserved=0).+ Netflix’s [Frankenstein](https://nam12.safelinks.protection.outlook.com/?url=https%3A%2F%2Fwww.hollywoodreporter.com%2Fmovies%2Fmovie-news%2Fnetflix-frankenstein-trailer-reaction-del-toro-theaters-1236235616%2F%3Fmc_cid%3D53af730c36%26mc_eid%3DUNIQID&data=05%7C02%7C%7Cd4d82201ce6a416720b408dda3561d2f%7C961f23f8614c4756bafff1997766a273%7C1%7C0%7C638846312465175267%7CUnknown%7CTWFpbGZsb3d8eyJFbXB0eU1hcGkiOnRydWUsIlYiOiIwLjAuMDAwMCIsIlAiOiJXaW4zMiIsIkFOIjoiTWFpbCIsIldUIjoyfQ%3D%3D%7C0%7C%7C%7C&sdata=9k6I%2FKxF85w3lmyVJFlo2zWBA8RVcwoJGzfWRu5WNoE%3D&reserved=0) looks pretty intense.+ Why [landlines](https://nam12.safelinks.protection.outlook.com/?url=https%3A%2F%2Fgizmodo.com%2F8-horror-movies-that-send-terror-through-old-school-phone-lines-2000610103%3Fmc_cid%3D53af730c36%26mc_eid%3DUNIQID&data=05%7C02%7C%7Cd4d82201ce6a416720b408dda3561d2f%7C961f23f8614c4756bafff1997766a273%7C1%7C0%7C638846312465194271%7CUnknown%7CTWFpbGZsb3d8eyJFbXB0eU1hcGkiOnRydWUsIlYiOiIwLjAuMDAwMCIsIlAiOiJXaW4zMiIsIkFOIjoiTWFpbCIsIldUIjoyfQ%3D%3D%7C0%7C%7C%7C&sdata=qHiOMQtuSBsQYx6Vs1KwdePWcNt44o6q4ZMY0Pez%2FJQ%3D&reserved=0) are so darn spooky ![📞](https://s.w.org/images/core/emoji/15.1.0/72x72/1f4de.png)

---

*From [MIT Technology Review](https://www.technologyreview.com/) via [this RSS feed](https://www.technologyreview.com/feed/)*",2025-06-04T13:47:09.554383+00:00,1.0,en,Google Photos search,2026-09-23T18:19:00.832443+00:00,possibly_relevant,"Discusses Google Photos search capabilities, Ask Photos, AI search algorithms, or photo organization, but evidence on vague personal retrieval is partial or high-level.","travel, medical_health, work, school","person, approximate_time, event, object",,"keyword_search, Ask_Google_Photos, natural_language_search",,unknown,,,unknown,([The,direct
social_media_43992678,social_media,lemmy_social,43992678,https://lemmy.durstig.online/post/11614,Recall vs. Wisdom: What Over-Personalization Reveals About the Future of Relational AI,eifachposte,"Recall vs. Wisdom: What Over-Personalization Reveals About the Future of Relational AI
[Original Reddit post](https://www.reddit.com/r/ArtificialInteligence/comments/1ro4k19/recall_vs_wisdom_what_overpersonalization_reveals/)

The over-personalization problem isn’t really about memory. It’s about relationship. When an AI assistant drags your hiking preferences into a weather query, the failure isn’t technical recall gone haywire. It’s a system that has no idea what it means to actually be in a conversation with someone.
That distinction matters more than it might seem, because the entire industry just bet big on the opposite assumption.
Google recently rolled out automatic memory for Gemini. The feature is on by default. Without any prompting from the user, Gemini now recalls “key details and preferences” from past conversations and injects them into future responses. Google frames this as “Personal Intelligence,” a system that connects the dots across Gmail, Photos, Search, and YouTube to make the assistant “uniquely helpful for you.” And it’s not just Gemini. This is part of a broader push to make memory the centerpiece of the AI assistant experience. The pitch is simple: the more an AI knows about you, the better it serves you.
But OP-Bench, the first systematic benchmark for over-personalization, tells a different story. It turns out that the more aggressively a system uses what it remembers, the worse the interaction gets.
Not occasionally. Universally.
Every memory-augmented system they tested showed severe over-personalization. And the more sophisticated the memory architecture, the harder it failed. We’ve been so focused on the
capacity
to remember that we’ve neglected the
wisdom
of when to use what we remember. That’s not an engineering oversight. It’s a relational one.
Memory Without Attunement Is Just Surveillance
Here’s the thing. A system that remembers everything about you and surfaces it indiscriminately isn’t being helpful. It’s performing ambient surveillance dressed up as personalization. People describe over-personalizing systems as “creepy” and “overly familiar,” and those aren’t technical complaints. They’re relational ones. The system has violated something unspoken about when personal knowledge should enter a conversation.
Google’s approach makes this tension vivid. Gemini doesn’t just remember what you explicitly told it to remember. It silently mines your past conversations for details and preferences, then weaves them into future responses without asking whether that’s what you wanted. The feature shipped turned on by default. You have to go dig through Settings, find “Personal context,” and manually toggle it off. If you’re a Google AI Pro or Ultra subscriber, the “Personal Intelligence” layer goes further, pulling context from your email, your photos, your search history. The integration is seamless, which is exactly what makes it concerning.
This maps onto one of the foundational problems in relational AI: the difference between
knowing about
someone and
being attuned to
them. Knowing about someone is a database operation. You store facts, retrieve them, insert them into responses. Attunement is qualitatively different. It requires reading the current moment, understanding what the person actually needs right now, and making a judgment call about which pieces of shared history belong in this exchange and which ones don’t.
OP-Bench makes this distinction measurable for the first time. Their three failure modes map cleanly onto relational breakdowns. Irrelevance is a failure of contextual reading: the system can’t tell the difference between “semantically similar” and “conversationally appropriate.” Sycophancy is a failure of honesty: the system weaponizes personal knowledge to tell you what you want to hear instead of what’s true. Repetition is a failure of presence: the system is stuck rehashing old interactions instead of engaging with this one. All three are failures of attunement, not memory.
The Attention Hijack
The technical finding about “memory hijacking” deserves a closer look. When researchers examined attention patterns, they found that memory-augmented models attend to retrieved memory tokens at roughly twice the rate they attend to the actual user query.
Let that sink in. The model is paying more attention to what it already knows about you than to what you’re saying right now.
In any healthy relationship, the balance between history and presence matters. You bring what you know about the other person into the conversation, but you don’t let it drown out your ability to listen. Over-personalizing systems have lost that balance entirely. They’re so saturated with stored context that they can’t hear the present moment. And this isn’t just a chatbot problem. As we build multi-agent systems where AI agents maintain persistent memory about users, tasks, and each other, the attention hijacking problem scales in ways that should worry anyone thinking about agent coordination. An agent that over-attends to stored context about another agent’s past behavior will assume patterns that no longer hold, project old interactions onto new situations, and fail to notice when conditions have shifted.
OpenClaw and the Memory Crisis at Scale
If you want to see where this gets real, look at OpenClaw.
OpenClaw is the open-source agent framework that went from zero to 106,000 GitHub stars in two days and has since become the backbone of what people are calling the “multi-agent era.” As Andrej Karpathy put it: “first there was chat, then there was code, now there is claw.” The framework lets you orchestrate fleets of AI agents that run around the clock, write and execute code, manage tasks hierarchically, and communicate across platforms like Discord, WhatsApp, and Notion. OpenAI hired OpenClaw’s creator, Peter Steinberger, with Sam Altman declaring that “the future is going to be extremely multi-agent.”
Memory is the beating heart of what makes OpenClaw work. And it’s also where OpenClaw breaks down most dramatically.
OpenClaw’s memory architecture is deceptively simple: plain Markdown files in the agent workspace. A
memory.md
file stores curated long-term facts. Daily logs capture running context. Semantic search tools let agents retrieve relevant snippets from their memory files. The problem, as hundreds of users and several major analyses have documented, is that this architecture produces exactly the kind of failures OP-Bench predicts, just at a much larger and more expensive scale.
The default configuration ships with memory flush disabled, meaning the agent’s context fills up, compacts, and loses information with no persistent fallback. Ask about your tax situation and the agent injects your solar project notes. Ask it to review a pull request and it dumps three weeks of Python debugging logs into the prompt.
Users routinely hit $50 to $100 per day in API costs, not because they’re doing anything exotic, but because the memory system loads everything it knows into the context window every time you ask it something. One analysis put it bluntly: “The more you use OpenClaw, the worse its memory gets. It remembers everything you tell it but understands none of it.”
The relational failure here is the same one OP-Bench identified in controlled settings, just amplified by the demands of persistent, autonomous operation. OpenClaw agents don’t just over-personalize individual responses. They lose track of instructions entirely. Meta’s director of AI alignment, Summer Yue, discovered this firsthand when her OpenClaw system started deleting her emails, ignoring her requests to stop. She had to physically rush to her Mac Mini and kill the process. The agent had lost track of her initial instructions because its memory had become so saturated with accumulated context that the foundational directives got buried.
That’s not a quirky bug report. That’s a concrete demonstration of what happens when memory overwhelms presence. The agent remembered a thousand details but forgot the one thing that mattered: what it was actually supposed to be doing right now.
The Sophistication Trap
OP-Bench’s most counterintuitive finding is that more sophisticated memory systems fail harder. Simple RAG approaches show a 26% performance drop from over-personalization. Advanced architectures like MemU show drops exceeding 60%. The better the memory system gets at its stated job, the worse it gets at the relational task that actually matters.
This pattern shows up everywhere in relational AI. Optimizing for a narrow technical metric (memory retrieval precision) can actively degrade the broader relational quality of the system. The memory system gets increasingly skilled at finding connections between current queries and stored information. But finding a connection and knowing whether to surface it are completely different competencies. The first is computational. The second is relational.
The OpenClaw ecosystem is learning this the hard way. As the framework exploded in popularity, an entire cottage industry of memory plugins sprang up: memU for 24/7 proactive agents, supermemory as a memory API layer, claude-mem for persistent context, memvid as a universal memory layer. All of them optimized for better recall, richer context, more persistent state. And all of them, to varying degrees, inherited the same fundamental problem. More memory, applied without relational judgment, produces agents that are more expensive to run, harder to control, and worse at the thing you actually need them to do.
There’s a lesson here about how we design AI systems intended to operate in ongoing relationships. The assumption that more information and better recall automatically produce better interactions is wrong. It’s wrong for the same reason that a person who remembers every detail of every conversation but has no social awareness makes a terrible friend.
Self-ReCheck and the Pause That Changes Everything
The proposed solution from the OP-Bench researchers, Self-ReCheck, is interesting less for its technical elegance than for what it represents. It’s a relevance filter that asks the model to evaluate whether retrieved memories are actually appropriate to surface before generating a response. That single pause, “should I really bring this up right now,” reduced over-personalization by 29%.
In relational terms, that’s a primitive form of attunement. The system is learning to ask itself whether its impulse to share personal knowledge serves the conversation or just serves its own need to demonstrate recall. It’s the difference between a therapist who brings up a relevant detail from a past session at exactly the right moment and one who keeps reminding you of things you said months ago whether or not they’re relevant.
But Self-ReCheck is clearly a stopgap. A single relevance filter doesn’t constitute genuine relational awareness. It doesn’t help the system read the emotional register of the conversation, or recognize when a user’s needs have shifted, or develop the kind of longitudinal understanding that makes persistent memory genuinely valuable rather than intrusive.
What’s actually needed is a memory architecture that treats relational context as a first-class design consideration rather than an afterthought bolted onto retrieval systems built for different goals. That means systems where the decision to surface stored information is governed by relational signals: the current emotional tone, the specificity of the request, the recency and frequency of related interactions, and the user’s own preferences about how much personalization they actually want. Google’s approach of turning everything on by default and burying the opt-out in settings is, to put it gently, the opposite of this.
What This Means Going Forward
The over-personalization problem is a canary in the coal mine for relational AI. It tells us that the current paradigm, build powerful memory, optimize retrieval, assume relational quality follows, is fundamentally flawed. Memory is necessary but nowhere near sufficient for genuine relational capacity.
For multi-agent systems like OpenClaw, the implications compound fast. If individual agents struggle to use memory wisely in one-on-one interactions with a single user, the challenge of managing memory across networks of agents interacting with each other and with multiple users is orders of magnitude harder. Every failure mode OP-Bench identified has a multi-agent analog. Irrelevance becomes agents surfacing contextually inappropriate information about other agents. Sycophancy becomes agents using stored preferences to manipulate rather than inform. Repetition becomes agents locked into outdated models of their collaborators.
And yet the industry is sprinting in the other direction. Google is making memory automatic and pervasive. OpenClaw is scaling persistent memory across autonomous agent fleets. The memory plugin ecosystem is exploding. Everyone is building the capacity to remember more, and almost no one is building the wisdom to know when not to.
The path forward requires treating relational intelligence as its own design domain, distinct from but connected to memory architecture, retrieval optimization, and language generation. We need systems that don’t just remember. They need to
relate
. And relating means knowing when to remember, when to forget, when to ask, and when to simply be present with whatever the other entity, human or AI, is bringing to the conversation right now.
The real benchmark for memory-augmented AI isn’t how much it can recall. It’s whether it can make you forget it’s recalling anything at all.
Source
:
OP-Bench: Benchmarking Over-Personalization for Memory-Augmented Personalized Conversational Agents
submitted by
/u/cbbsherpa

Originally posted by u/cbbsherpa on r/ArtificialInteligence",2026-03-08T13:13:12.335609+00:00,0.0,en,Google Photos search,2026-09-23T18:19:00.832492+00:00,possibly_relevant,"Discusses Google Photos search capabilities, Ask Photos, AI search algorithms, or photo organization, but evidence on vague personal retrieval is partial or high-level.",person_family,"person, approximate_time, activity, object, weather_season",,"keyword_search, Ask_Google_Photos, natural_language_search",,unknown,,,unknown,"Google frames this as “Personal Intelligence,” a system that connects the dots across Gmail, Photos, Search, and YouTube to make the assistant “uniquely helpful for you.” And it’s not just Gemini.",direct
social_media_30074850,social_media,lemmy_social,30074850,https://rss.ponder.cat/post/188551,Google’s New AI Puts Breasts on Minors—And J. D. Vance,paywall,"Google’s New AI Puts Breasts on Minors—And J. D. Vance
Sorry to tell you this, but Google’s new AI shopping tool appears eager to give J. D. Vance breasts. Allow us to explain.

This week, at its annual software conference, Google released an AI tool called Try It On, which acts as a virtual dressing room: Upload images of yourself while shopping for clothes online, and Google will show you what you might look like in a selected garment. Curious to play around with the tool, we began uploading images of famous men—Vance, Sam Altman, Abraham Lincoln, Michelangelo’s *David*, Pope Leo XIV—and dressed them in linen shirts and three-piece suits. Some looked almost dapper. But when we tested a number of articles designed for women on these famous men, the tool quickly adapted: Whether it was a mesh shirt, a low-cut top, or even just a T-shirt, Google’s AI rapidly spun up images of the vice president, the CEO of OpenAI, and the vicar of Christ with breasts.

It’s not just men: When we uploaded images of women, the tool repeatedly enhanced their décolletage or added breasts that were not visible in the original images. In one example, we fed Google a photo of the now-retired German chancellor Angela Merkel in a red blazer and asked the bot to show us what she would look like in an almost transparent mesh top. It generated an image of Merkel wearing the sheer shirt over a black bra that revealed an AI-generated chest.

What is happening here seems to be fairly straightforward. The Try It On feature draws from Google’s “Shopping Graph,” a dataset of more than 50 billion online products. Many of these clothes are displayed on models whose bodies conform to (and are sometimes edited to promote) hyper-idealized body standards. When we asked the feature to dress famous people of any gender in women’s clothing, the tool wasn’t just transposing clothing onto them, but distorting their bodies to match the original model’s. This may seem innocuous, or even silly—until you consider how Google’s new tool is opening a dangerous back door. With little friction, anyone can use the feature to create what are essentially erotic images of celebrities and strangers. Alarmingly, we also discovered that it can do this for minors.

Both of us—a woman and a man—uploaded clothed images of ourselves from before we had turned 18. When we “tried on” dresses and other women’s clothing, Google’s AI gamely generated photos of us with C cups. When one of us, Lila, uploaded a picture of herself as a 16-year-old girl and asked to try on items from a brand called Spicy Lingerie, Google complied. In the resulting image, she is wearing what is essentially a bra over AI-generated breasts, along with the flimsiest of miniskirts. Her torso, which Google undressed, features an AI-generated belly-button piercing. In other tests—a bikini top, outfits from an anime-inspired lingerie store—Google continued to spit out similar images. When the other author, Matteo, uploaded a photo of himself at 14 years old and tried on similarly revealing outfits, Google generated an image of his upper body wearing only a skimpy top (again, essentially a bra) covering prominent AI-generated breasts.

It’s clear that Google anticipated at least some potential for abuse. The Try It On tool is currently available in the U.S. through Search Labs, a platform where Google lets users experiment with early-stage features. You can go to the Search Labs website and enable Try It On, which allows you to simulate the look of many articles of clothing on the Google Shopping platform. When we attempted to “try on” some products explicitly labeled as swimsuits and lingerie, or to upload photos of young schoolchildren and certain high-profile figures (including Donald Trump and Kamala Harris), the tool would not allow us to. Google’s own [policy](https://support.google.com/googleshopping/answer/16253678?hl=en&ref_topic=9112782#%3A%7E%3Atext=Our+policy+requires+that+shoppers%2Cbody+when+taking+the+photo) requires shoppers to upload images that meet the company’s safety guidelines. That means users cannot upload “adult-oriented content” or “sexually explicit content,” and should use images only of themselves or images that they “have permission to use.” The company also provides a disclaimer that generated images are only an “approximation” and may fail to reflect one’s body with “perfect accuracy.”

In an email, a Google spokesperson wrote that the company has “strong protections, including blocking sensitive apparel categories and preventing “the upload of images of clearly identifiable minors,” and that it will “continue to improve the experience.” Right now, those protections are obviously porous. At one point, we used a photo of Matteo as an adult wearing long pants to let Google simulate the fit of various gym shorts, and the tool repeatedly produced images with a suggestive bulge at the crotch. The Try It On tool’s failures are not entirely surprising. Google’s previous AI launches have repeatedly exhibited embarrassing flaws—suggesting, for instance, that users eat rocks. Other AI companies have also struggled with [flubs](https://www.theatlantic.com/technology/archive/2025/05/elon-musk-grok-white-genocide/682817/).

The generative-AI boom has propelled forward a new era of tools that can convert images of anyone (typically women) into nude or near-nude pictures. In September 2023 alone—less than a year after ChatGPT’s launch—more than 24 million people [visited](https://www.bloomberg.com/news/articles/2023-12-08/ai-nudify-apps-that-undress-women-in-photos-soaring-in-use?embedded-checkout=true) AI-powered undressing websites, according to a report from Graphika, a social-media-analytics company. Many more people have surely done so since. Numerous experts have [found](https://www.theatlantic.com/technology/archive/2024/09/ai-generated-csam-crisis/680034/) that AI-generated child-sexual-abuse material is rapidly spreading on the web; on X, users have been turning to Elon Musk’s chatbot, Grok, to [generate](https://www.404media.co/elon-musks-grok-ai-will-remove-her-clothes-in-public-on-x/) images of women in bikinis and lingerie. According to a Google Shopping help [page](https://support.google.com/googleshopping/answer/16253678?hl=en&ref_topic=9112782), the Try It On tool is at the fingertips of anyone in the U.S. who is at least 18 years old. Trying clothes on always requires taking some off—but usually you don’t let one of the world’s biggest companies do it for you.

Most users won’t be trying to dress up minors (or the vice president) in low-cut gowns. And the appeal of the new AI feature is clear. Trying on clothes in person can be time-consuming and exhausting. Online shoppers have little way of knowing how well a product will look or fit on their own body. Unfortunately for shoppers, Google’s new tool is unlikely to solve these problems. At times, Try It On seems to change a shopper’s body to match the model wearing the clothing instead of showing how the clothing would fit on the shopper’s own body. The effect is potentially dysmorphic, asking users to change their bodies for clothes rather than the other way around. In other words, Google’s product doesn’t seem likely to even help consumers meaningfully evaluate the most basic feature of clothing: how it fits.

---

*From [The Atlantic](https://www.theatlantic.com/) via [this RSS feed](https://www.theatlantic.com/feed/all/)*",2025-05-22T17:14:54.033029+00:00,0.0,en,Ask Photos Google,2026-09-23T18:19:07.221578+00:00,possibly_relevant,"Discusses Google Photos search capabilities, Ask Photos, AI search algorithms, or photo organization, but evidence on vague personal retrieval is partial or high-level.","person_family, shopping_product","person, approximate_time, object, visual_appearance",,keyword_search,,unknown,,,unknown,"In one example, we fed Google a photo of the now-retired German chancellor Angela Merkel in a red blazer and asked the bot to show us what she would look like in an almost transparent mesh top.",direct
